Date,Product_ID,Size,Store_ID,Season,Customer_Demographics,Region,Units_Sold,Return_Status,Year,Month
2023-01-01 00:00:00.000000000,P007,M,S10,Winter,Teen,West,70,No,2023,1
2023-01-01 02:11:24.657054754,P020,M,S10,Winter,Young Adult,West,68,No,2023,1
2023-01-01 04:22:49.314109509,P029,L,S05,Spring,Young Adult,North,57,No,2023,1
2023-01-01 06:34:13.971164263,P015,L,S10,Autumn,Adult,West,62,No,2023,1
2023-01-01 08:45:38.628219018,P011,L,S06,Summer,Teen,North,55,No,2023,1
2023-01-01 10:57:03.285273772,P008,M,S04,Winter,Senior,North,56,No,2023,1
2023-01-01 13:08:27.942328527,P029,L,S03,Spring,Young Adult,South,62,No,2023,1
2023-01-01 15:19:52.599383281,P021,S,S05,Winter,Senior,North,44,No,2023,1
2023-01-01 17:31:17.256438036,P007,M,S07,Spring,Young Adult,East,63,No,2023,1
2023-01-01 19:42:41.913492791,P026,L,S11,Summer,Adult,West,62,No,2023,1
2023-01-01 21:54:06.570547545,P019,L,S06,Autumn,Senior,North,55,No,2023,1
2023-01-02 00:05:31.227602300,P023,XXL,S02,Summer,Young Adult,South,42,No,2023,1
2023-01-02 02:16:55.884657054,P011,M,S01,Winter,Senior,South,66,No,2023,1
2023-01-02 04:28:20.541711809,P011,M,S05,Winter,Adult,North,72,No,2023,1
2023-01-02 06:39:45.198766563,P024,M,S05,Winter,Teen,North,72,No,2023,1
2023-01-02 08:51:09.855821318,P021,M,S12,Autumn,Teen,West,54,No,2023,1
2023-01-02 11:02:34.512876073,P004,XL,S12,Summer,Senior,West,44,No,2023,1
2023-01-02 13:13:59.169930827,P008,L,S06,Spring,Senior,North,58,No,2023,1
2023-01-02 15:25:23.826985582,P024,XL,S03,Summer,Senior,South,43,No,2023,1
2023-01-02 17:36:48.484040336,P003,M,S01,Summer,Young Adult,South,75,No,2023,1
2023-01-02 19:48:13.141095091,P022,XL,S04,Autumn,Adult,North,48,No,2023,1
2023-01-02 21:59:37.798149845,P021,S,S04,Summer,Senior,North,39,No,2023,1
2023-01-03 00:11:02.455204600,P002,XL,S10,Winter,Teen,West,48,No,2023,1
2023-01-03 02:22:27.112259354,P024,M,S02,Autumn,Young Adult,South,63,No,2023,1
2023-01-03 04:33:51.769314109,P012,M,S08,Winter,Senior,East,70,No,2023,1
2023-01-03 06:45:16.426368864,P030,L,S06,Winter,Young Adult,North,72,No,2023,1
2023-01-03 08:56:41.083423618,P006,XL,S12,Summer,Senior,West,55,No,2023,1
2023-01-03 11:08:05.740478373,P002,S,S03,Spring,Senior,South,49,No,2023,1
2023-01-03 13:19:30.397533127,P028,M,S01,Summer,Young Adult,South,66,No,2023,1
2023-01-03 15:30:55.054587882,P021,XL,S12,Spring,Adult,West,49,No,2023,1
2023-01-03 17:42:19.711642636,P001,M,S11,Autumn,Adult,West,73,Yes,2023,1
2023-01-03 19:53:44.368697391,P012,M,S03,Autumn,Teen,South,66,No,2023,1
2023-01-03 22:05:09.025752146,P026,M,S08,Autumn,Adult,East,62,No,2023,1
2023-01-04 00:16:33.682806900,P022,M,S04,Winter,Adult,North,68,No,2023,1
2023-01-04 02:27:58.339861655,P029,XL,S03,Winter,Young Adult,South,58,No,2023,1
2023-01-04 04:39:22.996916409,P012,L,S11,Autumn,Young Adult,West,66,No,2023,1
2023-01-04 06:50:47.653971164,P025,L,S04,Summer,Teen,North,61,No,2023,1
2023-01-04 09:02:12.311025918,P017,XXL,S11,Winter,Senior,West,45,No,2023,1
2023-01-04 11:13:36.968080673,P027,M,S04,Winter,Young Adult,North,76,No,2023,1
2023-01-04 13:25:01.625135427,P027,S,S02,Summer,Young Adult,South,58,No,2023,1
2023-01-04 15:36:26.282190182,P010,M,S04,Winter,Young Adult,North,69,No,2023,1
2023-01-04 17:47:50.939244937,P028,M,S11,Summer,Adult,West,65,No,2023,1
2023-01-04 19:59:15.596299691,P028,M,S12,Spring,Young Adult,West,63,No,2023,1
2023-01-04 22:10:40.253354446,P016,XL,S09,Summer,Teen,East,52,No,2023,1
2023-01-05 00:22:04.910409200,P015,L,S04,Spring,Teen,North,45,No,2023,1
2023-01-05 02:33:29.567463955,P030,M,S12,Winter,Young Adult,West,77,No,2023,1
2023-01-05 04:44:54.224518709,P030,L,S01,Spring,Senior,South,50,No,2023,1
2023-01-05 06:56:18.881573464,P015,L,S01,Summer,Young Adult,South,56,No,2023,1
2023-01-05 09:07:43.538628219,P030,XL,S01,Spring,Teen,South,48,Yes,2023,1
2023-01-05 11:19:08.195682973,P019,XL,S05,Autumn,Senior,North,47,No,2023,1
2023-01-05 13:30:32.852737728,P012,L,S06,Summer,Adult,North,56,No,2023,1
2023-01-05 15:41:57.509792482,P023,L,S12,Summer,Young Adult,West,61,No,2023,1
2023-01-05 17:53:22.166847237,P020,L,S06,Spring,Teen,North,58,No,2023,1
2023-01-05 20:04:46.823901991,P025,L,S06,Winter,Adult,North,64,No,2023,1
2023-01-05 22:16:11.480956746,P003,S,S09,Winter,Teen,East,37,No,2023,1
2023-01-06 00:27:36.138011500,P005,S,S01,Summer,Adult,South,46,No,2023,1
2023-01-06 02:39:00.795066255,P019,L,S10,Summer,Teen,West,60,No,2023,1
2023-01-06 04:50:25.452121010,P007,M,S06,Spring,Teen,North,65,No,2023,1
2023-01-06 07:01:50.109175764,P021,S,S08,Summer,Adult,East,48,No,2023,1
2023-01-06 09:13:14.766230519,P009,L,S08,Summer,Young Adult,East,58,No,2023,1
2023-01-06 11:24:39.423285273,P007,S,S12,Winter,Teen,West,47,No,2023,1
2023-01-06 13:36:04.080340028,P018,L,S03,Summer,Senior,South,55,No,2023,1
2023-01-06 15:47:28.737394782,P004,L,S05,Spring,Young Adult,North,66,No,2023,1
2023-01-06 17:58:53.394449537,P025,XXL,S10,Summer,Senior,West,29,No,2023,1
2023-01-06 20:10:18.051504292,P028,M,S04,Summer,Teen,North,60,No,2023,1
2023-01-06 22:21:42.708559046,P014,S,S12,Summer,Adult,West,55,No,2023,1
2023-01-07 00:33:07.365613801,P018,L,S01,Autumn,Young Adult,South,59,No,2023,1
2023-01-07 02:44:32.022668555,P026,XL,S09,Summer,Adult,East,41,No,2023,1
2023-01-07 04:55:56.679723310,P009,XXL,S05,Spring,Adult,North,36,No,2023,1
2023-01-07 07:07:21.336778064,P026,M,S02,Winter,Senior,South,70,No,2023,1
2023-01-07 09:18:45.993832819,P021,M,S12,Winter,Senior,West,69,No,2023,1
2023-01-07 11:30:10.650887573,P002,XL,S02,Autumn,Young Adult,South,61,No,2023,1
2023-01-07 13:41:35.307942328,P020,M,S11,Spring,Young Adult,West,70,No,2023,1
2023-01-07 15:52:59.964997083,P028,L,S07,Winter,Young Adult,East,58,No,2023,1
2023-01-07 18:04:24.622051837,P015,M,S04,Winter,Senior,North,65,No,2023,1
2023-01-07 20:15:49.279106592,P028,S,S01,Summer,Senior,South,46,No,2023,1
2023-01-07 22:27:13.936161346,P007,M,S05,Summer,Adult,North,75,No,2023,1
2023-01-08 00:38:38.593216101,P012,M,S02,Summer,Adult,South,69,No,2023,1
2023-01-08 02:50:03.250270855,P029,L,S07,Autumn,Adult,East,59,No,2023,1
2023-01-08 05:01:27.907325610,P008,XL,S09,Summer,Young Adult,East,48,No,2023,1
2023-01-08 07:12:52.564380365,P015,M,S01,Spring,Teen,South,62,No,2023,1
2023-01-08 09:24:17.221435119,P003,XL,S12,Autumn,Senior,West,37,Yes,2023,1
2023-01-08 11:35:41.878489874,P014,S,S02,Winter,Young Adult,South,62,No,2023,1
2023-01-08 13:47:06.535544628,P017,L,S11,Winter,Senior,West,72,No,2023,1
2023-01-08 15:58:31.192599383,P004,S,S06,Spring,Teen,North,39,No,2023,1
2023-01-08 18:09:55.849654137,P018,XL,S08,Spring,Senior,East,36,No,2023,1
2023-01-08 20:21:20.506708892,P008,L,S07,Winter,Senior,East,55,No,2023,1
2023-01-08 22:32:45.163763647,P004,L,S09,Spring,Senior,East,49,No,2023,1
2023-01-09 00:44:09.820818401,P002,XL,S02,Spring,Adult,South,54,No,2023,1
2023-01-09 02:55:34.477873156,P030,L,S12,Spring,Teen,West,55,No,2023,1
2023-01-09 05:06:59.134927910,P006,XXL,S09,Summer,Young Adult,East,38,No,2023,1
2023-01-09 07:18:23.791982665,P022,L,S04,Winter,Young Adult,North,70,No,2023,1
2023-01-09 09:29:48.449037419,P010,XL,S11,Spring,Young Adult,West,63,No,2023,1
2023-01-09 11:41:13.106092174,P004,L,S03,Spring,Teen,South,65,No,2023,1
2023-01-09 13:52:37.763146928,P022,S,S07,Summer,Senior,East,42,No,2023,1
2023-01-09 16:04:02.420201683,P029,L,S05,Winter,Young Adult,North,74,No,2023,1
2023-01-09 18:15:27.077256438,P018,S,S05,Autumn,Teen,North,43,No,2023,1
2023-01-09 20:26:51.734311192,P026,L,S12,Winter,Adult,West,61,No,2023,1
2023-01-09 22:38:16.391365947,P012,M,S02,Winter,Teen,South,65,No,2023,1
2023-01-10 00:49:41.048420701,P002,L,S06,Winter,Adult,North,59,Yes,2023,1
2023-01-10 03:01:05.705475456,P010,S,S06,Summer,Teen,North,49,No,2023,1
2023-01-10 05:12:30.362530210,P030,M,S12,Winter,Adult,West,76,No,2023,1
2023-01-10 07:23:55.019584965,P004,M,S04,Autumn,Young Adult,North,69,No,2023,1
2023-01-10 09:35:19.676639720,P014,XXL,S05,Spring,Teen,North,34,No,2023,1
2023-01-10 11:46:44.333694474,P016,M,S07,Winter,Adult,East,61,No,2023,1
2023-01-10 13:58:08.990749229,P015,M,S08,Summer,Senior,East,64,No,2023,1
2023-01-10 16:09:33.647803983,P008,L,S06,Winter,Young Adult,North,64,No,2023,1
2023-01-10 18:20:58.304858738,P014,L,S05,Winter,Young Adult,North,64,No,2023,1
2023-01-10 20:32:22.961913492,P023,M,S12,Autumn,Adult,West,66,No,2023,1
2023-01-10 22:43:47.618968247,P028,M,S03,Autumn,Adult,South,67,No,2023,1
2023-01-11 00:55:12.276023001,P025,M,S07,Summer,Teen,East,66,No,2023,1
2023-01-11 03:06:36.933077756,P030,XXL,S08,Summer,Adult,East,42,No,2023,1
2023-01-11 05:18:01.590132511,P008,S,S03,Summer,Adult,South,54,No,2023,1
2023-01-11 07:29:26.247187265,P021,M,S05,Summer,Senior,North,54,No,2023,1
2023-01-11 09:40:50.904242020,P016,S,S11,Summer,Young Adult,West,58,No,2023,1
2023-01-11 11:52:15.561296774,P013,M,S02,Spring,Adult,South,72,No,2023,1
2023-01-11 14:03:40.218351529,P018,L,S10,Spring,Adult,West,62,No,2023,1
2023-01-11 16:15:04.875406283,P015,M,S10,Summer,Senior,West,56,No,2023,1
2023-01-11 18:26:29.532461038,P021,S,S12,Summer,Adult,West,39,No,2023,1
2023-01-11 20:37:54.189515793,P024,M,S04,Spring,Senior,North,63,No,2023,1
2023-01-11 22:49:18.846570547,P026,S,S12,Autumn,Young Adult,West,47,No,2023,1
2023-01-12 01:00:43.503625302,P025,S,S04,Spring,Young Adult,North,49,No,2023,1
2023-01-12 03:12:08.160680056,P028,XL,S12,Summer,Senior,West,49,No,2023,1
2023-01-12 05:23:32.817734811,P028,L,S08,Autumn,Senior,East,48,No,2023,1
2023-01-12 07:34:57.474789565,P028,XL,S03,Summer,Young Adult,South,54,No,2023,1
2023-01-12 09:46:22.131844320,P013,XL,S05,Winter,Young Adult,North,60,No,2023,1
2023-01-12 11:57:46.788899074,P009,L,S11,Autumn,Senior,West,60,No,2023,1
2023-01-12 14:09:11.445953829,P029,S,S05,Summer,Teen,North,54,No,2023,1
2023-01-12 16:20:36.103008584,P015,L,S02,Spring,Young Adult,South,54,No,2023,1
2023-01-12 18:32:00.760063338,P013,XL,S09,Summer,Young Adult,East,50,No,2023,1
2023-01-12 20:43:25.417118093,P001,L,S04,Spring,Senior,North,53,No,2023,1
2023-01-12 22:54:50.074172847,P025,L,S09,Autumn,Senior,East,44,No,2023,1
2023-01-13 01:06:14.731227602,P007,M,S09,Spring,Senior,East,67,No,2023,1
2023-01-13 03:17:39.388282356,P009,XL,S02,Autumn,Teen,South,47,No,2023,1
2023-01-13 05:29:04.045337111,P024,L,S09,Summer,Senior,East,58,No,2023,1
2023-01-13 07:40:28.702391866,P001,XXL,S09,Spring,Teen,East,39,No,2023,1
2023-01-13 09:51:53.359446620,P012,M,S02,Autumn,Senior,South,63,No,2023,1
2023-01-13 12:03:18.016501375,P008,M,S11,Autumn,Senior,West,58,No,2023,1
2023-01-13 14:14:42.673556129,P024,M,S06,Autumn,Teen,North,52,No,2023,1
2023-01-13 16:26:07.330610884,P011,L,S09,Winter,Adult,East,66,Yes,2023,1
2023-01-13 18:37:31.987665638,P019,M,S04,Autumn,Young Adult,North,61,No,2023,1
2023-01-13 20:48:56.644720393,P017,S,S02,Summer,Senior,South,49,No,2023,1
2023-01-13 23:00:21.301775147,P008,XXL,S07,Summer,Adult,East,31,No,2023,1
2023-01-14 01:11:45.958829902,P003,S,S09,Summer,Teen,East,46,No,2023,1
2023-01-14 03:23:10.615884657,P003,XL,S06,Autumn,Senior,North,46,No,2023,1
2023-01-14 05:34:35.272939411,P001,M,S11,Summer,Teen,West,75,No,2023,1
2023-01-14 07:45:59.929994166,P027,XL,S11,Autumn,Teen,West,53,No,2023,1
2023-01-14 09:57:24.587048920,P005,L,S04,Autumn,Teen,North,49,No,2023,1
2023-01-14 12:08:49.244103675,P010,XL,S01,Autumn,Adult,South,51,No,2023,1
2023-01-14 14:20:13.901158429,P007,XL,S04,Winter,Teen,North,58,No,2023,1
2023-01-14 16:31:38.558213184,P026,S,S03,Spring,Young Adult,South,48,No,2023,1
2023-01-14 18:43:03.215267939,P009,S,S07,Summer,Senior,East,38,No,2023,1
2023-01-14 20:54:27.872322693,P028,M,S11,Winter,Senior,West,71,No,2023,1
2023-01-14 23:05:52.529377448,P007,L,S11,Summer,Young Adult,West,65,No,2023,1
2023-01-15 01:17:17.186432202,P009,XL,S10,Winter,Senior,West,54,No,2023,1
2023-01-15 03:28:41.843486957,P008,M,S05,Spring,Young Adult,North,57,No,2023,1
2023-01-15 05:40:06.500541711,P012,L,S12,Spring,Adult,West,56,No,2023,1
2023-01-15 07:51:31.157596466,P002,M,S03,Spring,Teen,South,69,No,2023,1
2023-01-15 10:02:55.814651221,P001,XL,S02,Spring,Adult,South,55,Yes,2023,1
2023-01-15 12:14:20.471705975,P016,XXL,S02,Autumn,Young Adult,South,39,No,2023,1
2023-01-15 14:25:45.128760730,P023,M,S05,Summer,Teen,North,63,No,2023,1
2023-01-15 16:37:09.785815484,P023,M,S08,Summer,Adult,East,61,No,2023,1
2023-01-15 18:48:34.442870239,P030,S,S08,Summer,Teen,East,49,No,2023,1
2023-01-15 20:59:59.099924993,P024,L,S12,Autumn,Teen,West,54,No,2023,1
2023-01-15 23:11:23.756979748,P005,L,S05,Summer,Adult,North,55,No,2023,1
2023-01-16 01:22:48.414034502,P003,S,S02,Spring,Senior,South,44,No,2023,1
2023-01-16 03:34:13.071089257,P012,M,S04,Summer,Young Adult,North,68,No,2023,1
2023-01-16 05:45:37.728144012,P008,M,S07,Summer,Adult,East,57,No,2023,1
2023-01-16 07:57:02.385198766,P022,L,S06,Winter,Adult,North,60,No,2023,1
2023-01-16 10:08:27.042253521,P027,L,S10,Autumn,Senior,West,51,No,2023,1
2023-01-16 12:19:51.699308275,P003,S,S07,Spring,Young Adult,East,50,No,2023,1
2023-01-16 14:31:16.356363030,P001,L,S05,Spring,Adult,North,56,No,2023,1
2023-01-16 16:42:41.013417784,P003,L,S02,Spring,Teen,South,58,No,2023,1
2023-01-16 18:54:05.670472539,P005,M,S08,Summer,Young Adult,East,61,No,2023,1
2023-01-16 21:05:30.327527294,P015,S,S12,Spring,Senior,West,33,No,2023,1
2023-01-16 23:16:54.984582048,P014,L,S02,Spring,Adult,South,55,No,2023,1
2023-01-17 01:28:19.641636803,P003,XXL,S12,Winter,Teen,West,45,No,2023,1
2023-01-17 03:39:44.298691557,P001,M,S08,Summer,Young Adult,East,72,No,2023,1
2023-01-17 05:51:08.955746312,P005,M,S07,Winter,Adult,East,64,No,2023,1
2023-01-17 08:02:33.612801066,P026,M,S03,Autumn,Young Adult,South,62,No,2023,1
2023-01-17 10:13:58.269855821,P023,L,S04,Summer,Teen,North,48,No,2023,1
2023-01-17 12:25:22.926910575,P014,M,S07,Winter,Teen,East,59,No,2023,1
2023-01-17 14:36:47.583965330,P007,M,S04,Autumn,Young Adult,North,64,No,2023,1
2023-01-17 16:48:12.241020085,P027,L,S09,Winter,Teen,East,67,No,2023,1
2023-01-17 18:59:36.898074839,P009,L,S07,Autumn,Teen,East,55,No,2023,1
2023-01-17 21:11:01.555129594,P015,M,S01,Spring,Young Adult,South,73,No,2023,1
2023-01-17 23:22:26.212184348,P015,M,S01,Spring,Young Adult,South,69,No,2023,1
2023-01-18 01:33:50.869239103,P026,L,S04,Summer,Senior,North,47,No,2023,1
2023-01-18 03:45:15.526293857,P010,S,S09,Winter,Adult,East,59,Yes,2023,1
2023-01-18 05:56:40.183348612,P028,S,S04,Winter,Senior,North,47,No,2023,1
2023-01-18 08:08:04.840403367,P013,XL,S05,Autumn,Senior,North,36,No,2023,1
2023-01-18 10:19:29.497458121,P019,S,S01,Summer,Senior,South,37,No,2023,1
2023-01-18 12:30:54.154512876,P007,L,S02,Spring,Senior,South,63,No,2023,1
2023-01-18 14:42:18.811567630,P017,XL,S11,Winter,Adult,West,61,No,2023,1
2023-01-18 16:53:43.468622385,P020,M,S04,Autumn,Young Adult,North,56,No,2023,1
2023-01-18 19:05:08.125677139,P029,M,S12,Spring,Teen,West,69,No,2023,1
2023-01-18 21:16:32.782731894,P004,L,S04,Spring,Teen,North,54,No,2023,1
2023-01-18 23:27:57.439786648,P030,XL,S11,Spring,Young Adult,West,59,No,2023,1
2023-01-19 01:39:22.096841403,P005,XL,S10,Autumn,Young Adult,West,42,No,2023,1
2023-01-19 03:50:46.753896158,P023,L,S06,Autumn,Young Adult,North,47,No,2023,1
2023-01-19 06:02:11.410950912,P007,S,S06,Spring,Teen,North,37,No,2023,1
2023-01-19 08:13:36.068005667,P013,L,S08,Autumn,Senior,East,43,No,2023,1
2023-01-19 10:25:00.725060421,P015,M,S12,Spring,Senior,West,63,No,2023,1
2023-01-19 12:36:25.382115176,P011,M,S09,Spring,Senior,East,61,No,2023,1
2023-01-19 14:47:50.039169930,P029,S,S01,Spring,Adult,South,51,No,2023,1
2023-01-19 16:59:14.696224685,P004,M,S01,Autumn,Senior,South,65,No,2023,1
2023-01-19 19:10:39.353279440,P013,L,S06,Summer,Adult,North,60,No,2023,1
2023-01-19 21:22:04.010334194,P007,M,S04,Summer,Teen,North,74,No,2023,1
2023-01-19 23:33:28.667388949,P027,M,S11,Autumn,Adult,West,70,Yes,2023,1
2023-01-20 01:44:53.324443703,P019,M,S04,Winter,Young Adult,North,64,No,2023,1
2023-01-20 03:56:17.981498458,P022,XL,S01,Autumn,Young Adult,South,50,No,2023,1
2023-01-20 06:07:42.638553212,P028,L,S09,Winter,Teen,East,64,No,2023,1
2023-01-20 08:19:07.295607967,P002,M,S12,Spring,Senior,West,71,No,2023,1
2023-01-20 10:30:31.952662721,P010,S,S11,Winter,Teen,West,54,No,2023,1
2023-01-20 12:41:56.609717476,P013,M,S03,Spring,Young Adult,South,66,No,2023,1
2023-01-20 14:53:21.266772231,P030,XL,S05,Summer,Senior,North,52,No,2023,1
2023-01-20 17:04:45.923826985,P025,L,S10,Spring,Young Adult,West,56,No,2023,1
2023-01-20 19:16:10.580881740,P021,L,S01,Winter,Teen,South,60,No,2023,1
2023-01-20 21:27:35.237936494,P006,L,S08,Summer,Senior,East,50,No,2023,1
2023-01-20 23:38:59.894991249,P028,M,S03,Summer,Teen,South,62,No,2023,1
2023-01-21 01:50:24.552046003,P028,XL,S01,Autumn,Young Adult,South,54,No,2023,1
2023-01-21 04:01:49.209100758,P012,L,S10,Winter,Senior,West,59,No,2023,1
2023-01-21 06:13:13.866155513,P012,S,S06,Winter,Young Adult,North,44,No,2023,1
2023-01-21 08:24:38.523210267,P020,S,S01,Autumn,Senior,South,41,No,2023,1
2023-01-21 10:36:03.180265022,P030,L,S03,Autumn,Adult,South,66,No,2023,1
2023-01-21 12:47:27.837319776,P030,XL,S05,Summer,Adult,North,46,No,2023,1
2023-01-21 14:58:52.494374531,P011,M,S04,Autumn,Young Adult,North,69,No,2023,1
2023-01-21 17:10:17.151429285,P026,XL,S07,Summer,Teen,East,49,No,2023,1
2023-01-21 19:21:41.808484040,P023,L,S06,Winter,Adult,North,65,No,2023,1
2023-01-21 21:33:06.465538794,P028,M,S12,Autumn,Adult,West,61,No,2023,1
2023-01-21 23:44:31.122593549,P025,S,S03,Winter,Senior,South,50,No,2023,1
2023-01-22 01:55:55.779648304,P007,S,S11,Summer,Senior,West,55,No,2023,1
2023-01-22 04:07:20.436703058,P030,L,S08,Spring,Senior,East,49,No,2023,1
2023-01-22 06:18:45.093757813,P001,M,S08,Spring,Young Adult,East,69,Yes,2023,1
2023-01-22 08:30:09.750812567,P001,M,S02,Winter,Teen,South,74,No,2023,1
2023-01-22 10:41:34.407867322,P025,L,S07,Summer,Teen,East,56,No,2023,1
2023-01-22 12:52:59.064922076,P027,L,S01,Summer,Senior,South,66,No,2023,1
2023-01-22 15:04:23.721976831,P030,S,S02,Spring,Young Adult,South,52,No,2023,1
2023-01-22 17:15:48.379031586,P025,M,S08,Summer,Senior,East,62,No,2023,1
2023-01-22 19:27:13.036086340,P020,M,S12,Summer,Teen,West,68,No,2023,1
2023-01-22 21:38:37.693141095,P013,L,S01,Winter,Young Adult,South,73,No,2023,1
2023-01-22 23:50:02.350195849,P009,XL,S02,Spring,Senior,South,53,No,2023,1
2023-01-23 02:01:27.007250604,P003,M,S12,Summer,Senior,West,69,No,2023,1
2023-01-23 04:12:51.664305358,P007,XL,S01,Winter,Teen,South,56,No,2023,1
2023-01-23 06:24:16.321360113,P006,L,S05,Autumn,Young Adult,North,60,No,2023,1
2023-01-23 08:35:40.978414867,P008,L,S07,Spring,Teen,East,56,No,2023,1
2023-01-23 10:47:05.635469622,P027,L,S06,Winter,Young Adult,North,61,No,2023,1
2023-01-23 12:58:30.292524377,P009,M,S06,Autumn,Young Adult,North,64,No,2023,1
2023-01-23 15:09:54.949579131,P030,S,S06,Summer,Senior,North,49,No,2023,1
2023-01-23 17:21:19.606633886,P005,L,S08,Summer,Teen,East,53,No,2023,1
2023-01-23 19:32:44.263688640,P001,L,S05,Autumn,Young Adult,North,56,No,2023,1
2023-01-23 21:44:08.920743395,P019,L,S10,Winter,Adult,West,64,No,2023,1
2023-01-23 23:55:33.577798149,P010,M,S07,Summer,Senior,East,59,Yes,2023,1
2023-01-24 02:06:58.234852904,P012,XL,S03,Summer,Teen,South,53,No,2023,1
2023-01-24 04:18:22.891907659,P024,L,S09,Winter,Young Adult,East,68,No,2023,1
2023-01-24 06:29:47.548962413,P015,S,S10,Winter,Senior,West,38,No,2023,1
2023-01-24 08:41:12.206017168,P027,M,S03,Autumn,Teen,South,71,No,2023,1
2023-01-24 10:52:36.863071922,P022,L,S06,Summer,Teen,North,57,No,2023,1
2023-01-24 13:04:01.520126677,P024,L,S03,Winter,Senior,South,66,No,2023,1
2023-01-24 15:15:26.177181431,P009,M,S01,Spring,Young Adult,South,73,No,2023,1
2023-01-24 17:26:50.834236186,P020,XL,S01,Autumn,Senior,South,42,No,2023,1
2023-01-24 19:38:15.491290940,P017,M,S03,Autumn,Adult,South,75,Yes,2023,1
2023-01-24 21:49:40.148345695,P030,M,S04,Autumn,Senior,North,59,No,2023,1
2023-01-25 00:01:04.805400450,P017,XL,S02,Autumn,Teen,South,53,No,2023,1
2023-01-25 02:12:29.462455204,P026,XL,S09,Spring,Adult,East,38,No,2023,1
2023-01-25 04:23:54.119509959,P020,L,S11,Autumn,Adult,West,54,No,2023,1
2023-01-25 06:35:18.776564713,P012,XL,S08,Autumn,Young Adult,East,47,No,2023,1
2023-01-25 08:46:43.433619468,P030,S,S12,Winter,Senior,West,48,No,2023,1
2023-01-25 10:58:08.090674222,P007,XL,S03,Summer,Young Adult,South,66,No,2023,1
2023-01-25 13:09:32.747728977,P002,M,S07,Autumn,Senior,East,62,No,2023,1
2023-01-25 15:20:57.404783732,P003,M,S04,Winter,Teen,North,59,Yes,2023,1
2023-01-25 17:32:22.061838486,P017,M,S05,Winter,Young Adult,North,80,No,2023,1
2023-01-25 19:43:46.718893241,P005,M,S04,Summer,Teen,North,66,No,2023,1
2023-01-25 21:55:11.375947995,P017,M,S09,Winter,Teen,East,72,No,2023,1
2023-01-26 00:06:36.033002750,P024,M,S11,Winter,Adult,West,70,No,2023,1
2023-01-26 02:18:00.690057504,P017,S,S07,Autumn,Young Adult,East,45,No,2023,1
2023-01-26 04:29:25.347112259,P027,M,S04,Autumn,Senior,North,69,No,2023,1
2023-01-26 06:40:50.004167013,P017,L,S08,Winter,Young Adult,East,65,No,2023,1
2023-01-26 08:52:14.661221768,P002,M,S02,Spring,Teen,South,67,No,2023,1
2023-01-26 11:03:39.318276523,P002,M,S07,Summer,Adult,East,76,No,2023,1
2023-01-26 13:15:03.975331277,P028,L,S11,Winter,Young Adult,West,64,No,2023,1
2023-01-26 15:26:28.632386032,P022,XL,S01,Winter,Adult,South,60,No,2023,1
2023-01-26 17:37:53.289440786,P023,L,S08,Spring,Adult,East,54,No,2023,1
2023-01-26 19:49:17.946495541,P005,M,S12,Summer,Teen,West,54,No,2023,1
2023-01-26 22:00:42.603550295,P001,L,S06,Winter,Young Adult,North,65,No,2023,1
2023-01-27 00:12:07.260605050,P001,M,S12,Winter,Young Adult,West,78,No,2023,1
2023-01-27 02:23:31.917659805,P019,S,S05,Autumn,Young Adult,North,39,No,2023,1
2023-01-27 04:34:56.574714559,P030,M,S09,Winter,Adult,East,74,No,2023,1
2023-01-27 06:46:21.231769314,P002,XL,S09,Spring,Senior,East,42,No,2023,1
2023-01-27 08:57:45.888824068,P021,M,S03,Winter,Young Adult,South,72,No,2023,1
2023-01-27 11:09:10.545878823,P012,S,S09,Summer,Teen,East,48,No,2023,1
2023-01-27 13:20:35.202933577,P026,S,S09,Summer,Adult,East,43,No,2023,1
2023-01-27 15:31:59.859988332,P006,XL,S02,Spring,Senior,South,39,No,2023,1
2023-01-27 17:43:24.517043087,P023,L,S05,Winter,Young Adult,North,61,No,2023,1
2023-01-27 19:54:49.174097841,P004,M,S11,Winter,Senior,West,69,No,2023,1
2023-01-27 22:06:13.831152596,P023,L,S02,Winter,Adult,South,56,No,2023,1
2023-01-28 00:17:38.488207350,P011,L,S01,Winter,Senior,South,63,No,2023,1
2023-01-28 02:29:03.145262105,P024,L,S07,Winter,Adult,East,54,No,2023,1
2023-01-28 04:40:27.802316859,P027,M,S04,Summer,Senior,North,73,No,2023,1
2023-01-28 06:51:52.459371614,P017,XL,S05,Autumn,Senior,North,43,No,2023,1
2023-01-28 09:03:17.116426369,P006,M,S04,Summer,Adult,North,63,No,2023,1
2023-01-28 11:14:41.773481123,P024,L,S06,Autumn,Senior,North,48,No,2023,1
2023-01-28 13:26:06.430535878,P005,S,S11,Summer,Teen,West,37,No,2023,1
2023-01-28 15:37:31.087590632,P020,M,S02,Spring,Young Adult,South,66,No,2023,1
2023-01-28 17:48:55.744645387,P002,M,S08,Winter,Senior,East,74,No,2023,1
2023-01-28 20:00:20.401700141,P006,L,S04,Autumn,Senior,North,49,No,2023,1
2023-01-28 22:11:45.058754896,P022,S,S08,Summer,Senior,East,37,No,2023,1
2023-01-29 00:23:09.715809650,P011,L,S03,Autumn,Young Adult,South,68,No,2023,1
2023-01-29 02:34:34.372864405,P016,M,S12,Winter,Adult,West,70,No,2023,1
2023-01-29 04:45:59.029919160,P016,L,S12,Spring,Young Adult,West,60,No,2023,1
2023-01-29 06:57:23.686973914,P001,XL,S11,Winter,Senior,West,62,No,2023,1
2023-01-29 09:08:48.344028669,P009,L,S05,Summer,Adult,North,62,No,2023,1
2023-01-29 11:20:13.001083423,P028,L,S12,Summer,Senior,West,54,No,2023,1
2023-01-29 13:31:37.658138178,P027,L,S03,Autumn,Adult,South,69,No,2023,1
2023-01-29 15:43:02.315192932,P006,M,S12,Spring,Senior,West,63,No,2023,1
2023-01-29 17:54:26.972247687,P016,XL,S07,Spring,Senior,East,41,No,2023,1
2023-01-29 20:05:51.629302442,P029,M,S03,Summer,Adult,South,75,No,2023,1
2023-01-29 22:17:16.286357196,P003,L,S12,Autumn,Teen,West,53,No,2023,1
2023-01-30 00:28:40.943411951,P020,L,S08,Winter,Young Adult,East,56,No,2023,1
2023-01-30 02:40:05.600466705,P028,M,S09,Winter,Adult,East,71,No,2023,1
2023-01-30 04:51:30.257521460,P027,M,S12,Summer,Young Adult,West,75,No,2023,1
2023-01-30 07:02:54.914576214,P004,M,S02,Summer,Teen,South,74,No,2023,1
2023-01-30 09:14:19.571630969,P019,XL,S03,Winter,Teen,South,56,No,2023,1
2023-01-30 11:25:44.228685723,P026,XL,S12,Winter,Adult,West,43,No,2023,1
2023-01-30 13:37:08.885740478,P003,L,S07,Winter,Teen,East,50,No,2023,1
2023-01-30 15:48:33.542795233,P019,L,S05,Autumn,Teen,North,46,No,2023,1
2023-01-30 17:59:58.199849987,P020,XL,S10,Spring,Senior,West,43,No,2023,1
2023-01-30 20:11:22.856904742,P007,S,S07,Summer,Senior,East,42,No,2023,1
2023-01-30 22:22:47.513959496,P020,M,S02,Summer,Teen,South,56,No,2023,1
2023-01-31 00:34:12.171014251,P009,L,S04,Autumn,Senior,North,57,Yes,2023,1
2023-01-31 02:45:36.828069005,P001,XL,S01,Winter,Teen,South,54,No,2023,1
2023-01-31 04:57:01.485123760,P008,XL,S05,Autumn,Senior,North,38,No,2023,1
2023-01-31 07:08:26.142178515,P007,M,S08,Winter,Teen,East,64,No,2023,1
2023-01-31 09:19:50.799233269,P018,S,S01,Summer,Teen,South,45,No,2023,1
2023-01-31 11:31:15.456288024,P008,M,S07,Spring,Young Adult,East,65,No,2023,1
2023-01-31 13:42:40.113342778,P001,M,S07,Autumn,Teen,East,58,No,2023,1
2023-01-31 15:54:04.770397533,P011,M,S07,Winter,Young Adult,East,67,No,2023,1
2023-01-31 18:05:29.427452287,P028,L,S01,Summer,Adult,South,61,No,2023,1
2023-01-31 20:16:54.084507042,P025,S,S12,Spring,Teen,West,41,No,2023,1
2023-01-31 22:28:18.741561796,P025,XL,S11,Autumn,Teen,West,47,No,2023,1
2023-02-01 00:39:43.398616551,P018,M,S03,Autumn,Young Adult,South,74,No,2023,2
2023-02-01 02:51:08.055671306,P023,L,S11,Summer,Teen,West,49,No,2023,2
2023-02-01 05:02:32.712726060,P030,S,S02,Autumn,Senior,South,39,No,2023,2
2023-02-01 07:13:57.369780815,P010,M,S05,Summer,Young Adult,North,78,No,2023,2
2023-02-01 09:25:22.026835569,P003,S,S02,Autumn,Young Adult,South,45,No,2023,2
2023-02-01 11:36:46.683890324,P007,XXL,S05,Spring,Senior,North,34,No,2023,2
2023-02-01 13:48:11.340945078,P028,XL,S05,Spring,Teen,North,48,No,2023,2
2023-02-01 15:59:35.997999833,P016,M,S04,Autumn,Adult,North,58,No,2023,2
2023-02-01 18:11:00.655054588,P026,M,S11,Summer,Adult,West,64,No,2023,2
2023-02-01 20:22:25.312109342,P016,XL,S07,Winter,Adult,East,57,No,2023,2
2023-02-01 22:33:49.969164097,P025,M,S10,Autumn,Young Adult,West,59,No,2023,2
2023-02-02 00:45:14.626218851,P020,M,S06,Winter,Young Adult,North,63,No,2023,2
2023-02-02 02:56:39.283273606,P028,L,S02,Summer,Senior,South,54,No,2023,2
2023-02-02 05:08:03.940328360,P017,XL,S04,Winter,Teen,North,50,No,2023,2
2023-02-02 07:19:28.597383115,P002,S,S11,Autumn,Senior,West,47,No,2023,2
2023-02-02 09:30:53.254437869,P001,M,S07,Spring,Young Adult,East,70,No,2023,2
2023-02-02 11:42:17.911492624,P016,XL,S09,Summer,Adult,East,53,No,2023,2
2023-02-02 13:53:42.568547379,P030,M,S09,Spring,Teen,East,64,No,2023,2
2023-02-02 16:05:07.225602133,P012,S,S12,Spring,Adult,West,53,No,2023,2
2023-02-02 18:16:31.882656888,P005,L,S03,Spring,Teen,South,53,No,2023,2
2023-02-02 20:27:56.539711642,P005,XL,S01,Autumn,Adult,South,48,No,2023,2
2023-02-02 22:39:21.196766397,P027,M,S09,Summer,Teen,East,62,No,2023,2
2023-02-03 00:50:45.853821151,P023,XXL,S08,Winter,Adult,East,40,No,2023,2
2023-02-03 03:02:10.510875906,P009,L,S07,Spring,Senior,East,53,No,2023,2
2023-02-03 05:13:35.167930661,P009,S,S06,Winter,Young Adult,North,44,No,2023,2
2023-02-03 07:24:59.824985415,P003,XXL,S10,Summer,Senior,West,39,No,2023,2
2023-02-03 09:36:24.482040170,P019,M,S07,Summer,Adult,East,63,No,2023,2
2023-02-03 11:47:49.139094924,P016,M,S11,Winter,Teen,West,70,No,2023,2
2023-02-03 13:59:13.796149679,P016,L,S09,Winter,Senior,East,52,No,2023,2
2023-02-03 16:10:38.453204433,P003,M,S06,Spring,Adult,North,60,No,2023,2
2023-02-03 18:22:03.110259188,P020,S,S10,Winter,Young Adult,West,47,No,2023,2
2023-02-03 20:33:27.767313942,P024,S,S03,Winter,Teen,South,43,No,2023,2
2023-02-03 22:44:52.424368697,P022,M,S03,Autumn,Senior,South,69,No,2023,2
2023-02-04 00:56:17.081423452,P024,XL,S04,Spring,Young Adult,North,46,Yes,2023,2
2023-02-04 03:07:41.738478206,P001,L,S10,Spring,Adult,West,58,No,2023,2
2023-02-04 05:19:06.395532961,P024,XXL,S10,Summer,Teen,West,40,No,2023,2
2023-02-04 07:30:31.052587715,P020,M,S08,Winter,Adult,East,64,No,2023,2
2023-02-04 09:41:55.709642470,P011,M,S10,Autumn,Teen,West,62,No,2023,2
2023-02-04 11:53:20.366697224,P017,M,S09,Summer,Young Adult,East,77,No,2023,2
2023-02-04 14:04:45.023751979,P008,M,S08,Autumn,Young Adult,East,58,No,2023,2
2023-02-04 16:16:09.680806734,P004,M,S11,Spring,Young Adult,West,69,No,2023,2
2023-02-04 18:27:34.337861488,P006,L,S10,Winter,Senior,West,60,No,2023,2
2023-02-04 20:38:58.994916243,P008,XL,S02,Autumn,Senior,South,46,No,2023,2
2023-02-04 22:50:23.651970997,P020,XXL,S04,Summer,Senior,North,27,No,2023,2
2023-02-05 01:01:48.309025752,P030,M,S04,Spring,Adult,North,58,Yes,2023,2
2023-02-05 03:13:12.966080506,P003,XL,S12,Autumn,Senior,West,49,Yes,2023,2
2023-02-05 05:24:37.623135261,P016,M,S02,Autumn,Teen,South,70,No,2023,2
2023-02-05 07:36:02.280190015,P030,S,S08,Summer,Young Adult,East,45,No,2023,2
2023-02-05 09:47:26.937244770,P025,XL,S03,Autumn,Adult,South,48,No,2023,2
2023-02-05 11:58:51.594299525,P003,L,S02,Spring,Adult,South,66,No,2023,2
2023-02-05 14:10:16.251354279,P025,M,S07,Autumn,Senior,East,61,No,2023,2
2023-02-05 16:21:40.908409034,P029,M,S01,Winter,Teen,South,68,No,2023,2
2023-02-05 18:33:05.565463788,P018,M,S06,Winter,Young Adult,North,66,No,2023,2
2023-02-05 20:44:30.222518543,P014,L,S03,Summer,Adult,South,61,No,2023,2
2023-02-05 22:55:54.879573297,P018,M,S03,Winter,Young Adult,South,74,No,2023,2
2023-02-06 01:07:19.536628052,P002,XXL,S05,Winter,Teen,North,42,No,2023,2
2023-02-06 03:18:44.193682807,P022,S,S03,Autumn,Young Adult,South,56,No,2023,2
2023-02-06 05:30:08.850737561,P003,M,S12,Spring,Senior,West,63,No,2023,2
2023-02-06 07:41:33.507792316,P016,M,S04,Spring,Young Adult,North,68,No,2023,2
2023-02-06 09:52:58.164847070,P029,L,S03,Autumn,Adult,South,63,No,2023,2
2023-02-06 12:04:22.821901825,P009,M,S07,Winter,Senior,East,67,No,2023,2
2023-02-06 14:15:47.478956579,P004,L,S03,Autumn,Senior,South,58,No,2023,2
2023-02-06 16:27:12.136011334,P001,XL,S10,Winter,Senior,West,54,No,2023,2
2023-02-06 18:38:36.793066088,P004,XL,S04,Winter,Senior,North,44,No,2023,2
2023-02-06 20:50:01.450120843,P001,XL,S02,Winter,Adult,South,60,No,2023,2
2023-02-06 23:01:26.107175598,P014,XL,S02,Spring,Teen,South,52,No,2023,2
2023-02-07 01:12:50.764230352,P021,L,S09,Summer,Teen,East,55,No,2023,2
2023-02-07 03:24:15.421285107,P016,XL,S11,Spring,Senior,West,42,No,2023,2
2023-02-07 05:35:40.078339861,P020,M,S01,Winter,Teen,South,70,No,2023,2
2023-02-07 07:47:04.735394616,P024,M,S01,Autumn,Adult,South,58,No,2023,2
2023-02-07 09:58:29.392449370,P008,M,S10,Autumn,Teen,West,52,No,2023,2
2023-02-07 12:09:54.049504125,P007,M,S01,Winter,Teen,South,67,No,2023,2
2023-02-07 14:21:18.706558880,P003,M,S03,Summer,Adult,South,73,No,2023,2
2023-02-07 16:32:43.363613634,P017,XXL,S02,Spring,Teen,South,35,No,2023,2
2023-02-07 18:44:08.020668389,P001,M,S03,Spring,Senior,South,69,No,2023,2
2023-02-07 20:55:32.677723143,P016,S,S05,Winter,Senior,North,38,No,2023,2
2023-02-07 23:06:57.334777898,P012,L,S09,Winter,Adult,East,62,No,2023,2
2023-02-08 01:18:21.991832652,P027,S,S02,Summer,Senior,South,45,No,2023,2
2023-02-08 03:29:46.648887407,P019,S,S12,Spring,Senior,West,43,Yes,2023,2
2023-02-08 05:41:11.305942161,P022,M,S11,Summer,Senior,West,63,No,2023,2
2023-02-08 07:52:35.962996916,P023,M,S01,Spring,Senior,South,64,No,2023,2
2023-02-08 10:04:00.620051671,P022,M,S11,Summer,Senior,West,65,No,2023,2
2023-02-08 12:15:25.277106425,P014,L,S06,Summer,Teen,North,60,No,2023,2
2023-02-08 14:26:49.934161180,P030,L,S03,Summer,Adult,South,65,No,2023,2
2023-02-08 16:38:14.591215934,P006,M,S07,Autumn,Young Adult,East,67,No,2023,2
2023-02-08 18:49:39.248270689,P006,M,S06,Autumn,Adult,North,62,No,2023,2
2023-02-08 21:01:03.905325443,P013,M,S11,Autumn,Adult,West,70,No,2023,2
2023-02-08 23:12:28.562380198,P019,L,S07,Spring,Adult,East,47,No,2023,2
2023-02-09 01:23:53.219434953,P022,S,S05,Summer,Teen,North,50,No,2023,2
2023-02-09 03:35:17.876489707,P008,S,S01,Winter,Adult,South,51,No,2023,2
2023-02-09 05:46:42.533544462,P027,L,S03,Winter,Adult,South,71,No,2023,2
2023-02-09 07:58:07.190599216,P027,M,S03,Spring,Teen,South,61,No,2023,2
2023-02-09 10:09:31.847653971,P002,S,S07,Spring,Senior,East,37,No,2023,2
2023-02-09 12:20:56.504708725,P021,M,S03,Winter,Young Adult,South,72,No,2023,2
2023-02-09 14:32:21.161763480,P030,XL,S11,Summer,Senior,West,46,No,2023,2
2023-02-09 16:43:45.818818234,P001,XL,S05,Autumn,Adult,North,48,No,2023,2
2023-02-09 18:55:10.475872989,P028,L,S04,Spring,Senior,North,58,No,2023,2
2023-02-09 21:06:35.132927744,P015,M,S04,Spring,Teen,North,60,No,2023,2
2023-02-09 23:17:59.789982498,P001,L,S07,Spring,Young Adult,East,63,No,2023,2
2023-02-10 01:29:24.447037253,P005,XXL,S01,Winter,Senior,South,29,No,2023,2
2023-02-10 03:40:49.104092007,P028,XXL,S07,Autumn,Adult,East,27,No,2023,2
2023-02-10 05:52:13.761146762,P029,M,S08,Summer,Young Adult,East,71,No,2023,2
2023-02-10 08:03:38.418201516,P016,XL,S03,Summer,Adult,South,47,No,2023,2
2023-02-10 10:15:03.075256271,P019,M,S03,Winter,Senior,South,66,No,2023,2
2023-02-10 12:26:27.732311026,P004,M,S04,Spring,Senior,North,56,No,2023,2
2023-02-10 14:37:52.389365780,P003,L,S06,Winter,Adult,North,65,No,2023,2
2023-02-10 16:49:17.046420535,P017,M,S07,Winter,Young Adult,East,71,No,2023,2
2023-02-10 19:00:41.703475289,P017,XL,S01,Summer,Young Adult,South,55,No,2023,2
2023-02-10 21:12:06.360530044,P012,S,S04,Autumn,Young Adult,North,42,No,2023,2
2023-02-10 23:23:31.017584798,P028,L,S12,Summer,Senior,West,62,No,2023,2
2023-02-11 01:34:55.674639553,P030,XL,S07,Winter,Senior,East,48,No,2023,2
2023-02-11 03:46:20.331694307,P029,XL,S11,Winter,Adult,West,58,No,2023,2
2023-02-11 05:57:44.988749062,P014,M,S02,Spring,Adult,South,66,No,2023,2
2023-02-11 08:09:09.645803817,P021,M,S01,Spring,Teen,South,60,No,2023,2
2023-02-11 10:20:34.302858571,P006,L,S01,Winter,Teen,South,61,No,2023,2
2023-02-11 12:31:58.959913326,P003,M,S10,Summer,Teen,West,58,No,2023,2
2023-02-11 14:43:23.616968080,P028,XXL,S06,Spring,Adult,North,28,No,2023,2
2023-02-11 16:54:48.274022835,P009,XL,S12,Autumn,Young Adult,West,51,No,2023,2
2023-02-11 19:06:12.931077589,P005,M,S05,Autumn,Teen,North,48,No,2023,2
2023-02-11 21:17:37.588132344,P024,S,S01,Winter,Adult,South,51,No,2023,2
2023-02-11 23:29:02.245187099,P029,S,S10,Autumn,Senior,West,48,No,2023,2
2023-02-12 01:40:26.902241853,P017,XL,S03,Autumn,Young Adult,South,57,No,2023,2
2023-02-12 03:51:51.559296608,P014,M,S11,Spring,Teen,West,57,Yes,2023,2
2023-02-12 06:03:16.216351362,P021,M,S07,Spring,Senior,East,53,No,2023,2
2023-02-12 08:14:40.873406117,P003,M,S12,Summer,Young Adult,West,66,No,2023,2
2023-02-12 10:26:05.530460871,P028,L,S09,Spring,Young Adult,East,63,No,2023,2
2023-02-12 12:37:30.187515626,P001,S,S09,Summer,Senior,East,52,No,2023,2
2023-02-12 14:48:54.844570380,P020,M,S06,Spring,Teen,North,57,No,2023,2
2023-02-12 17:00:19.501625135,P029,XL,S03,Winter,Teen,South,52,No,2023,2
2023-02-12 19:11:44.158679890,P021,XL,S01,Summer,Senior,South,52,No,2023,2
2023-02-12 21:23:08.815734644,P023,L,S03,Winter,Senior,South,51,No,2023,2
2023-02-12 23:34:33.472789399,P001,S,S10,Summer,Senior,West,48,No,2023,2
2023-02-13 01:45:58.129844153,P003,M,S02,Autumn,Adult,South,69,No,2023,2
2023-02-13 03:57:22.786898908,P018,L,S11,Summer,Young Adult,West,63,No,2023,2
2023-02-13 06:08:47.443953662,P025,M,S05,Summer,Teen,North,63,No,2023,2
2023-02-13 08:20:12.101008417,P010,XL,S08,Summer,Teen,East,57,No,2023,2
2023-02-13 10:31:36.758063172,P022,L,S05,Summer,Senior,North,60,No,2023,2
2023-02-13 12:43:01.415117926,P026,S,S01,Summer,Young Adult,South,53,No,2023,2
2023-02-13 14:54:26.072172681,P003,XL,S03,Autumn,Senior,South,42,No,2023,2
2023-02-13 17:05:50.729227435,P008,XXL,S12,Summer,Young Adult,West,35,No,2023,2
2023-02-13 19:17:15.386282190,P014,S,S05,Winter,Senior,North,43,No,2023,2
2023-02-13 21:28:40.043336944,P024,L,S07,Summer,Senior,East,61,No,2023,2
2023-02-13 23:40:04.700391699,P018,M,S05,Summer,Young Adult,North,74,Yes,2023,2
2023-02-14 01:51:29.357446453,P015,M,S10,Winter,Teen,West,60,No,2023,2
2023-02-14 04:02:54.014501208,P022,M,S05,Spring,Teen,North,65,No,2023,2
2023-02-14 06:14:18.671555963,P023,L,S07,Spring,Adult,East,53,No,2023,2
2023-02-14 08:25:43.328610717,P002,XXL,S08,Autumn,Young Adult,East,36,No,2023,2
2023-02-14 10:37:07.985665472,P027,L,S08,Summer,Teen,East,59,No,2023,2
2023-02-14 12:48:32.642720226,P010,S,S07,Summer,Teen,East,49,No,2023,2
2023-02-14 14:59:57.299774981,P002,L,S03,Spring,Young Adult,South,65,No,2023,2
2023-02-14 17:11:21.956829735,P026,M,S11,Summer,Teen,West,60,No,2023,2
2023-02-14 19:22:46.613884490,P017,XL,S02,Autumn,Young Adult,South,60,Yes,2023,2
2023-02-14 21:34:11.270939245,P008,M,S01,Winter,Teen,South,68,No,2023,2
2023-02-14 23:45:35.927993999,P001,M,S06,Summer,Senior,North,63,No,2023,2
2023-02-15 01:57:00.585048754,P009,M,S09,Winter,Young Adult,East,66,No,2023,2
2023-02-15 04:08:25.242103508,P011,L,S03,Autumn,Young Adult,South,67,No,2023,2
2023-02-15 06:19:49.899158263,P022,M,S05,Spring,Teen,North,58,Yes,2023,2
2023-02-15 08:31:14.556213017,P016,L,S09,Autumn,Young Adult,East,54,No,2023,2
2023-02-15 10:42:39.213267772,P007,M,S09,Autumn,Adult,East,66,No,2023,2
2023-02-15 12:54:03.870322526,P029,M,S07,Autumn,Adult,East,62,No,2023,2
2023-02-15 15:05:28.527377281,P010,M,S04,Autumn,Young Adult,North,75,No,2023,2
2023-02-15 17:16:53.184432036,P023,XL,S11,Winter,Adult,West,48,No,2023,2
2023-02-15 19:28:17.841486790,P026,XL,S02,Autumn,Teen,South,38,No,2023,2
2023-02-15 21:39:42.498541545,P003,M,S02,Autumn,Teen,South,66,No,2023,2
2023-02-15 23:51:07.155596299,P018,M,S04,Autumn,Young Adult,North,57,No,2023,2
2023-02-16 02:02:31.812651054,P025,S,S01,Autumn,Teen,South,47,No,2023,2
2023-02-16 04:13:56.469705808,P024,L,S04,Winter,Teen,North,58,No,2023,2
2023-02-16 06:25:21.126760563,P013,M,S12,Autumn,Adult,West,68,No,2023,2
2023-02-16 08:36:45.783815318,P028,XL,S11,Spring,Teen,West,45,No,2023,2
2023-02-16 10:48:10.440870072,P026,XL,S06,Autumn,Teen,North,37,Yes,2023,2
2023-02-16 12:59:35.097924827,P007,M,S06,Autumn,Adult,North,62,No,2023,2
2023-02-16 15:10:59.754979581,P025,M,S07,Summer,Senior,East,63,No,2023,2
2023-02-16 17:22:24.412034336,P004,XL,S05,Summer,Young Adult,North,60,No,2023,2
2023-02-16 19:33:49.069089090,P013,XL,S09,Summer,Young Adult,East,50,No,2023,2
2023-02-16 21:45:13.726143845,P020,S,S02,Autumn,Senior,South,42,No,2023,2
2023-02-16 23:56:38.383198599,P001,M,S02,Spring,Adult,South,77,No,2023,2
2023-02-17 02:08:03.040253354,P008,M,S04,Spring,Adult,North,61,No,2023,2
2023-02-17 04:19:27.697308109,P014,M,S04,Summer,Teen,North,58,No,2023,2
2023-02-17 06:30:52.354362863,P016,M,S04,Summer,Teen,North,71,No,2023,2
2023-02-17 08:42:17.011417618,P014,S,S01,Autumn,Young Adult,South,50,No,2023,2
2023-02-17 10:53:41.668472372,P012,L,S04,Spring,Young Adult,North,60,Yes,2023,2
2023-02-17 13:05:06.325527127,P019,M,S12,Spring,Adult,West,57,No,2023,2
2023-02-17 15:16:30.982581881,P023,S,S05,Summer,Teen,North,40,No,2023,2
2023-02-17 17:27:55.639636636,P015,M,S09,Spring,Adult,East,56,No,2023,2
2023-02-17 19:39:20.296691391,P028,XL,S03,Summer,Senior,South,51,No,2023,2
2023-02-17 21:50:44.953746145,P002,XL,S03,Summer,Young Adult,South,66,No,2023,2
2023-02-18 00:02:09.610800900,P002,M,S05,Winter,Young Adult,North,80,Yes,2023,2
2023-02-18 02:13:34.267855654,P023,M,S10,Winter,Adult,West,70,No,2023,2
2023-02-18 04:24:58.924910409,P022,XXL,S06,Autumn,Teen,North,32,No,2023,2
2023-02-18 06:36:23.581965163,P019,M,S03,Summer,Teen,South,70,No,2023,2
2023-02-18 08:47:48.239019918,P025,M,S01,Autumn,Senior,South,55,No,2023,2
2023-02-18 10:59:12.896074672,P026,M,S10,Winter,Senior,West,64,No,2023,2
2023-02-18 13:10:37.553129427,P030,M,S08,Spring,Senior,East,55,No,2023,2
2023-02-18 15:22:02.210184182,P029,M,S12,Winter,Adult,West,68,No,2023,2
2023-02-18 17:33:26.867238936,P022,XL,S01,Winter,Young Adult,South,64,Yes,2023,2
2023-02-18 19:44:51.524293691,P026,L,S02,Winter,Adult,South,62,No,2023,2
2023-02-18 21:56:16.181348445,P026,M,S03,Spring,Adult,South,69,No,2023,2
2023-02-19 00:07:40.838403200,P022,XL,S06,Winter,Teen,North,53,No,2023,2
2023-02-19 02:19:05.495457954,P017,S,S04,Summer,Senior,North,54,No,2023,2
2023-02-19 04:30:30.152512709,P020,M,S04,Summer,Young Adult,North,62,No,2023,2
2023-02-19 06:41:54.809567464,P010,L,S09,Winter,Senior,East,57,No,2023,2
2023-02-19 08:53:19.466622218,P006,L,S06,Autumn,Senior,North,47,No,2023,2
2023-02-19 11:04:44.123676973,P015,S,S12,Autumn,Senior,West,31,No,2023,2
2023-02-19 13:16:08.780731727,P022,M,S02,Spring,Young Adult,South,76,No,2023,2
2023-02-19 15:27:33.437786482,P011,L,S07,Spring,Teen,East,54,No,2023,2
2023-02-19 17:38:58.094841236,P028,L,S03,Summer,Young Adult,South,60,No,2023,2
2023-02-19 19:50:22.751895991,P005,L,S09,Summer,Young Adult,East,61,Yes,2023,2
2023-02-19 22:01:47.408950745,P001,M,S06,Winter,Teen,North,66,No,2023,2
2023-02-20 00:13:12.066005500,P008,S,S08,Autumn,Young Adult,East,35,No,2023,2
2023-02-20 02:24:36.723060255,P021,M,S01,Summer,Young Adult,South,67,No,2023,2
2023-02-20 04:36:01.380115009,P028,S,S02,Autumn,Adult,South,40,No,2023,2
2023-02-20 06:47:26.037169764,P012,XL,S06,Spring,Young Adult,North,56,No,2023,2
2023-02-20 08:58:50.694224518,P012,M,S03,Spring,Adult,South,71,No,2023,2
2023-02-20 11:10:15.351279273,P005,M,S01,Winter,Adult,South,70,No,2023,2
2023-02-20 13:21:40.008334027,P007,L,S06,Winter,Adult,North,60,No,2023,2
2023-02-20 15:33:04.665388782,P004,M,S05,Summer,Senior,North,58,No,2023,2
2023-02-20 17:44:29.322443537,P006,M,S09,Autumn,Teen,East,63,No,2023,2
2023-02-20 19:55:53.979498291,P013,XL,S06,Summer,Senior,North,51,No,2023,2
2023-02-20 22:07:18.636553046,P020,XL,S05,Summer,Teen,North,46,No,2023,2
2023-02-21 00:18:43.293607800,P030,L,S01,Autumn,Young Adult,South,56,No,2023,2
2023-02-21 02:30:07.950662555,P015,S,S01,Summer,Adult,South,41,No,2023,2
2023-02-21 04:41:32.607717309,P003,L,S11,Winter,Senior,West,64,No,2023,2
2023-02-21 06:52:57.264772064,P023,L,S01,Autumn,Young Adult,South,53,No,2023,2
2023-02-21 09:04:21.921826818,P008,S,S07,Autumn,Senior,East,38,No,2023,2
2023-02-21 11:15:46.578881573,P020,M,S06,Summer,Young Adult,North,58,No,2023,2
2023-02-21 13:27:11.235936328,P016,XL,S05,Autumn,Senior,North,50,Yes,2023,2
2023-02-21 15:38:35.892991082,P013,S,S04,Winter,Young Adult,North,42,No,2023,2
2023-02-21 17:50:00.550045837,P018,L,S11,Winter,Young Adult,West,64,No,2023,2
2023-02-21 20:01:25.207100591,P028,M,S11,Spring,Senior,West,58,No,2023,2
2023-02-21 22:12:49.864155346,P010,M,S08,Spring,Young Adult,East,62,No,2023,2
2023-02-22 00:24:14.521210100,P030,S,S11,Spring,Adult,West,44,No,2023,2
2023-02-22 02:35:39.178264855,P019,XL,S08,Spring,Adult,East,50,No,2023,2
2023-02-22 04:47:03.835319610,P017,M,S05,Summer,Adult,North,71,No,2023,2
2023-02-22 06:58:28.492374364,P024,L,S04,Spring,Adult,North,62,No,2023,2
2023-02-22 09:09:53.149429119,P019,L,S02,Spring,Teen,South,52,No,2023,2
2023-02-22 11:21:17.806483873,P028,L,S07,Spring,Senior,East,47,Yes,2023,2
2023-02-22 13:32:42.463538628,P026,XXL,S05,Spring,Adult,North,26,Yes,2023,2
2023-02-22 15:44:07.120593383,P023,L,S03,Summer,Adult,South,64,No,2023,2
2023-02-22 17:55:31.777648137,P026,M,S09,Spring,Adult,East,61,No,2023,2
2023-02-22 20:06:56.434702892,P005,XXL,S09,Autumn,Teen,East,30,No,2023,2
2023-02-22 22:18:21.091757646,P026,L,S11,Winter,Senior,West,50,No,2023,2
2023-02-23 00:29:45.748812401,P021,M,S11,Autumn,Young Adult,West,63,No,2023,2
2023-02-23 02:41:10.405867155,P030,S,S10,Summer,Teen,West,47,No,2023,2
2023-02-23 04:52:35.062921910,P023,XL,S11,Summer,Adult,West,47,No,2023,2
2023-02-23 07:03:59.719976664,P009,M,S08,Summer,Adult,East,59,No,2023,2
2023-02-23 09:15:24.377031419,P012,L,S01,Winter,Teen,South,56,No,2023,2
2023-02-23 11:26:49.034086174,P021,M,S12,Spring,Senior,West,53,No,2023,2
2023-02-23 13:38:13.691140928,P001,M,S03,Summer,Senior,South,74,No,2023,2
2023-02-23 15:49:38.348195683,P026,L,S02,Spring,Young Adult,South,52,No,2023,2
2023-02-23 18:01:03.005250437,P026,S,S04,Summer,Teen,North,44,No,2023,2
2023-02-23 20:12:27.662305192,P001,M,S02,Winter,Senior,South,67,No,2023,2
2023-02-23 22:23:52.319359946,P015,L,S12,Autumn,Teen,West,47,No,2023,2
2023-02-24 00:35:16.976414701,P002,M,S11,Autumn,Senior,West,71,No,2023,2
2023-02-24 02:46:41.633469456,P030,L,S08,Winter,Senior,East,51,No,2023,2
2023-02-24 04:58:06.290524210,P022,XL,S01,Spring,Adult,South,48,No,2023,2
2023-02-24 07:09:30.947578965,P016,L,S04,Summer,Senior,North,56,No,2023,2
2023-02-24 09:20:55.604633719,P025,S,S05,Autumn,Senior,North,40,No,2023,2
2023-02-24 11:32:20.261688474,P008,M,S10,Winter,Teen,West,66,No,2023,2
2023-02-24 13:43:44.918743228,P013,L,S04,Spring,Senior,North,54,No,2023,2
2023-02-24 15:55:09.575797983,P021,XL,S08,Autumn,Senior,East,38,No,2023,2
2023-02-24 18:06:34.232852738,P001,XL,S02,Winter,Teen,South,57,Yes,2023,2
2023-02-24 20:17:58.889907492,P016,XL,S09,Summer,Senior,East,44,No,2023,2
2023-02-24 22:29:23.546962247,P029,M,S02,Winter,Teen,South,65,No,2023,2
2023-02-25 00:40:48.204017001,P007,M,S02,Spring,Teen,South,67,No,2023,2
2023-02-25 02:52:12.861071756,P005,M,S02,Autumn,Teen,South,58,No,2023,2
2023-02-25 05:03:37.518126510,P022,M,S12,Summer,Teen,West,74,No,2023,2
2023-02-25 07:15:02.175181265,P029,S,S10,Spring,Adult,West,53,No,2023,2
2023-02-25 09:26:26.832236019,P023,XL,S08,Winter,Adult,East,48,No,2023,2
2023-02-25 11:37:51.489290774,P003,M,S03,Autumn,Adult,South,66,No,2023,2
2023-02-25 13:49:16.146345529,P012,M,S10,Autumn,Adult,West,68,No,2023,2
2023-02-25 16:00:40.803400283,P026,S,S11,Spring,Teen,West,42,No,2023,2
2023-02-25 18:12:05.460455038,P016,XL,S10,Summer,Teen,West,48,No,2023,2
2023-02-25 20:23:30.117509792,P019,L,S08,Spring,Teen,East,46,No,2023,2
2023-02-25 22:34:54.774564547,P005,L,S07,Autumn,Teen,East,46,No,2023,2
2023-02-26 00:46:19.431619301,P022,XL,S10,Autumn,Adult,West,51,No,2023,2
2023-02-26 02:57:44.088674056,P025,M,S04,Autumn,Senior,North,57,No,2023,2
2023-02-26 05:09:08.745728810,P029,L,S07,Summer,Adult,East,68,No,2023,2
2023-02-26 07:20:33.402783565,P014,S,S11,Autumn,Teen,West,43,No,2023,2
2023-02-26 09:31:58.059838320,P028,M,S08,Autumn,Teen,East,53,No,2023,2
2023-02-26 11:43:22.716893074,P005,XL,S06,Spring,Senior,North,39,No,2023,2
2023-02-26 13:54:47.373947829,P015,L,S06,Autumn,Teen,North,48,No,2023,2
2023-02-26 16:06:12.031002583,P017,M,S03,Winter,Senior,South,71,No,2023,2
2023-02-26 18:17:36.688057338,P030,M,S05,Spring,Teen,North,66,No,2023,2
2023-02-26 20:29:01.345112092,P014,L,S10,Autumn,Senior,West,52,Yes,2023,2
2023-02-26 22:40:26.002166847,P030,S,S02,Spring,Young Adult,South,44,No,2023,2
2023-02-27 00:51:50.659221602,P020,M,S12,Spring,Young Adult,West,62,No,2023,2
2023-02-27 03:03:15.316276356,P005,M,S05,Winter,Young Adult,North,67,No,2023,2
2023-02-27 05:14:39.973331111,P012,M,S05,Spring,Young Adult,North,62,No,2023,2
2023-02-27 07:26:04.630385865,P016,XL,S07,Spring,Teen,East,48,No,2023,2
2023-02-27 09:37:29.287440620,P026,M,S04,Summer,Teen,North,60,No,2023,2
2023-02-27 11:48:53.944495374,P026,M,S11,Autumn,Teen,West,52,No,2023,2
2023-02-27 14:00:18.601550129,P016,L,S06,Summer,Young Adult,North,61,No,2023,2
2023-02-27 16:11:43.258604884,P021,XL,S09,Autumn,Senior,East,41,No,2023,2
2023-02-27 18:23:07.915659638,P007,M,S04,Spring,Senior,North,60,No,2023,2
2023-02-27 20:34:32.572714393,P004,S,S11,Autumn,Young Adult,West,50,No,2023,2
2023-02-27 22:45:57.229769147,P001,M,S06,Spring,Teen,North,63,No,2023,2
2023-02-28 00:57:21.886823902,P030,L,S12,Autumn,Young Adult,West,55,No,2023,2
2023-02-28 03:08:46.543878656,P030,L,S09,Spring,Adult,East,53,No,2023,2
2023-02-28 05:20:11.200933411,P005,XL,S10,Autumn,Senior,West,46,No,2023,2
2023-02-28 07:31:35.857988165,P023,XXL,S12,Autumn,Young Adult,West,31,No,2023,2
2023-02-28 09:43:00.515042920,P026,L,S01,Autumn,Young Adult,South,60,No,2023,2
2023-02-28 11:54:25.172097675,P010,L,S08,Spring,Young Adult,East,66,No,2023,2
2023-02-28 14:05:49.829152429,P022,M,S01,Autumn,Young Adult,South,71,No,2023,2
2023-02-28 16:17:14.486207184,P005,S,S04,Spring,Teen,North,41,No,2023,2
2023-02-28 18:28:39.143261938,P004,XXL,S03,Summer,Senior,South,33,Yes,2023,2
2023-02-28 20:40:03.800316693,P002,M,S04,Autumn,Adult,North,70,No,2023,2
2023-02-28 22:51:28.457371447,P020,M,S07,Winter,Teen,East,62,No,2023,2
2023-03-01 01:02:53.114426202,P010,L,S09,Winter,Young Adult,East,70,No,2023,3
2023-03-01 03:14:17.771480956,P026,M,S09,Spring,Young Adult,East,53,No,2023,3
2023-03-01 05:25:42.428535711,P019,L,S10,Winter,Young Adult,West,57,No,2023,3
2023-03-01 07:37:07.085590466,P026,L,S01,Spring,Young Adult,South,54,Yes,2023,3
2023-03-01 09:48:31.742645220,P001,M,S10,Spring,Senior,West,71,No,2023,3
2023-03-01 11:59:56.399699975,P024,XL,S01,Winter,Young Adult,South,55,Yes,2023,3
2023-03-01 14:11:21.056754729,P005,M,S09,Winter,Adult,East,69,No,2023,3
2023-03-01 16:22:45.713809484,P013,M,S04,Summer,Teen,North,56,No,2023,3
2023-03-01 18:34:10.370864238,P004,L,S12,Spring,Senior,West,51,No,2023,3
2023-03-01 20:45:35.027918993,P016,L,S03,Winter,Young Adult,South,72,No,2023,3
2023-03-01 22:56:59.684973748,P024,L,S09,Summer,Adult,East,55,No,2023,3
2023-03-02 01:08:24.342028502,P016,M,S05,Summer,Teen,North,64,No,2023,3
2023-03-02 03:19:48.999083257,P023,L,S12,Spring,Teen,West,50,No,2023,3
2023-03-02 05:31:13.656138011,P002,M,S06,Autumn,Senior,North,66,No,2023,3
2023-03-02 07:42:38.313192766,P017,XL,S01,Winter,Teen,South,54,No,2023,3
2023-03-02 09:54:02.970247520,P028,M,S01,Winter,Young Adult,South,66,No,2023,3
2023-03-02 12:05:27.627302275,P027,L,S07,Winter,Young Adult,East,62,No,2023,3
2023-03-02 14:16:52.284357030,P020,S,S10,Winter,Adult,West,53,No,2023,3
2023-03-02 16:28:16.941411784,P024,M,S08,Winter,Adult,East,66,No,2023,3
2023-03-02 18:39:41.598466539,P012,M,S11,Winter,Teen,West,75,No,2023,3
2023-03-02 20:51:06.255521293,P018,XL,S08,Summer,Senior,East,51,No,2023,3
2023-03-02 23:02:30.912576048,P003,L,S07,Spring,Young Adult,East,59,No,2023,3
2023-03-03 01:13:55.569630802,P028,XL,S11,Summer,Teen,West,44,No,2023,3
2023-03-03 03:25:20.226685557,P001,M,S09,Winter,Senior,East,65,No,2023,3
2023-03-03 05:36:44.883740311,P001,M,S01,Spring,Teen,South,75,No,2023,3
2023-03-03 07:48:09.540795066,P029,S,S02,Winter,Senior,South,49,No,2023,3
2023-03-03 09:59:34.197849821,P019,XL,S03,Spring,Adult,South,49,No,2023,3
2023-03-03 12:10:58.854904575,P011,M,S12,Summer,Young Adult,West,74,No,2023,3
2023-03-03 14:22:23.511959330,P005,XL,S05,Spring,Adult,North,38,No,2023,3
2023-03-03 16:33:48.169014084,P012,XL,S04,Summer,Young Adult,North,60,Yes,2023,3
2023-03-03 18:45:12.826068839,P003,XL,S04,Winter,Senior,North,45,No,2023,3
2023-03-03 20:56:37.483123593,P001,L,S08,Spring,Senior,East,60,Yes,2023,3
2023-03-03 23:08:02.140178348,P001,L,S08,Autumn,Teen,East,51,No,2023,3
2023-03-04 01:19:26.797233102,P008,L,S11,Autumn,Senior,West,53,No,2023,3
2023-03-04 03:30:51.454287857,P010,S,S07,Summer,Senior,East,50,No,2023,3
2023-03-04 05:42:16.111342612,P011,L,S01,Summer,Teen,South,62,No,2023,3
2023-03-04 07:53:40.768397366,P012,S,S10,Summer,Teen,West,45,No,2023,3
2023-03-04 10:05:05.425452121,P029,M,S04,Summer,Young Adult,North,78,No,2023,3
2023-03-04 12:16:30.082506875,P013,M,S01,Winter,Senior,South,69,No,2023,3
2023-03-04 14:27:54.739561630,P012,M,S11,Autumn,Teen,West,63,No,2023,3
2023-03-04 16:39:19.396616384,P014,M,S05,Summer,Young Adult,North,66,No,2023,3
2023-03-04 18:50:44.053671139,P002,M,S03,Spring,Young Adult,South,74,No,2023,3
2023-03-04 21:02:08.710725894,P029,L,S03,Spring,Adult,South,57,No,2023,3
2023-03-04 23:13:33.367780648,P019,S,S04,Winter,Teen,North,36,No,2023,3
2023-03-05 01:24:58.024835403,P018,L,S02,Summer,Adult,South,57,No,2023,3
2023-03-05 03:36:22.681890157,P003,M,S07,Spring,Young Adult,East,65,No,2023,3
2023-03-05 05:47:47.338944912,P023,L,S12,Summer,Senior,West,60,No,2023,3
2023-03-05 07:59:11.995999666,P017,L,S04,Spring,Teen,North,62,No,2023,3
2023-03-05 10:10:36.653054421,P026,L,S05,Winter,Teen,North,50,Yes,2023,3
2023-03-05 12:22:01.310109176,P008,L,S12,Spring,Young Adult,West,65,No,2023,3
2023-03-05 14:33:25.967163930,P029,M,S02,Summer,Teen,South,64,No,2023,3
2023-03-05 16:44:50.624218685,P026,L,S06,Summer,Young Adult,North,54,No,2023,3
2023-03-05 18:56:15.281273439,P010,M,S09,Winter,Teen,East,69,No,2023,3
2023-03-05 21:07:39.938328194,P026,M,S08,Autumn,Teen,East,49,No,2023,3
2023-03-05 23:19:04.595382948,P030,L,S08,Summer,Senior,East,52,No,2023,3
2023-03-06 01:30:29.252437703,P002,S,S02,Autumn,Young Adult,South,45,No,2023,3
2023-03-06 03:41:53.909492457,P019,L,S04,Summer,Adult,North,51,No,2023,3
2023-03-06 05:53:18.566547212,P009,L,S08,Winter,Senior,East,64,No,2023,3
2023-03-06 08:04:43.223601967,P007,M,S11,Spring,Young Adult,West,71,No,2023,3
2023-03-06 10:16:07.880656721,P004,S,S01,Autumn,Teen,South,44,No,2023,3
2023-03-06 12:27:32.537711476,P026,S,S08,Spring,Young Adult,East,42,No,2023,3
2023-03-06 14:38:57.194766230,P021,XL,S03,Winter,Young Adult,South,47,No,2023,3
2023-03-06 16:50:21.851820985,P018,L,S08,Winter,Senior,East,57,No,2023,3
2023-03-06 19:01:46.508875739,P013,S,S06,Winter,Young Adult,North,54,No,2023,3
2023-03-06 21:13:11.165930494,P011,M,S07,Summer,Teen,East,65,No,2023,3
2023-03-06 23:24:35.822985248,P029,L,S02,Summer,Adult,South,62,No,2023,3
2023-03-07 01:36:00.480040003,P024,XL,S01,Summer,Adult,South,52,No,2023,3
2023-03-07 03:47:25.137094758,P004,S,S06,Summer,Teen,North,39,No,2023,3
2023-03-07 05:58:49.794149512,P025,M,S12,Autumn,Adult,West,68,No,2023,3
2023-03-07 08:10:14.451204267,P021,XL,S03,Winter,Senior,South,52,No,2023,3
2023-03-07 10:21:39.108259021,P029,S,S04,Autumn,Young Adult,North,55,No,2023,3
2023-03-07 12:33:03.765313776,P025,M,S09,Summer,Young Adult,East,73,No,2023,3
2023-03-07 14:44:28.422368530,P004,XXL,S03,Spring,Adult,South,36,No,2023,3
2023-03-07 16:55:53.079423285,P010,L,S02,Autumn,Adult,South,65,No,2023,3
2023-03-07 19:07:17.736478040,P005,M,S02,Spring,Adult,South,69,No,2023,3
2023-03-07 21:18:42.393532794,P009,S,S02,Summer,Senior,South,42,No,2023,3
2023-03-07 23:30:07.050587549,P024,S,S06,Autumn,Young Adult,North,37,No,2023,3
2023-03-08 01:41:31.707642303,P003,M,S02,Autumn,Young Adult,South,69,No,2023,3
2023-03-08 03:52:56.364697058,P017,XL,S11,Autumn,Teen,West,56,No,2023,3
2023-03-08 06:04:21.021751812,P003,M,S07,Spring,Teen,East,56,No,2023,3
2023-03-08 08:15:45.678806567,P016,L,S07,Summer,Senior,East,49,No,2023,3
2023-03-08 10:27:10.335861322,P004,XL,S07,Winter,Young Adult,East,58,No,2023,3
2023-03-08 12:38:34.992916076,P018,M,S02,Winter,Young Adult,South,66,No,2023,3
2023-03-08 14:49:59.649970831,P017,M,S07,Summer,Teen,East,61,No,2023,3
2023-03-08 17:01:24.307025585,P007,L,S10,Autumn,Teen,West,66,No,2023,3
2023-03-08 19:12:48.964080340,P024,XL,S08,Winter,Young Adult,East,59,No,2023,3
2023-03-08 21:24:13.621135094,P023,XL,S08,Autumn,Senior,East,32,Yes,2023,3
2023-03-08 23:35:38.278189849,P030,S,S02,Summer,Adult,South,55,No,2023,3
2023-03-09 01:47:02.935244603,P005,L,S05,Spring,Senior,North,43,No,2023,3
2023-03-09 03:58:27.592299358,P012,L,S06,Autumn,Young Adult,North,59,Yes,2023,3
2023-03-09 06:09:52.249354113,P017,XL,S09,Spring,Adult,East,49,No,2023,3
2023-03-09 08:21:16.906408867,P023,S,S06,Spring,Senior,North,42,No,2023,3
2023-03-09 10:32:41.563463622,P013,L,S10,Summer,Senior,West,50,No,2023,3
2023-03-09 12:44:06.220518376,P023,XL,S06,Summer,Young Adult,North,46,No,2023,3
2023-03-09 14:55:30.877573131,P025,M,S10,Spring,Teen,West,55,No,2023,3
2023-03-09 17:06:55.534627885,P003,M,S10,Spring,Senior,West,61,No,2023,3
2023-03-09 19:18:20.191682640,P009,S,S06,Winter,Senior,North,51,No,2023,3
2023-03-09 21:29:44.848737394,P030,M,S09,Winter,Teen,East,60,No,2023,3
2023-03-09 23:41:09.505792149,P017,M,S10,Summer,Senior,West,73,No,2023,3
2023-03-10 01:52:34.162846904,P017,XL,S07,Autumn,Senior,East,39,No,2023,3
2023-03-10 04:03:58.819901658,P030,M,S01,Spring,Teen,South,57,No,2023,3
2023-03-10 06:15:23.476956413,P020,M,S01,Autumn,Young Adult,South,58,No,2023,3
2023-03-10 08:26:48.134011167,P016,L,S04,Spring,Young Adult,North,65,No,2023,3
2023-03-10 10:38:12.791065922,P025,M,S12,Summer,Young Adult,West,68,No,2023,3
2023-03-10 12:49:37.448120676,P022,M,S02,Autumn,Adult,South,61,No,2023,3
2023-03-10 15:01:02.105175431,P013,L,S03,Summer,Young Adult,South,63,No,2023,3
2023-03-10 17:12:26.762230186,P027,XL,S12,Spring,Adult,West,56,No,2023,3
2023-03-10 19:23:51.419284940,P019,L,S07,Summer,Adult,East,61,No,2023,3
2023-03-10 21:35:16.076339695,P017,L,S07,Autumn,Adult,East,56,No,2023,3
2023-03-10 23:46:40.733394449,P004,S,S12,Winter,Teen,West,49,No,2023,3
2023-03-11 01:58:05.390449204,P012,XL,S03,Summer,Adult,South,50,No,2023,3
2023-03-11 04:09:30.047503958,P029,S,S02,Autumn,Adult,South,52,No,2023,3
2023-03-11 06:20:54.704558713,P009,L,S01,Summer,Teen,South,57,No,2023,3
2023-03-11 08:32:19.361613468,P019,M,S09,Summer,Senior,East,65,No,2023,3
2023-03-11 10:43:44.018668222,P012,XL,S10,Winter,Senior,West,47,No,2023,3
2023-03-11 12:55:08.675722977,P009,L,S03,Autumn,Adult,South,62,No,2023,3
2023-03-11 15:06:33.332777731,P007,L,S09,Autumn,Young Adult,East,65,No,2023,3
2023-03-11 17:17:57.989832486,P028,M,S04,Autumn,Senior,North,60,No,2023,3
2023-03-11 19:29:22.646887240,P014,M,S10,Spring,Young Adult,West,69,No,2023,3
2023-03-11 21:40:47.303941995,P020,L,S06,Summer,Teen,North,48,No,2023,3
2023-03-11 23:52:11.960996749,P019,L,S07,Winter,Senior,East,55,No,2023,3
2023-03-12 02:03:36.618051504,P026,S,S10,Autumn,Teen,West,39,No,2023,3
2023-03-12 04:15:01.275106259,P015,XXL,S06,Winter,Adult,North,41,No,2023,3
2023-03-12 06:26:25.932161013,P016,XL,S01,Spring,Senior,South,40,Yes,2023,3
2023-03-12 08:37:50.589215768,P021,M,S06,Spring,Adult,North,64,No,2023,3
2023-03-12 10:49:15.246270522,P005,XL,S11,Winter,Adult,West,49,No,2023,3
2023-03-12 13:00:39.903325277,P003,L,S06,Autumn,Teen,North,51,Yes,2023,3
2023-03-12 15:12:04.560380031,P012,M,S05,Winter,Senior,North,63,No,2023,3
2023-03-12 17:23:29.217434786,P025,M,S03,Autumn,Senior,South,67,No,2023,3
2023-03-12 19:34:53.874489540,P020,L,S10,Autumn,Senior,West,47,No,2023,3
2023-03-12 21:46:18.531544295,P027,L,S03,Spring,Adult,South,61,No,2023,3
2023-03-12 23:57:43.188599050,P021,M,S11,Winter,Senior,West,55,No,2023,3
2023-03-13 02:09:07.845653804,P004,L,S10,Spring,Young Adult,West,58,No,2023,3
2023-03-13 04:20:32.502708559,P021,L,S07,Summer,Young Adult,East,59,No,2023,3
2023-03-13 06:31:57.159763313,P023,L,S08,Spring,Adult,East,51,No,2023,3
2023-03-13 08:43:21.816818068,P016,S,S03,Autumn,Teen,South,37,No,2023,3
2023-03-13 10:54:46.473872822,P025,XL,S03,Winter,Young Adult,South,57,No,2023,3
2023-03-13 13:06:11.130927577,P007,M,S07,Summer,Teen,East,65,No,2023,3
2023-03-13 15:17:35.787982332,P013,M,S10,Summer,Senior,West,65,No,2023,3
2023-03-13 17:29:00.445037086,P021,M,S12,Summer,Young Adult,West,66,No,2023,3
2023-03-13 19:40:25.102091841,P010,M,S07,Summer,Adult,East,66,No,2023,3
2023-03-13 21:51:49.759146595,P026,XL,S11,Winter,Adult,West,43,No,2023,3
2023-03-14 00:03:14.416201350,P007,M,S09,Autumn,Teen,East,61,No,2023,3
2023-03-14 02:14:39.073256104,P014,L,S06,Summer,Adult,North,55,No,2023,3
2023-03-14 04:26:03.730310859,P026,S,S07,Autumn,Teen,East,41,No,2023,3
2023-03-14 06:37:28.387365614,P005,M,S11,Spring,Teen,West,57,No,2023,3
2023-03-14 08:48:53.044420368,P003,XXL,S10,Autumn,Young Adult,West,38,No,2023,3
2023-03-14 11:00:17.701475123,P023,L,S01,Summer,Young Adult,South,58,No,2023,3
2023-03-14 13:11:42.358529877,P029,M,S07,Spring,Adult,East,72,No,2023,3
2023-03-14 15:23:07.015584632,P011,L,S02,Spring,Teen,South,65,No,2023,3
2023-03-14 17:34:31.672639386,P011,M,S07,Spring,Young Adult,East,59,No,2023,3
2023-03-14 19:45:56.329694141,P018,M,S03,Summer,Senior,South,68,No,2023,3
2023-03-14 21:57:20.986748895,P015,L,S09,Autumn,Adult,East,59,No,2023,3
2023-03-15 00:08:45.643803650,P012,L,S05,Winter,Adult,North,56,No,2023,3
2023-03-15 02:20:10.300858405,P009,M,S07,Autumn,Senior,East,58,No,2023,3
2023-03-15 04:31:34.957913159,P010,XL,S08,Summer,Senior,East,55,No,2023,3
2023-03-15 06:42:59.614967914,P026,L,S12,Summer,Senior,West,50,No,2023,3
2023-03-15 08:54:24.272022668,P012,M,S02,Spring,Young Adult,South,69,No,2023,3
2023-03-15 11:05:48.929077423,P017,L,S11,Autumn,Senior,West,53,No,2023,3
2023-03-15 13:17:13.586132177,P029,L,S01,Summer,Adult,South,72,No,2023,3
2023-03-15 15:28:38.243186932,P006,L,S07,Summer,Young Adult,East,67,No,2023,3
2023-03-15 17:40:02.900241686,P007,M,S06,Winter,Teen,North,64,No,2023,3
2023-03-15 19:51:27.557296441,P014,L,S06,Autumn,Senior,North,49,No,2023,3
2023-03-15 22:02:52.214351196,P013,M,S02,Spring,Adult,South,61,No,2023,3
2023-03-16 00:14:16.871405950,P008,XL,S03,Spring,Senior,South,45,No,2023,3
2023-03-16 02:25:41.528460705,P010,L,S04,Spring,Teen,North,60,No,2023,3
2023-03-16 04:37:06.185515459,P009,S,S03,Autumn,Young Adult,South,45,No,2023,3
2023-03-16 06:48:30.842570214,P018,L,S02,Summer,Teen,South,59,No,2023,3
2023-03-16 08:59:55.499624968,P027,XL,S03,Summer,Young Adult,South,65,No,2023,3
2023-03-16 11:11:20.156679723,P026,XL,S06,Winter,Adult,North,53,No,2023,3
2023-03-16 13:22:44.813734478,P002,M,S09,Winter,Adult,East,77,No,2023,3
2023-03-16 15:34:09.470789232,P005,S,S04,Summer,Adult,North,43,No,2023,3
2023-03-16 17:45:34.127843987,P029,L,S06,Summer,Teen,North,54,No,2023,3
2023-03-16 19:56:58.784898741,P005,S,S01,Autumn,Senior,South,42,No,2023,3
2023-03-16 22:08:23.441953496,P006,XL,S12,Winter,Senior,West,44,No,2023,3
2023-03-17 00:19:48.099008250,P019,M,S06,Spring,Teen,North,64,No,2023,3
2023-03-17 02:31:12.756063005,P008,M,S12,Spring,Senior,West,57,No,2023,3
2023-03-17 04:42:37.413117760,P016,M,S03,Spring,Teen,South,59,No,2023,3
2023-03-17 06:54:02.070172514,P013,M,S09,Spring,Senior,East,60,No,2023,3
2023-03-17 09:05:26.727227269,P001,L,S04,Summer,Young Adult,North,71,No,2023,3
2023-03-17 11:16:51.384282023,P022,M,S07,Summer,Adult,East,71,No,2023,3
2023-03-17 13:28:16.041336778,P020,M,S04,Autumn,Senior,North,61,No,2023,3
2023-03-17 15:39:40.698391532,P017,M,S11,Spring,Teen,West,66,No,2023,3
2023-03-17 17:51:05.355446287,P007,L,S06,Summer,Young Adult,North,63,No,2023,3
2023-03-17 20:02:30.012501041,P025,S,S07,Summer,Senior,East,43,No,2023,3
2023-03-17 22:13:54.669555796,P013,L,S02,Summer,Senior,South,58,No,2023,3
2023-03-18 00:25:19.326610551,P004,L,S10,Spring,Teen,West,64,No,2023,3
2023-03-18 02:36:43.983665305,P004,L,S06,Summer,Young Adult,North,58,No,2023,3
2023-03-18 04:48:08.640720060,P006,XL,S08,Winter,Adult,East,57,No,2023,3
2023-03-18 06:59:33.297774814,P028,XL,S12,Spring,Teen,West,47,No,2023,3
2023-03-18 09:10:57.954829569,P019,XL,S06,Spring,Senior,North,47,No,2023,3
2023-03-18 11:22:22.611884323,P029,M,S02,Winter,Adult,South,78,No,2023,3
2023-03-18 13:33:47.268939078,P012,S,S04,Autumn,Senior,North,41,No,2023,3
2023-03-18 15:45:11.925993832,P022,M,S01,Autumn,Teen,South,63,No,2023,3
2023-03-18 17:56:36.583048587,P007,XL,S07,Spring,Young Adult,East,56,No,2023,3
2023-03-18 20:08:01.240103342,P027,XXL,S08,Spring,Adult,East,35,No,2023,3
2023-03-18 22:19:25.897158096,P010,XL,S10,Spring,Teen,West,51,No,2023,3
2023-03-19 00:30:50.554212851,P026,S,S02,Winter,Teen,South,48,No,2023,3
2023-03-19 02:42:15.211267605,P019,XL,S10,Summer,Adult,West,54,No,2023,3
2023-03-19 04:53:39.868322360,P007,M,S05,Winter,Young Adult,North,70,No,2023,3
2023-03-19 07:05:04.525377114,P030,S,S11,Summer,Senior,West,49,No,2023,3
2023-03-19 09:16:29.182431869,P003,M,S08,Summer,Adult,East,69,No,2023,3
2023-03-19 11:27:53.839486624,P013,S,S11,Autumn,Teen,West,41,No,2023,3
2023-03-19 13:39:18.496541378,P013,L,S08,Winter,Adult,East,57,No,2023,3
2023-03-19 15:50:43.153596133,P018,M,S05,Winter,Adult,North,61,No,2023,3
2023-03-19 18:02:07.810650887,P028,M,S08,Spring,Young Adult,East,64,No,2023,3
2023-03-19 20:13:32.467705642,P030,L,S06,Winter,Young Adult,North,66,No,2023,3
2023-03-19 22:24:57.124760396,P026,XL,S05,Summer,Senior,North,39,Yes,2023,3
2023-03-20 00:36:21.781815151,P020,L,S11,Summer,Adult,West,64,No,2023,3
2023-03-20 02:47:46.438869906,P028,M,S04,Winter,Young Adult,North,67,No,2023,3
2023-03-20 04:59:11.095924660,P008,XL,S05,Autumn,Young Adult,North,44,No,2023,3
2023-03-20 07:10:35.752979415,P029,XL,S12,Autumn,Teen,West,50,No,2023,3
2023-03-20 09:22:00.410034169,P009,S,S04,Spring,Young Adult,North,43,Yes,2023,3
2023-03-20 11:33:25.067088924,P007,L,S01,Spring,Adult,South,58,No,2023,3
2023-03-20 13:44:49.724143678,P001,M,S03,Summer,Adult,South,69,Yes,2023,3
2023-03-20 15:56:14.381198433,P003,S,S08,Winter,Teen,East,46,Yes,2023,3
2023-03-20 18:07:39.038253187,P013,L,S07,Summer,Teen,East,57,No,2023,3
2023-03-20 20:19:03.695307942,P028,XL,S12,Summer,Teen,West,44,No,2023,3
2023-03-20 22:30:28.352362697,P030,M,S07,Winter,Adult,East,69,No,2023,3
2023-03-21 00:41:53.009417451,P025,XL,S11,Summer,Adult,West,52,No,2023,3
2023-03-21 02:53:17.666472206,P028,XL,S03,Summer,Senior,South,54,No,2023,3
2023-03-21 05:04:42.323526960,P017,XL,S09,Autumn,Young Adult,East,57,No,2023,3
2023-03-21 07:16:06.980581715,P025,M,S06,Spring,Teen,North,67,No,2023,3
2023-03-21 09:27:31.637636469,P024,XL,S08,Autumn,Young Adult,East,45,No,2023,3
2023-03-21 11:38:56.294691224,P001,M,S08,Spring,Young Adult,East,66,No,2023,3
2023-03-21 13:50:20.951745978,P006,L,S03,Spring,Senior,South,58,No,2023,3
2023-03-21 16:01:45.608800733,P021,S,S04,Spring,Adult,North,33,No,2023,3
2023-03-21 18:13:10.265855488,P006,S,S06,Autumn,Young Adult,North,45,No,2023,3
2023-03-21 20:24:34.922910242,P026,L,S02,Winter,Teen,South,60,No,2023,3
2023-03-21 22:35:59.579964997,P012,M,S12,Summer,Teen,West,66,No,2023,3
2023-03-22 00:47:24.237019751,P013,M,S12,Winter,Adult,West,75,No,2023,3
2023-03-22 02:58:48.894074506,P013,M,S11,Winter,Adult,West,66,Yes,2023,3
2023-03-22 05:10:13.551129260,P029,L,S12,Spring,Adult,West,61,No,2023,3
2023-03-22 07:21:38.208184015,P015,S,S07,Spring,Teen,East,44,No,2023,3
2023-03-22 09:33:02.865238770,P021,XL,S02,Autumn,Adult,South,46,No,2023,3
2023-03-22 11:44:27.522293524,P016,S,S11,Autumn,Senior,West,34,No,2023,3
2023-03-22 13:55:52.179348279,P022,M,S05,Summer,Senior,North,70,No,2023,3
2023-03-22 16:07:16.836403033,P021,M,S12,Winter,Teen,West,59,No,2023,3
2023-03-22 18:18:41.493457788,P011,M,S04,Winter,Senior,North,62,No,2023,3
2023-03-22 20:30:06.150512542,P028,M,S09,Summer,Young Adult,East,68,No,2023,3
2023-03-22 22:41:30.807567297,P005,M,S02,Spring,Adult,South,66,No,2023,3
2023-03-23 00:52:55.464622052,P004,XXL,S07,Autumn,Senior,East,29,No,2023,3
2023-03-23 03:04:20.121676806,P003,L,S07,Summer,Adult,East,55,No,2023,3
2023-03-23 05:15:44.778731561,P019,S,S07,Winter,Senior,East,45,No,2023,3
2023-03-23 07:27:09.435786315,P020,M,S01,Summer,Adult,South,70,No,2023,3
2023-03-23 09:38:34.092841070,P025,XL,S08,Summer,Teen,East,41,No,2023,3
2023-03-23 11:49:58.749895824,P018,M,S02,Winter,Young Adult,South,73,No,2023,3
2023-03-23 14:01:23.406950579,P015,S,S05,Winter,Adult,North,52,No,2023,3
2023-03-23 16:12:48.064005333,P009,L,S02,Autumn,Young Adult,South,61,No,2023,3
2023-03-23 18:24:12.721060088,P017,L,S05,Autumn,Adult,North,61,No,2023,3
2023-03-23 20:35:37.378114843,P014,L,S07,Winter,Teen,East,56,No,2023,3
2023-03-23 22:47:02.035169597,P015,S,S06,Autumn,Young Adult,North,42,No,2023,3
2023-03-24 00:58:26.692224352,P001,S,S12,Autumn,Senior,West,47,No,2023,3
2023-03-24 03:09:51.349279106,P021,L,S05,Autumn,Young Adult,North,50,No,2023,3
2023-03-24 05:21:16.006333861,P022,M,S04,Winter,Adult,North,64,No,2023,3
2023-03-24 07:32:40.663388615,P022,L,S08,Spring,Young Adult,East,68,No,2023,3
2023-03-24 09:44:05.320443370,P003,L,S11,Spring,Teen,West,51,No,2023,3
2023-03-24 11:55:29.977498124,P016,M,S08,Autumn,Young Adult,East,61,No,2023,3
2023-03-24 14:06:54.634552879,P023,XL,S01,Spring,Young Adult,South,50,No,2023,3
2023-03-24 16:18:19.291607634,P025,XL,S10,Autumn,Young Adult,West,57,No,2023,3
2023-03-24 18:29:43.948662388,P011,L,S02,Spring,Senior,South,57,No,2023,3
2023-03-24 20:41:08.605717143,P012,S,S03,Spring,Young Adult,South,56,No,2023,3
2023-03-24 22:52:33.262771897,P010,S,S01,Summer,Adult,South,58,No,2023,3
2023-03-25 01:03:57.919826652,P016,M,S11,Autumn,Adult,West,67,Yes,2023,3
2023-03-25 03:15:22.576881406,P008,M,S03,Spring,Young Adult,South,64,No,2023,3
2023-03-25 05:26:47.233936161,P006,XXL,S10,Spring,Young Adult,West,46,No,2023,3
2023-03-25 07:38:11.890990916,P012,M,S12,Summer,Senior,West,72,No,2023,3
2023-03-25 09:49:36.548045670,P024,M,S08,Spring,Teen,East,62,No,2023,3
2023-03-25 12:01:01.205100425,P028,M,S04,Summer,Adult,North,68,No,2023,3
2023-03-25 14:12:25.862155179,P021,L,S07,Spring,Senior,East,45,No,2023,3
2023-03-25 16:23:50.519209934,P008,S,S07,Summer,Adult,East,38,No,2023,3
2023-03-25 18:35:15.176264688,P026,M,S11,Summer,Adult,West,60,No,2023,3
2023-03-25 20:46:39.833319443,P028,M,S05,Winter,Young Adult,North,68,No,2023,3
2023-03-25 22:58:04.490374198,P004,XL,S12,Autumn,Adult,West,58,No,2023,3
2023-03-26 01:09:29.147428952,P026,S,S01,Winter,Teen,South,42,No,2023,3
2023-03-26 03:20:53.804483707,P008,XL,S10,Autumn,Teen,West,50,No,2023,3
2023-03-26 05:32:18.461538461,P026,XL,S04,Spring,Teen,North,38,No,2023,3
2023-03-26 07:43:43.118593216,P028,M,S07,Autumn,Senior,East,51,No,2023,3
2023-03-26 09:55:07.775647970,P018,L,S05,Winter,Teen,North,62,No,2023,3
2023-03-26 12:06:32.432702725,P028,S,S02,Autumn,Teen,South,46,No,2023,3
2023-03-26 14:17:57.089757479,P028,XXL,S08,Winter,Adult,East,45,No,2023,3
2023-03-26 16:29:21.746812234,P005,L,S02,Autumn,Senior,South,51,No,2023,3
2023-03-26 18:40:46.403866989,P009,M,S11,Spring,Young Adult,West,68,No,2023,3
2023-03-26 20:52:11.060921743,P004,M,S08,Spring,Senior,East,59,No,2023,3
2023-03-26 23:03:35.717976498,P027,S,S11,Autumn,Senior,West,50,No,2023,3
2023-03-27 01:15:00.375031252,P022,XXL,S02,Autumn,Young Adult,South,48,No,2023,3
2023-03-27 03:26:25.032086007,P017,S,S11,Spring,Young Adult,West,48,No,2023,3
2023-03-27 05:37:49.689140761,P009,L,S05,Autumn,Young Adult,North,53,No,2023,3
2023-03-27 07:49:14.346195516,P001,M,S04,Summer,Adult,North,69,No,2023,3
2023-03-27 10:00:39.003250270,P021,XL,S01,Spring,Adult,South,44,No,2023,3
2023-03-27 12:12:03.660305025,P020,M,S12,Spring,Adult,West,64,No,2023,3
2023-03-27 14:23:28.317359780,P013,L,S08,Winter,Teen,East,52,No,2023,3
2023-03-27 16:34:52.974414534,P028,M,S10,Winter,Young Adult,West,66,No,2023,3
2023-03-27 18:46:17.631469289,P016,L,S12,Summer,Adult,West,59,No,2023,3
2023-03-27 20:57:42.288524043,P029,S,S03,Autumn,Adult,South,49,No,2023,3
2023-03-27 23:09:06.945578798,P013,M,S04,Summer,Senior,North,58,No,2023,3
2023-03-28 01:20:31.602633552,P014,M,S04,Autumn,Adult,North,71,No,2023,3
2023-03-28 03:31:56.259688307,P003,L,S05,Winter,Young Adult,North,58,No,2023,3
2023-03-28 05:43:20.916743062,P029,M,S03,Autumn,Young Adult,South,76,No,2023,3
2023-03-28 07:54:45.573797816,P006,L,S09,Winter,Teen,East,64,No,2023,3
2023-03-28 10:06:10.230852571,P018,M,S04,Spring,Teen,North,65,No,2023,3
2023-03-28 12:17:34.887907325,P019,XL,S10,Spring,Senior,West,47,No,2023,3
2023-03-28 14:28:59.544962080,P005,XL,S11,Autumn,Teen,West,38,No,2023,3
2023-03-28 16:40:24.202016834,P015,L,S11,Winter,Young Adult,West,65,No,2023,3
2023-03-28 18:51:48.859071589,P025,M,S04,Summer,Teen,North,66,No,2023,3
2023-03-28 21:03:13.516126344,P002,M,S06,Winter,Teen,North,69,No,2023,3
2023-03-28 23:14:38.173181098,P010,S,S08,Winter,Adult,East,56,No,2023,3
2023-03-29 01:26:02.830235853,P024,M,S07,Winter,Young Adult,East,71,No,2023,3
2023-03-29 03:37:27.487290607,P030,L,S04,Spring,Senior,North,53,Yes,2023,3
2023-03-29 05:48:52.144345362,P018,L,S04,Winter,Teen,North,55,No,2023,3
2023-03-29 08:00:16.801400116,P027,XL,S05,Autumn,Teen,North,41,No,2023,3
2023-03-29 10:11:41.458454871,P013,M,S10,Spring,Senior,West,64,No,2023,3
2023-03-29 12:23:06.115509625,P005,L,S05,Spring,Senior,North,50,No,2023,3
2023-03-29 14:34:30.772564380,P023,M,S12,Spring,Young Adult,West,58,No,2023,3
2023-03-29 16:45:55.429619135,P024,L,S01,Winter,Senior,South,59,No,2023,3
2023-03-29 18:57:20.086673889,P001,M,S08,Summer,Teen,East,73,Yes,2023,3
2023-03-29 21:08:44.743728644,P022,M,S10,Winter,Young Adult,West,80,No,2023,3
2023-03-29 23:20:09.400783398,P001,M,S05,Winter,Young Adult,North,74,No,2023,3
2023-03-30 01:31:34.057838153,P018,L,S03,Summer,Senior,South,63,No,2023,3
2023-03-30 03:42:58.714892907,P015,XL,S03,Winter,Young Adult,South,50,No,2023,3
2023-03-30 05:54:23.371947662,P017,M,S04,Autumn,Teen,North,59,No,2023,3
2023-03-30 08:05:48.029002416,P011,S,S12,Summer,Teen,West,41,No,2023,3
2023-03-30 10:17:12.686057171,P021,M,S07,Autumn,Teen,East,49,No,2023,3
2023-03-30 12:28:37.343111926,P026,L,S05,Autumn,Young Adult,North,49,No,2023,3
2023-03-30 14:40:02.000166680,P025,M,S01,Spring,Senior,South,61,No,2023,3
2023-03-30 16:51:26.657221435,P022,L,S12,Spring,Teen,West,64,No,2023,3
2023-03-30 19:02:51.314276189,P027,XXL,S05,Summer,Adult,North,48,No,2023,3
2023-03-30 21:14:15.971330944,P027,XL,S05,Winter,Senior,North,49,No,2023,3
2023-03-30 23:25:40.628385698,P017,M,S06,Autumn,Young Adult,North,65,No,2023,3
2023-03-31 01:37:05.285440453,P013,XL,S07,Winter,Teen,East,45,No,2023,3
2023-03-31 03:48:29.942495208,P001,L,S05,Autumn,Young Adult,North,69,No,2023,3
2023-03-31 05:59:54.599549962,P002,M,S11,Spring,Teen,West,66,No,2023,3
2023-03-31 08:11:19.256604717,P009,L,S02,Spring,Young Adult,South,57,No,2023,3
2023-03-31 10:22:43.913659471,P003,XL,S02,Spring,Adult,South,53,No,2023,3
2023-03-31 12:34:08.570714226,P001,M,S04,Summer,Young Adult,North,80,No,2023,3
2023-03-31 14:45:33.227768980,P021,M,S01,Autumn,Young Adult,South,58,No,2023,3
2023-03-31 16:56:57.884823735,P016,M,S07,Winter,Young Adult,East,64,No,2023,3
2023-03-31 19:08:22.541878490,P023,L,S01,Autumn,Teen,South,58,No,2023,3
2023-03-31 21:19:47.198933244,P006,M,S03,Winter,Senior,South,74,No,2023,3
2023-03-31 23:31:11.855987999,P028,XL,S10,Winter,Young Adult,West,55,No,2023,3
2023-04-01 01:42:36.513042753,P017,L,S07,Winter,Senior,East,66,No,2023,4
2023-04-01 03:54:01.170097508,P005,L,S11,Autumn,Teen,West,45,No,2023,4
2023-04-01 06:05:25.827152262,P005,S,S12,Spring,Young Adult,West,49,No,2023,4
2023-04-01 08:16:50.484207017,P006,L,S12,Summer,Teen,West,56,No,2023,4
2023-04-01 10:28:15.141261771,P003,S,S06,Summer,Senior,North,44,No,2023,4
2023-04-01 12:39:39.798316526,P021,S,S07,Spring,Teen,East,42,No,2023,4
2023-04-01 14:51:04.455371281,P023,L,S05,Summer,Teen,North,55,Yes,2023,4
2023-04-01 17:02:29.112426035,P005,M,S08,Winter,Senior,East,60,No,2023,4
2023-04-01 19:13:53.769480790,P021,L,S06,Summer,Teen,North,53,No,2023,4
2023-04-01 21:25:18.426535544,P005,S,S12,Autumn,Senior,West,36,No,2023,4
2023-04-01 23:36:43.083590299,P010,M,S04,Spring,Senior,North,59,No,2023,4
2023-04-02 01:48:07.740645053,P010,M,S11,Spring,Young Adult,West,77,No,2023,4
2023-04-02 03:59:32.397699808,P019,XXL,S01,Spring,Young Adult,South,43,No,2023,4
2023-04-02 06:10:57.054754562,P017,L,S02,Spring,Teen,South,66,No,2023,4
2023-04-02 08:22:21.711809317,P021,L,S12,Autumn,Teen,West,58,No,2023,4
2023-04-02 10:33:46.368864072,P014,M,S06,Winter,Teen,North,73,No,2023,4
2023-04-02 12:45:11.025918826,P009,S,S04,Winter,Adult,North,42,No,2023,4
2023-04-02 14:56:35.682973581,P014,XXL,S03,Winter,Adult,South,39,No,2023,4
2023-04-02 17:08:00.340028335,P001,M,S07,Summer,Young Adult,East,71,No,2023,4
2023-04-02 19:19:24.997083090,P019,M,S07,Winter,Senior,East,57,Yes,2023,4
2023-04-02 21:30:49.654137844,P013,L,S02,Summer,Adult,South,67,No,2023,4
2023-04-02 23:42:14.311192599,P013,S,S08,Autumn,Adult,East,42,No,2023,4
2023-04-03 01:53:38.968247354,P004,XL,S11,Summer,Senior,West,48,No,2023,4
2023-04-03 04:05:03.625302108,P030,L,S01,Winter,Teen,South,68,Yes,2023,4
2023-04-03 06:16:28.282356863,P001,M,S11,Spring,Teen,West,60,No,2023,4
2023-04-03 08:27:52.939411617,P017,S,S10,Autumn,Adult,West,52,No,2023,4
2023-04-03 10:39:17.596466372,P008,M,S07,Winter,Adult,East,59,No,2023,4
2023-04-03 12:50:42.253521126,P002,XL,S10,Winter,Senior,West,55,Yes,2023,4
2023-04-03 15:02:06.910575881,P028,L,S12,Winter,Senior,West,58,No,2023,4
2023-04-03 17:13:31.567630636,P008,M,S01,Autumn,Adult,South,62,No,2023,4
2023-04-03 19:24:56.224685390,P007,S,S12,Spring,Senior,West,50,No,2023,4
2023-04-03 21:36:20.881740145,P026,L,S03,Spring,Teen,South,50,No,2023,4
2023-04-03 23:47:45.538794899,P026,L,S03,Spring,Young Adult,South,59,No,2023,4
2023-04-04 01:59:10.195849654,P002,M,S10,Winter,Adult,West,80,No,2023,4
2023-04-04 04:10:34.852904408,P022,M,S02,Summer,Young Adult,South,76,No,2023,4
2023-04-04 06:21:59.509959163,P022,M,S10,Winter,Senior,West,66,No,2023,4
2023-04-04 08:33:24.167013917,P003,L,S05,Spring,Young Adult,North,56,No,2023,4
2023-04-04 10:44:48.824068672,P027,XXL,S04,Autumn,Adult,North,40,No,2023,4
2023-04-04 12:56:13.481123427,P018,M,S06,Summer,Senior,North,63,No,2023,4
2023-04-04 15:07:38.138178181,P012,L,S02,Summer,Young Adult,South,63,No,2023,4
2023-04-04 17:19:02.795232936,P001,M,S04,Winter,Teen,North,66,No,2023,4
2023-04-04 19:30:27.452287690,P022,M,S12,Autumn,Adult,West,71,No,2023,4
2023-04-04 21:41:52.109342445,P012,M,S07,Summer,Adult,East,63,No,2023,4
2023-04-04 23:53:16.766397199,P005,XL,S01,Spring,Adult,South,49,No,2023,4
2023-04-05 02:04:41.423451954,P030,M,S11,Winter,Adult,West,76,No,2023,4
2023-04-05 04:16:06.080506708,P030,L,S03,Winter,Senior,South,59,No,2023,4
2023-04-05 06:27:30.737561463,P027,M,S01,Spring,Teen,South,64,No,2023,4
2023-04-05 08:38:55.394616218,P025,M,S02,Spring,Teen,South,56,No,2023,4
2023-04-05 10:50:20.051670972,P017,S,S09,Spring,Young Adult,East,46,No,2023,4
2023-04-05 13:01:44.708725727,P016,L,S10,Summer,Adult,West,60,No,2023,4
2023-04-05 15:13:09.365780481,P015,M,S05,Autumn,Adult,North,53,Yes,2023,4
2023-04-05 17:24:34.022835236,P023,L,S04,Summer,Young Adult,North,63,No,2023,4
2023-04-05 19:35:58.679889990,P015,M,S12,Autumn,Senior,West,54,No,2023,4
2023-04-05 21:47:23.336944745,P005,M,S04,Winter,Teen,North,61,No,2023,4
2023-04-05 23:58:47.993999500,P021,M,S08,Autumn,Adult,East,53,No,2023,4
2023-04-06 02:10:12.651054254,P014,M,S12,Spring,Young Adult,West,68,No,2023,4
2023-04-06 04:21:37.308109009,P002,S,S03,Summer,Teen,South,48,No,2023,4
2023-04-06 06:33:01.965163763,P011,M,S12,Spring,Young Adult,West,75,No,2023,4
2023-04-06 08:44:26.622218518,P019,L,S12,Winter,Young Adult,West,71,Yes,2023,4
2023-04-06 10:55:51.279273272,P007,L,S04,Summer,Senior,North,57,No,2023,4
2023-04-06 13:07:15.936328027,P006,M,S02,Summer,Teen,South,67,No,2023,4
2023-04-06 15:18:40.593382782,P028,M,S06,Spring,Adult,North,68,No,2023,4
2023-04-06 17:30:05.250437536,P002,M,S12,Summer,Teen,West,69,No,2023,4
2023-04-06 19:41:29.907492291,P006,M,S09,Spring,Senior,East,55,No,2023,4
2023-04-06 21:52:54.564547045,P018,S,S12,Autumn,Adult,West,50,No,2023,4
2023-04-07 00:04:19.221601800,P002,XL,S04,Winter,Teen,North,55,No,2023,4
2023-04-07 02:15:43.878656554,P018,M,S11,Spring,Senior,West,60,Yes,2023,4
2023-04-07 04:27:08.535711309,P030,M,S06,Winter,Adult,North,75,No,2023,4
2023-04-07 06:38:33.192766063,P015,M,S04,Summer,Adult,North,67,No,2023,4
2023-04-07 08:49:57.849820818,P027,S,S02,Winter,Young Adult,South,58,No,2023,4
2023-04-07 11:01:22.506875573,P019,L,S06,Winter,Young Adult,North,61,No,2023,4
2023-04-07 13:12:47.163930327,P002,S,S12,Winter,Senior,West,45,No,2023,4
2023-04-07 15:24:11.820985082,P020,S,S07,Summer,Adult,East,44,No,2023,4
2023-04-07 17:35:36.478039836,P025,L,S04,Autumn,Teen,North,56,No,2023,4
2023-04-07 19:47:01.135094591,P006,M,S12,Autumn,Adult,West,61,No,2023,4
2023-04-07 21:58:25.792149345,P001,L,S11,Autumn,Senior,West,63,No,2023,4
2023-04-08 00:09:50.449204100,P024,L,S07,Spring,Teen,East,54,No,2023,4
2023-04-08 02:21:15.106258854,P015,M,S11,Spring,Adult,West,64,No,2023,4
2023-04-08 04:32:39.763313609,P028,L,S08,Summer,Teen,East,56,No,2023,4
2023-04-08 06:44:04.420368364,P030,S,S11,Autumn,Young Adult,West,52,No,2023,4
2023-04-08 08:55:29.077423118,P023,L,S03,Winter,Teen,South,56,No,2023,4
2023-04-08 11:06:53.734477873,P010,M,S02,Autumn,Young Adult,South,79,No,2023,4
2023-04-08 13:18:18.391532627,P019,M,S05,Spring,Teen,North,57,Yes,2023,4
2023-04-08 15:29:43.048587382,P017,L,S02,Summer,Young Adult,South,69,No,2023,4
2023-04-08 17:41:07.705642136,P005,XL,S10,Autumn,Senior,West,43,No,2023,4
2023-04-08 19:52:32.362696891,P029,XXL,S05,Spring,Teen,North,29,No,2023,4
2023-04-08 22:03:57.019751646,P004,L,S10,Spring,Adult,West,62,No,2023,4
2023-04-09 00:15:21.676806400,P010,M,S06,Winter,Senior,North,67,No,2023,4
2023-04-09 02:26:46.333861155,P024,M,S08,Autumn,Senior,East,56,No,2023,4
2023-04-09 04:38:10.990915909,P017,M,S06,Winter,Teen,North,77,No,2023,4
2023-04-09 06:49:35.647970664,P010,M,S04,Autumn,Senior,North,65,No,2023,4
2023-04-09 09:01:00.305025418,P017,M,S03,Summer,Young Adult,South,83,No,2023,4
2023-04-09 11:12:24.962080173,P028,XL,S02,Autumn,Young Adult,South,53,Yes,2023,4
2023-04-09 13:23:49.619134928,P020,M,S01,Winter,Teen,South,68,No,2023,4
2023-04-09 15:35:14.276189682,P024,M,S02,Winter,Senior,South,61,No,2023,4
2023-04-09 17:46:38.933244437,P005,M,S02,Spring,Adult,South,61,No,2023,4
2023-04-09 19:58:03.590299191,P002,XL,S05,Autumn,Teen,North,47,No,2023,4
2023-04-09 22:09:28.247353946,P006,L,S09,Autumn,Teen,East,56,No,2023,4
2023-04-10 00:20:52.904408700,P021,L,S01,Summer,Senior,South,52,No,2023,4
2023-04-10 02:32:17.561463455,P002,M,S04,Spring,Young Adult,North,76,No,2023,4
2023-04-10 04:43:42.218518209,P013,XL,S10,Winter,Senior,West,42,No,2023,4
2023-04-10 06:55:06.875572964,P030,S,S07,Autumn,Adult,East,40,No,2023,4
2023-04-10 09:06:31.532627719,P011,XL,S11,Spring,Adult,West,55,No,2023,4
2023-04-10 11:17:56.189682473,P011,L,S10,Summer,Adult,West,58,No,2023,4
2023-04-10 13:29:20.846737228,P016,M,S03,Spring,Adult,South,64,No,2023,4
2023-04-10 15:40:45.503791982,P011,M,S08,Autumn,Teen,East,60,No,2023,4
2023-04-10 17:52:10.160846737,P019,L,S03,Autumn,Adult,South,56,No,2023,4
2023-04-10 20:03:34.817901491,P015,S,S08,Summer,Adult,East,43,No,2023,4
2023-04-10 22:14:59.474956246,P025,XL,S02,Summer,Adult,South,51,No,2023,4
2023-04-11 00:26:24.132011000,P023,M,S05,Summer,Senior,North,59,No,2023,4
2023-04-11 02:37:48.789065755,P023,M,S04,Winter,Young Adult,North,61,No,2023,4
2023-04-11 04:49:13.446120510,P016,S,S11,Spring,Young Adult,West,41,Yes,2023,4
2023-04-11 07:00:38.103175264,P011,M,S09,Spring,Young Adult,East,67,No,2023,4
2023-04-11 09:12:02.760230019,P022,M,S03,Spring,Adult,South,75,No,2023,4
2023-04-11 11:23:27.417284773,P016,M,S12,Winter,Senior,West,73,No,2023,4
2023-04-11 13:34:52.074339528,P008,L,S11,Spring,Teen,West,59,No,2023,4
2023-04-11 15:46:16.731394282,P004,M,S05,Summer,Senior,North,69,No,2023,4
2023-04-11 17:57:41.388449037,P008,XXL,S10,Spring,Teen,West,36,No,2023,4
2023-04-11 20:09:06.045503792,P004,L,S09,Winter,Senior,East,64,No,2023,4
2023-04-11 22:20:30.702558546,P024,XL,S06,Winter,Young Adult,North,57,No,2023,4
2023-04-12 00:31:55.359613301,P025,S,S02,Spring,Young Adult,South,44,No,2023,4
2023-04-12 02:43:20.016668055,P003,M,S01,Winter,Adult,South,70,No,2023,4
2023-04-12 04:54:44.673722810,P003,M,S12,Winter,Young Adult,West,69,No,2023,4
2023-04-12 07:06:09.330777564,P027,L,S11,Spring,Young Adult,West,64,No,2023,4
2023-04-12 09:17:33.987832319,P029,XL,S01,Winter,Young Adult,South,67,No,2023,4
2023-04-12 11:28:58.644887074,P018,S,S07,Winter,Senior,East,48,No,2023,4
2023-04-12 13:40:23.301941828,P029,S,S12,Spring,Young Adult,West,52,No,2023,4
2023-04-12 15:51:47.958996583,P026,XL,S02,Summer,Teen,South,40,No,2023,4
2023-04-12 18:03:12.616051337,P019,M,S07,Summer,Adult,East,62,No,2023,4
2023-04-12 20:14:37.273106092,P019,L,S01,Winter,Senior,South,63,No,2023,4
2023-04-12 22:26:01.930160846,P021,L,S04,Autumn,Teen,North,45,No,2023,4
2023-04-13 00:37:26.587215601,P005,XL,S10,Autumn,Senior,West,39,No,2023,4
2023-04-13 02:48:51.244270355,P018,S,S11,Spring,Young Adult,West,47,No,2023,4
2023-04-13 05:00:15.901325110,P028,S,S04,Spring,Senior,North,43,No,2023,4
2023-04-13 07:11:40.558379865,P010,L,S05,Summer,Senior,North,55,No,2023,4
2023-04-13 09:23:05.215434619,P029,XL,S10,Autumn,Adult,West,57,No,2023,4
2023-04-13 11:34:29.872489374,P022,M,S01,Spring,Senior,South,72,No,2023,4
2023-04-13 13:45:54.529544128,P021,M,S07,Autumn,Senior,East,52,No,2023,4
2023-04-13 15:57:19.186598883,P006,L,S11,Autumn,Adult,West,58,No,2023,4
2023-04-13 18:08:43.843653637,P001,XL,S02,Winter,Senior,South,60,No,2023,4
2023-04-13 20:20:08.500708392,P005,XL,S12,Winter,Senior,West,39,No,2023,4
2023-04-13 22:31:33.157763146,P009,XXL,S11,Autumn,Teen,West,37,No,2023,4
2023-04-14 00:42:57.814817901,P012,S,S11,Summer,Teen,West,48,Yes,2023,4
2023-04-14 02:54:22.471872656,P026,S,S02,Spring,Senior,South,35,No,2023,4
2023-04-14 05:05:47.128927410,P014,L,S08,Spring,Senior,East,60,No,2023,4
2023-04-14 07:17:11.785982165,P002,XL,S09,Summer,Young Adult,East,56,No,2023,4
2023-04-14 09:28:36.443036919,P017,M,S06,Winter,Teen,North,64,No,2023,4
2023-04-14 11:40:01.100091674,P014,M,S11,Winter,Young Adult,West,72,No,2023,4
2023-04-14 13:51:25.757146428,P026,L,S01,Summer,Senior,South,49,No,2023,4
2023-04-14 16:02:50.414201183,P013,S,S01,Summer,Young Adult,South,45,No,2023,4
2023-04-14 18:14:15.071255938,P027,M,S11,Winter,Young Adult,West,79,No,2023,4
2023-04-14 20:25:39.728310692,P009,L,S07,Autumn,Adult,East,62,Yes,2023,4
2023-04-14 22:37:04.385365447,P026,L,S08,Winter,Adult,East,55,No,2023,4
2023-04-15 00:48:29.042420201,P025,L,S03,Autumn,Senior,South,52,No,2023,4
2023-04-15 02:59:53.699474956,P015,M,S09,Spring,Teen,East,53,No,2023,4
2023-04-15 05:11:18.356529710,P025,L,S04,Spring,Senior,North,52,No,2023,4
2023-04-15 07:22:43.013584464,P022,L,S04,Autumn,Teen,North,62,No,2023,4
2023-04-15 09:34:07.670639220,P015,L,S03,Autumn,Adult,South,52,No,2023,4
2023-04-15 11:45:32.327693974,P024,L,S08,Winter,Teen,East,63,No,2023,4
2023-04-15 13:56:56.984748728,P030,M,S09,Summer,Young Adult,East,70,No,2023,4
2023-04-15 16:08:21.641803484,P011,S,S01,Autumn,Young Adult,South,47,No,2023,4
2023-04-15 18:19:46.298858238,P016,S,S02,Spring,Adult,South,51,No,2023,4
2023-04-15 20:31:10.955912992,P029,M,S01,Winter,Senior,South,72,No,2023,4
2023-04-15 22:42:35.612967746,P017,L,S04,Spring,Teen,North,53,Yes,2023,4
2023-04-16 00:54:00.270022502,P026,XL,S10,Winter,Senior,West,53,Yes,2023,4
2023-04-16 03:05:24.927077256,P004,L,S07,Summer,Teen,East,56,No,2023,4
2023-04-16 05:16:49.584132010,P001,L,S07,Summer,Adult,East,57,No,2023,4
2023-04-16 07:28:14.241186766,P008,M,S12,Spring,Young Adult,West,64,No,2023,4
2023-04-16 09:39:38.898241520,P017,M,S06,Autumn,Young Adult,North,63,No,2023,4
2023-04-16 11:51:03.555296274,P003,M,S11,Autumn,Teen,West,63,No,2023,4
2023-04-16 14:02:28.212351028,P029,M,S05,Spring,Senior,North,60,No,2023,4
2023-04-16 16:13:52.869405784,P020,S,S11,Autumn,Adult,West,34,No,2023,4
2023-04-16 18:25:17.526460538,P015,L,S04,Autumn,Adult,North,60,No,2023,4
2023-04-16 20:36:42.183515292,P015,XXL,S12,Spring,Senior,West,34,No,2023,4
2023-04-16 22:48:06.840570048,P024,M,S08,Spring,Young Adult,East,70,No,2023,4
2023-04-17 00:59:31.497624802,P022,S,S07,Summer,Senior,East,50,No,2023,4
2023-04-17 03:10:56.154679556,P014,L,S11,Spring,Young Adult,West,56,No,2023,4
2023-04-17 05:22:20.811734310,P026,M,S11,Summer,Teen,West,57,No,2023,4
2023-04-17 07:33:45.468789066,P028,XL,S10,Summer,Adult,West,51,No,2023,4
2023-04-17 09:45:10.125843820,P023,L,S01,Winter,Teen,South,57,No,2023,4
2023-04-17 11:56:34.782898574,P014,XL,S06,Autumn,Senior,North,44,Yes,2023,4
2023-04-17 14:07:59.439953328,P024,M,S02,Spring,Senior,South,66,No,2023,4
2023-04-17 16:19:24.097008084,P002,L,S04,Autumn,Teen,North,62,No,2023,4
2023-04-17 18:30:48.754062838,P013,M,S05,Winter,Senior,North,64,No,2023,4
2023-04-17 20:42:13.411117592,P026,L,S08,Spring,Senior,East,55,No,2023,4
2023-04-17 22:53:38.068172348,P014,M,S06,Spring,Senior,North,57,No,2023,4
2023-04-18 01:05:02.725227102,P027,M,S11,Winter,Adult,West,68,No,2023,4
2023-04-18 03:16:27.382281856,P024,L,S02,Autumn,Adult,South,61,No,2023,4
2023-04-18 05:27:52.039336610,P019,L,S05,Summer,Young Adult,North,64,No,2023,4
2023-04-18 07:39:16.696391366,P007,XL,S05,Winter,Adult,North,63,No,2023,4
2023-04-18 09:50:41.353446120,P003,L,S06,Winter,Teen,North,64,No,2023,4
2023-04-18 12:02:06.010500874,P015,L,S01,Spring,Teen,South,61,No,2023,4
2023-04-18 14:13:30.667555630,P023,S,S08,Summer,Adult,East,45,No,2023,4
2023-04-18 16:24:55.324610384,P014,L,S03,Winter,Teen,South,69,No,2023,4
2023-04-18 18:36:19.981665138,P011,L,S05,Autumn,Senior,North,59,No,2023,4
2023-04-18 20:47:44.638719892,P015,XL,S07,Winter,Adult,East,54,No,2023,4
2023-04-18 22:59:09.295774648,P028,XL,S03,Autumn,Young Adult,South,53,No,2023,4
2023-04-19 01:10:33.952829402,P013,S,S10,Spring,Young Adult,West,41,No,2023,4
2023-04-19 03:21:58.609884156,P018,XL,S06,Winter,Adult,North,53,No,2023,4
2023-04-19 05:33:23.266938912,P026,S,S05,Autumn,Teen,North,38,No,2023,4
2023-04-19 07:44:47.923993666,P006,M,S07,Spring,Adult,East,67,No,2023,4
2023-04-19 09:56:12.581048420,P003,L,S10,Spring,Adult,West,58,No,2023,4
2023-04-19 12:07:37.238103174,P019,S,S11,Spring,Young Adult,West,43,No,2023,4
2023-04-19 14:19:01.895157930,P015,L,S03,Winter,Senior,South,62,No,2023,4
2023-04-19 16:30:26.552212684,P025,S,S02,Spring,Senior,South,47,No,2023,4
2023-04-19 18:41:51.209267438,P023,M,S04,Spring,Adult,North,66,No,2023,4
2023-04-19 20:53:15.866322194,P005,L,S03,Autumn,Young Adult,South,52,No,2023,4
2023-04-19 23:04:40.523376948,P028,L,S04,Spring,Young Adult,North,61,No,2023,4
2023-04-20 01:16:05.180431702,P010,XL,S07,Winter,Adult,East,56,Yes,2023,4
2023-04-20 03:27:29.837486456,P007,L,S05,Summer,Adult,North,69,Yes,2023,4
2023-04-20 05:38:54.494541212,P025,L,S04,Spring,Adult,North,51,No,2023,4
2023-04-20 07:50:19.151595966,P017,M,S06,Winter,Senior,North,72,No,2023,4
2023-04-20 10:01:43.808650720,P007,S,S07,Spring,Adult,East,42,No,2023,4
2023-04-20 12:13:08.465705476,P022,S,S12,Winter,Young Adult,West,51,No,2023,4
2023-04-20 14:24:33.122760230,P026,L,S11,Spring,Adult,West,56,No,2023,4
2023-04-20 16:35:57.779814984,P030,L,S05,Autumn,Young Adult,North,59,No,2023,4
2023-04-20 18:47:22.436869738,P012,M,S12,Summer,Young Adult,West,70,No,2023,4
2023-04-20 20:58:47.093924494,P025,L,S07,Summer,Teen,East,52,No,2023,4
2023-04-20 23:10:11.750979248,P017,L,S03,Winter,Young Adult,South,71,Yes,2023,4
2023-04-21 01:21:36.408034002,P013,S,S07,Winter,Teen,East,36,No,2023,4
2023-04-21 03:33:01.065088756,P020,M,S12,Summer,Adult,West,68,No,2023,4
2023-04-21 05:44:25.722143512,P025,XL,S03,Autumn,Teen,South,46,No,2023,4
2023-04-21 07:55:50.379198266,P004,L,S06,Autumn,Senior,North,55,No,2023,4
2023-04-21 10:07:15.036253020,P010,XL,S08,Spring,Senior,East,48,Yes,2023,4
2023-04-21 12:18:39.693307776,P003,S,S06,Autumn,Senior,North,38,Yes,2023,4
2023-04-21 14:30:04.350362530,P009,XXL,S10,Summer,Adult,West,34,No,2023,4
2023-04-21 16:41:29.007417284,P013,M,S11,Summer,Young Adult,West,76,No,2023,4
2023-04-21 18:52:53.664472038,P018,S,S03,Autumn,Senior,South,43,No,2023,4
2023-04-21 21:04:18.321526794,P015,XXL,S12,Autumn,Teen,West,30,No,2023,4
2023-04-21 23:15:42.978581548,P004,M,S05,Summer,Adult,North,76,No,2023,4
2023-04-22 01:27:07.635636302,P015,L,S09,Summer,Adult,East,50,No,2023,4
2023-04-22 03:38:32.292691058,P022,M,S08,Summer,Teen,East,63,No,2023,4
2023-04-22 05:49:56.949745812,P002,L,S06,Summer,Teen,North,58,No,2023,4
2023-04-22 08:01:21.606800566,P015,XL,S09,Summer,Adult,East,50,No,2023,4
2023-04-22 10:12:46.263855320,P008,M,S02,Autumn,Adult,South,57,No,2023,4
2023-04-22 12:24:10.920910076,P008,L,S11,Autumn,Young Adult,West,63,No,2023,4
2023-04-22 14:35:35.577964830,P017,M,S09,Spring,Adult,East,62,No,2023,4
2023-04-22 16:47:00.235019584,P012,L,S10,Spring,Teen,West,64,No,2023,4
2023-04-22 18:58:24.892074340,P019,M,S10,Winter,Adult,West,68,No,2023,4
2023-04-22 21:09:49.549129094,P010,M,S06,Spring,Adult,North,62,No,2023,4
2023-04-22 23:21:14.206183848,P009,M,S09,Autumn,Teen,East,66,No,2023,4
2023-04-23 01:32:38.863238602,P005,M,S12,Spring,Young Adult,West,66,No,2023,4
2023-04-23 03:44:03.520293358,P006,XL,S04,Spring,Adult,North,43,No,2023,4
2023-04-23 05:55:28.177348112,P020,M,S05,Autumn,Senior,North,50,No,2023,4
2023-04-23 08:06:52.834402866,P026,M,S02,Summer,Senior,South,65,No,2023,4
2023-04-23 10:18:17.491457620,P002,M,S03,Autumn,Teen,South,65,No,2023,4
2023-04-23 12:29:42.148512376,P027,M,S01,Autumn,Teen,South,66,No,2023,4
2023-04-23 14:41:06.805567130,P024,L,S04,Winter,Teen,North,55,No,2023,4
2023-04-23 16:52:31.462621884,P027,XXL,S12,Winter,Senior,West,40,Yes,2023,4
2023-04-23 19:03:56.119676640,P013,M,S02,Winter,Teen,South,62,No,2023,4
2023-04-23 21:15:20.776731394,P006,XL,S12,Summer,Senior,West,47,No,2023,4
2023-04-23 23:26:45.433786148,P005,L,S02,Spring,Young Adult,South,58,No,2023,4
2023-04-24 01:38:10.090840902,P025,M,S01,Winter,Teen,South,67,No,2023,4
2023-04-24 03:49:34.747895658,P001,L,S10,Autumn,Adult,West,59,No,2023,4
2023-04-24 06:00:59.404950412,P021,L,S12,Winter,Young Adult,West,68,Yes,2023,4
2023-04-24 08:12:24.062005166,P022,L,S02,Autumn,Senior,South,60,No,2023,4
2023-04-24 10:23:48.719059922,P021,XL,S04,Summer,Teen,North,47,No,2023,4
2023-04-24 12:35:13.376114676,P006,M,S06,Winter,Adult,North,69,No,2023,4
2023-04-24 14:46:38.033169430,P006,XL,S12,Autumn,Senior,West,46,No,2023,4
2023-04-24 16:58:02.690224184,P023,L,S07,Spring,Young Adult,East,61,No,2023,4
2023-04-24 19:09:27.347278940,P016,M,S07,Summer,Adult,East,66,Yes,2023,4
2023-04-24 21:20:52.004333694,P004,L,S07,Autumn,Young Adult,East,58,No,2023,4
2023-04-24 23:32:16.661388448,P030,M,S04,Spring,Teen,North,55,No,2023,4
2023-04-25 01:43:41.318443204,P011,XXL,S12,Spring,Adult,West,40,No,2023,4
2023-04-25 03:55:05.975497958,P030,L,S05,Autumn,Teen,North,53,No,2023,4
2023-04-25 06:06:30.632552712,P030,S,S11,Winter,Senior,West,48,Yes,2023,4
2023-04-25 08:17:55.289607466,P030,M,S12,Spring,Senior,West,63,No,2023,4
2023-04-25 10:29:19.946662222,P024,L,S03,Summer,Young Adult,South,66,No,2023,4
2023-04-25 12:40:44.603716976,P023,S,S01,Spring,Teen,South,40,No,2023,4
2023-04-25 14:52:09.260771730,P009,S,S08,Winter,Teen,East,43,Yes,2023,4
2023-04-25 17:03:33.917826486,P023,M,S10,Summer,Adult,West,57,No,2023,4
2023-04-25 19:14:58.574881240,P003,M,S11,Summer,Senior,West,69,No,2023,4
2023-04-25 21:26:23.231935994,P019,M,S07,Summer,Teen,East,58,No,2023,4
2023-04-25 23:37:47.888990748,P008,M,S09,Autumn,Teen,East,53,No,2023,4
2023-04-26 01:49:12.546045504,P005,M,S10,Spring,Teen,West,57,No,2023,4
2023-04-26 04:00:37.203100258,P004,L,S04,Winter,Senior,North,66,No,2023,4
2023-04-26 06:12:01.860155012,P024,L,S12,Autumn,Senior,West,54,No,2023,4
2023-04-26 08:23:26.517209768,P006,M,S12,Autumn,Senior,West,53,No,2023,4
2023-04-26 10:34:51.174264522,P002,M,S05,Summer,Young Adult,North,78,No,2023,4
2023-04-26 12:46:15.831319276,P020,L,S05,Autumn,Senior,North,51,No,2023,4
2023-04-26 14:57:40.488374030,P028,S,S07,Spring,Senior,East,34,No,2023,4
2023-04-26 17:09:05.145428786,P011,S,S09,Autumn,Senior,East,34,No,2023,4
2023-04-26 19:20:29.802483540,P004,S,S08,Autumn,Adult,East,49,No,2023,4
2023-04-26 21:31:54.459538294,P015,XL,S07,Summer,Adult,East,40,No,2023,4
2023-04-26 23:43:19.116593048,P006,L,S01,Summer,Teen,South,63,No,2023,4
2023-04-27 01:54:43.773647804,P022,L,S12,Autumn,Adult,West,57,No,2023,4
2023-04-27 04:06:08.430702558,P017,L,S10,Summer,Young Adult,West,68,No,2023,4
2023-04-27 06:17:33.087757312,P030,L,S06,Winter,Young Adult,North,72,No,2023,4
2023-04-27 08:28:57.744812068,P024,M,S10,Winter,Teen,West,73,No,2023,4
2023-04-27 10:40:22.401866822,P006,L,S09,Winter,Teen,East,65,No,2023,4
2023-04-27 12:51:47.058921576,P019,S,S07,Autumn,Young Adult,East,39,No,2023,4
2023-04-27 15:03:11.715976330,P030,L,S01,Spring,Young Adult,South,59,No,2023,4
2023-04-27 17:14:36.373031086,P025,L,S09,Spring,Young Adult,East,52,No,2023,4
2023-04-27 19:26:01.030085840,P002,L,S03,Summer,Teen,South,68,No,2023,4
2023-04-27 21:37:25.687140594,P015,M,S09,Spring,Young Adult,East,67,No,2023,4
2023-04-27 23:48:50.344195350,P011,M,S04,Spring,Teen,North,60,No,2023,4
2023-04-28 02:00:15.001250104,P008,L,S09,Autumn,Young Adult,East,55,No,2023,4
2023-04-28 04:11:39.658304858,P026,L,S08,Summer,Young Adult,East,58,No,2023,4
2023-04-28 06:23:04.315359612,P019,XL,S07,Spring,Adult,East,45,No,2023,4
2023-04-28 08:34:28.972414368,P013,M,S04,Winter,Young Adult,North,75,No,2023,4
2023-04-28 10:45:53.629469122,P012,L,S09,Summer,Teen,East,53,No,2023,4
2023-04-28 12:57:18.286523876,P005,L,S04,Summer,Young Adult,North,53,No,2023,4
2023-04-28 15:08:42.943578632,P006,XL,S01,Summer,Senior,South,46,No,2023,4
2023-04-28 17:20:07.600633386,P026,L,S06,Winter,Adult,North,56,No,2023,4
2023-04-28 19:31:32.257688140,P022,L,S04,Spring,Young Adult,North,66,No,2023,4
2023-04-28 21:42:56.914742894,P004,L,S10,Winter,Young Adult,West,74,No,2023,4
2023-04-28 23:54:21.571797650,P019,L,S03,Summer,Senior,South,57,No,2023,4
2023-04-29 02:05:46.228852404,P020,XXL,S12,Summer,Senior,West,28,Yes,2023,4
2023-04-29 04:17:10.885907158,P001,S,S05,Autumn,Senior,North,49,No,2023,4
2023-04-29 06:28:35.542961912,P020,S,S03,Autumn,Senior,South,45,No,2023,4
2023-04-29 08:40:00.200016668,P017,XL,S11,Autumn,Senior,West,54,No,2023,4
2023-04-29 10:51:24.857071422,P012,L,S09,Autumn,Senior,East,50,No,2023,4
2023-04-29 13:02:49.514126176,P015,L,S12,Summer,Young Adult,West,59,No,2023,4
2023-04-29 15:14:14.171180932,P001,M,S06,Winter,Teen,North,75,No,2023,4
2023-04-29 17:25:38.828235686,P026,S,S03,Autumn,Young Adult,South,42,No,2023,4
2023-04-29 19:37:03.485290440,P014,L,S05,Winter,Young Adult,North,72,No,2023,4
2023-04-29 21:48:28.142345194,P006,L,S08,Autumn,Young Adult,East,58,No,2023,4
2023-04-29 23:59:52.799399950,P005,M,S08,Spring,Adult,East,57,No,2023,4
2023-04-30 02:11:17.456454704,P030,M,S06,Autumn,Teen,North,63,No,2023,4
2023-04-30 04:22:42.113509458,P011,XL,S05,Winter,Teen,North,48,No,2023,4
2023-04-30 06:34:06.770564214,P004,S,S05,Autumn,Adult,North,46,No,2023,4
2023-04-30 08:45:31.427618968,P013,XL,S01,Spring,Teen,South,48,No,2023,4
2023-04-30 10:56:56.084673722,P011,M,S02,Winter,Adult,South,68,No,2023,4
2023-04-30 13:08:20.741728476,P003,L,S12,Winter,Young Adult,West,71,No,2023,4
2023-04-30 15:19:45.398783232,P001,XL,S11,Winter,Teen,West,49,No,2023,4
2023-04-30 17:31:10.055837986,P006,L,S04,Summer,Young Adult,North,62,No,2023,4
2023-04-30 19:42:34.712892740,P018,M,S06,Winter,Senior,North,62,No,2023,4
2023-04-30 21:53:59.369947496,P024,L,S11,Summer,Young Adult,West,62,No,2023,4
2023-05-01 00:05:24.027002250,P010,M,S07,Spring,Teen,East,70,No,2023,5
2023-05-01 02:16:48.684057004,P005,M,S01,Winter,Young Adult,South,76,No,2023,5
2023-05-01 04:28:13.341111758,P023,XXL,S08,Winter,Young Adult,East,34,No,2023,5
2023-05-01 06:39:37.998166514,P010,L,S12,Winter,Adult,West,71,No,2023,5
2023-05-01 08:51:02.655221268,P012,L,S01,Spring,Teen,South,61,Yes,2023,5
2023-05-01 11:02:27.312276022,P002,M,S09,Summer,Young Adult,East,66,Yes,2023,5
2023-05-01 13:13:51.969330778,P013,S,S04,Autumn,Adult,North,39,No,2023,5
2023-05-01 15:25:16.626385532,P008,S,S12,Spring,Teen,West,33,No,2023,5
2023-05-01 17:36:41.283440286,P002,L,S07,Spring,Senior,East,55,No,2023,5
2023-05-01 19:48:05.940495040,P020,L,S11,Spring,Young Adult,West,56,No,2023,5
2023-05-01 21:59:30.597549796,P001,L,S06,Summer,Young Adult,North,64,No,2023,5
2023-05-02 00:10:55.254604550,P005,XL,S09,Summer,Young Adult,East,52,No,2023,5
2023-05-02 02:22:19.911659304,P009,S,S02,Summer,Young Adult,South,58,No,2023,5
2023-05-02 04:33:44.568714060,P017,M,S11,Summer,Young Adult,West,70,No,2023,5
2023-05-02 06:45:09.225768814,P009,M,S07,Summer,Senior,East,62,No,2023,5
2023-05-02 08:56:33.882823568,P011,M,S11,Winter,Senior,West,72,No,2023,5
2023-05-02 11:07:58.539878322,P015,S,S05,Autumn,Teen,North,33,No,2023,5
2023-05-02 13:19:23.196933078,P024,XXL,S07,Autumn,Teen,East,31,No,2023,5
2023-05-02 15:30:47.853987832,P006,M,S01,Summer,Adult,South,70,No,2023,5
2023-05-02 17:42:12.511042586,P023,XL,S11,Summer,Adult,West,45,Yes,2023,5
2023-05-02 19:53:37.168097340,P003,M,S11,Winter,Adult,West,72,No,2023,5
2023-05-02 22:05:01.825152096,P030,XXL,S10,Summer,Senior,West,36,No,2023,5
2023-05-03 00:16:26.482206850,P017,L,S09,Winter,Teen,East,61,Yes,2023,5
2023-05-03 02:27:51.139261604,P005,XL,S01,Winter,Teen,South,52,No,2023,5
2023-05-03 04:39:15.796316360,P030,S,S05,Spring,Senior,North,44,No,2023,5
2023-05-03 06:50:40.453371114,P028,L,S08,Spring,Teen,East,51,No,2023,5
2023-05-03 09:02:05.110425868,P012,XL,S01,Summer,Young Adult,South,63,No,2023,5
2023-05-03 11:13:29.767480622,P018,S,S07,Winter,Teen,East,40,No,2023,5
2023-05-03 13:24:54.424535378,P014,S,S02,Summer,Teen,South,50,No,2023,5
2023-05-03 15:36:19.081590132,P021,M,S07,Spring,Young Adult,East,65,No,2023,5
2023-05-03 17:47:43.738644886,P024,XL,S07,Spring,Adult,East,50,No,2023,5
2023-05-03 19:59:08.395699642,P011,L,S09,Spring,Adult,East,64,No,2023,5
2023-05-03 22:10:33.052754396,P009,L,S06,Spring,Adult,North,58,No,2023,5
2023-05-04 00:21:57.709809150,P002,S,S04,Spring,Senior,North,48,Yes,2023,5
2023-05-04 02:33:22.366863904,P012,S,S07,Summer,Young Adult,East,51,Yes,2023,5
2023-05-04 04:44:47.023918660,P003,XL,S07,Summer,Young Adult,East,53,No,2023,5
2023-05-04 06:56:11.680973414,P003,S,S04,Spring,Senior,North,44,No,2023,5
2023-05-04 09:07:36.338028168,P001,L,S02,Summer,Young Adult,South,73,No,2023,5
2023-05-04 11:19:00.995082924,P008,XL,S11,Spring,Teen,West,46,No,2023,5
2023-05-04 13:30:25.652137678,P022,M,S09,Spring,Adult,East,60,No,2023,5
2023-05-04 15:41:50.309192432,P028,L,S08,Spring,Young Adult,East,55,No,2023,5
2023-05-04 17:53:14.966247186,P029,S,S05,Summer,Young Adult,North,45,No,2023,5
2023-05-04 20:04:39.623301942,P008,L,S05,Summer,Adult,North,51,No,2023,5
2023-05-04 22:16:04.280356696,P011,M,S01,Winter,Senior,South,73,No,2023,5
2023-05-05 00:27:28.937411450,P009,L,S11,Summer,Adult,West,64,No,2023,5
2023-05-05 02:38:53.594466204,P005,M,S09,Summer,Senior,East,53,No,2023,5
2023-05-05 04:50:18.251520960,P014,M,S11,Autumn,Senior,West,63,No,2023,5
2023-05-05 07:01:42.908575714,P028,L,S10,Spring,Teen,West,55,No,2023,5
2023-05-05 09:13:07.565630468,P030,M,S11,Spring,Adult,West,68,No,2023,5
2023-05-05 11:24:32.222685224,P003,L,S08,Summer,Young Adult,East,60,No,2023,5
2023-05-05 13:35:56.879739978,P021,M,S05,Summer,Senior,North,61,No,2023,5
2023-05-05 15:47:21.536794732,P005,L,S10,Winter,Teen,West,58,No,2023,5
2023-05-05 17:58:46.193849486,P005,M,S06,Autumn,Adult,North,51,No,2023,5
2023-05-05 20:10:10.850904242,P019,L,S12,Spring,Senior,West,52,No,2023,5
2023-05-05 22:21:35.507958996,P027,S,S10,Spring,Teen,West,46,No,2023,5
2023-05-06 00:33:00.165013750,P014,M,S11,Summer,Young Adult,West,78,No,2023,5
2023-05-06 02:44:24.822068506,P026,M,S10,Summer,Senior,West,54,No,2023,5
2023-05-06 04:55:49.479123260,P030,L,S08,Autumn,Senior,East,58,No,2023,5
2023-05-06 07:07:14.136178014,P004,M,S06,Spring,Young Adult,North,70,No,2023,5
2023-05-06 09:18:38.793232768,P025,XL,S10,Autumn,Young Adult,West,51,No,2023,5
2023-05-06 11:30:03.450287524,P013,XL,S04,Spring,Young Adult,North,52,No,2023,5
2023-05-06 13:41:28.107342278,P010,M,S03,Summer,Senior,South,63,No,2023,5
2023-05-06 15:52:52.764397032,P025,L,S07,Autumn,Teen,East,56,No,2023,5
2023-05-06 18:04:17.421451788,P018,S,S02,Winter,Teen,South,54,No,2023,5
2023-05-06 20:15:42.078506542,P008,M,S07,Summer,Young Adult,East,72,No,2023,5
2023-05-06 22:27:06.735561296,P008,L,S01,Winter,Teen,South,55,No,2023,5
2023-05-07 00:38:31.392616050,P007,L,S10,Winter,Young Adult,West,75,No,2023,5
2023-05-07 02:49:56.049670806,P008,L,S05,Winter,Young Adult,North,65,No,2023,5
2023-05-07 05:01:20.706725560,P014,M,S09,Spring,Adult,East,65,No,2023,5
2023-05-07 07:12:45.363780314,P019,M,S01,Winter,Teen,South,59,No,2023,5
2023-05-07 09:24:10.020835070,P029,S,S08,Spring,Senior,East,38,No,2023,5
2023-05-07 11:35:34.677889824,P006,L,S09,Autumn,Adult,East,57,No,2023,5
2023-05-07 13:46:59.334944578,P001,L,S09,Summer,Young Adult,East,64,No,2023,5
2023-05-07 15:58:23.991999332,P023,L,S08,Spring,Adult,East,50,No,2023,5
2023-05-07 18:09:48.649054088,P015,M,S04,Spring,Young Adult,North,69,Yes,2023,5
2023-05-07 20:21:13.306108842,P001,M,S07,Autumn,Young Adult,East,64,No,2023,5
2023-05-07 22:32:37.963163596,P025,M,S01,Autumn,Young Adult,South,69,No,2023,5
2023-05-08 00:44:02.620218352,P017,S,S07,Summer,Teen,East,49,No,2023,5
2023-05-08 02:55:27.277273106,P001,M,S06,Autumn,Young Adult,North,76,No,2023,5
2023-05-08 05:06:51.934327860,P015,XL,S05,Spring,Young Adult,North,49,No,2023,5
2023-05-08 07:18:16.591382614,P023,XL,S01,Summer,Teen,South,48,No,2023,5
2023-05-08 09:29:41.248437370,P002,L,S08,Summer,Teen,East,53,No,2023,5
2023-05-08 11:41:05.905492124,P014,M,S10,Summer,Young Adult,West,69,No,2023,5
2023-05-08 13:52:30.562546878,P021,S,S01,Winter,Teen,South,50,No,2023,5
2023-05-08 16:03:55.219601632,P008,XL,S01,Winter,Senior,South,46,No,2023,5
2023-05-08 18:15:19.876656388,P008,S,S03,Spring,Senior,South,35,No,2023,5
2023-05-08 20:26:44.533711142,P019,XL,S08,Winter,Young Adult,East,54,No,2023,5
2023-05-08 22:38:09.190765896,P007,M,S08,Autumn,Adult,East,60,No,2023,5
2023-05-09 00:49:33.847820652,P019,M,S07,Summer,Teen,East,56,No,2023,5
2023-05-09 03:00:58.504875406,P006,XL,S05,Spring,Adult,North,42,No,2023,5
2023-05-09 05:12:23.161930160,P006,S,S08,Autumn,Senior,East,43,No,2023,5
2023-05-09 07:23:47.818984914,P003,L,S02,Summer,Young Adult,South,71,No,2023,5
2023-05-09 09:35:12.476039670,P007,L,S08,Autumn,Senior,East,50,Yes,2023,5
2023-05-09 11:46:37.133094424,P019,M,S12,Winter,Teen,West,60,No,2023,5
2023-05-09 13:58:01.790149178,P008,M,S11,Autumn,Teen,West,58,No,2023,5
2023-05-09 16:09:26.447203934,P010,L,S02,Winter,Young Adult,South,73,No,2023,5
2023-05-09 18:20:51.104258688,P020,L,S10,Autumn,Teen,West,55,No,2023,5
2023-05-09 20:32:15.761313442,P015,S,S05,Spring,Teen,North,45,No,2023,5
2023-05-09 22:43:40.418368196,P015,XL,S11,Winter,Teen,West,54,No,2023,5
2023-05-10 00:55:05.075422952,P029,M,S04,Winter,Adult,North,65,No,2023,5
2023-05-10 03:06:29.732477706,P001,M,S01,Summer,Young Adult,South,76,No,2023,5
2023-05-10 05:17:54.389532460,P020,M,S05,Winter,Young Adult,North,69,No,2023,5
2023-05-10 07:29:19.046587216,P030,S,S07,Summer,Young Adult,East,52,No,2023,5
2023-05-10 09:40:43.703641970,P007,S,S01,Winter,Teen,South,45,No,2023,5
2023-05-10 11:52:08.360696724,P027,XXL,S02,Winter,Teen,South,45,No,2023,5
2023-05-10 14:03:33.017751478,P004,M,S12,Winter,Teen,West,75,No,2023,5
2023-05-10 16:14:57.674806234,P029,S,S09,Winter,Young Adult,East,53,No,2023,5
2023-05-10 18:26:22.331860988,P006,S,S12,Summer,Adult,West,55,No,2023,5
2023-05-10 20:37:46.988915742,P025,L,S05,Spring,Senior,North,51,No,2023,5
2023-05-10 22:49:11.645970496,P001,XL,S07,Autumn,Young Adult,East,50,No,2023,5
2023-05-11 01:00:36.303025252,P029,M,S02,Winter,Young Adult,South,80,No,2023,5
2023-05-11 03:12:00.960080006,P005,S,S07,Winter,Adult,East,45,No,2023,5
2023-05-11 05:23:25.617134760,P027,M,S07,Spring,Senior,East,61,No,2023,5
2023-05-11 07:34:50.274189516,P023,S,S07,Summer,Senior,East,37,Yes,2023,5
2023-05-11 09:46:14.931244270,P001,S,S05,Autumn,Teen,North,49,No,2023,5
2023-05-11 11:57:39.588299024,P030,M,S09,Spring,Senior,East,58,No,2023,5
2023-05-11 14:09:04.245353778,P004,M,S02,Spring,Teen,South,73,No,2023,5
2023-05-11 16:20:28.902408534,P022,L,S04,Spring,Young Adult,North,67,No,2023,5
2023-05-11 18:31:53.559463288,P002,M,S02,Spring,Adult,South,63,No,2023,5
2023-05-11 20:43:18.216518042,P010,XL,S08,Winter,Young Adult,East,60,Yes,2023,5
2023-05-11 22:54:42.873572798,P005,XL,S12,Autumn,Senior,West,47,No,2023,5
2023-05-12 01:06:07.530627552,P027,L,S11,Winter,Young Adult,West,75,No,2023,5
2023-05-12 03:17:32.187682306,P010,M,S01,Spring,Adult,South,77,No,2023,5
2023-05-12 05:28:56.844737060,P001,M,S09,Autumn,Adult,East,62,No,2023,5
2023-05-12 07:40:21.501791816,P022,M,S12,Spring,Teen,West,72,No,2023,5
2023-05-12 09:51:46.158846570,P006,L,S05,Summer,Young Adult,North,58,No,2023,5
2023-05-12 12:03:10.815901324,P013,M,S11,Spring,Adult,West,69,No,2023,5
2023-05-12 14:14:35.472956080,P015,XL,S12,Spring,Adult,West,48,No,2023,5
2023-05-12 16:26:00.130010834,P004,XL,S03,Summer,Adult,South,63,No,2023,5
2023-05-12 18:37:24.787065588,P013,M,S12,Winter,Adult,West,73,Yes,2023,5
2023-05-12 20:48:49.444120342,P024,L,S11,Autumn,Senior,West,55,No,2023,5
2023-05-12 23:00:14.101175098,P020,S,S04,Spring,Young Adult,North,37,No,2023,5
2023-05-13 01:11:38.758229852,P024,M,S01,Spring,Young Adult,South,71,No,2023,5
2023-05-13 03:23:03.415284606,P015,M,S03,Summer,Young Adult,South,76,No,2023,5
2023-05-13 05:34:28.072339362,P029,M,S11,Autumn,Senior,West,65,No,2023,5
2023-05-13 07:45:52.729394116,P008,XL,S08,Summer,Senior,East,40,No,2023,5
2023-05-13 09:57:17.386448870,P005,M,S12,Spring,Adult,West,64,No,2023,5
2023-05-13 12:08:42.043503624,P029,M,S02,Winter,Senior,South,69,No,2023,5
2023-05-13 14:20:06.700558380,P015,L,S02,Winter,Teen,South,67,No,2023,5
2023-05-13 16:31:31.357613134,P004,L,S09,Autumn,Senior,East,53,No,2023,5
2023-05-13 18:42:56.014667888,P012,M,S05,Spring,Adult,North,59,No,2023,5
2023-05-13 20:54:20.671722644,P013,XL,S05,Summer,Young Adult,North,57,No,2023,5
2023-05-13 23:05:45.328777398,P002,L,S01,Spring,Senior,South,56,No,2023,5
2023-05-14 01:17:09.985832152,P027,M,S06,Summer,Young Adult,North,69,No,2023,5
2023-05-14 03:28:34.642886906,P019,S,S08,Summer,Young Adult,East,38,No,2023,5
2023-05-14 05:39:59.299941662,P019,M,S06,Autumn,Teen,North,57,No,2023,5
2023-05-14 07:51:23.956996416,P004,XL,S07,Summer,Teen,East,52,No,2023,5
2023-05-14 10:02:48.614051170,P004,L,S04,Autumn,Senior,North,54,No,2023,5
2023-05-14 12:14:13.271105924,P026,XL,S02,Winter,Young Adult,South,58,No,2023,5
2023-05-14 14:25:37.928160680,P011,M,S01,Autumn,Adult,South,69,No,2023,5
2023-05-14 16:37:02.585215434,P027,S,S12,Autumn,Young Adult,West,54,No,2023,5
2023-05-14 18:48:27.242270188,P005,S,S06,Autumn,Young Adult,North,45,No,2023,5
2023-05-14 20:59:51.899324944,P020,M,S09,Winter,Teen,East,55,No,2023,5
2023-05-14 23:11:16.556379698,P011,L,S10,Autumn,Teen,West,55,No,2023,5
2023-05-15 01:22:41.213434452,P030,L,S05,Summer,Teen,North,62,No,2023,5
2023-05-15 03:34:05.870489206,P010,M,S12,Summer,Teen,West,71,No,2023,5
2023-05-15 05:45:30.527543962,P008,M,S02,Autumn,Senior,South,56,No,2023,5
2023-05-15 07:56:55.184598716,P006,M,S01,Summer,Senior,South,71,No,2023,5
2023-05-15 10:08:19.841653470,P006,M,S03,Autumn,Young Adult,South,70,No,2023,5
2023-05-15 12:19:44.498708226,P008,M,S04,Winter,Senior,North,60,No,2023,5
2023-05-15 14:31:09.155762980,P023,S,S07,Summer,Adult,East,38,No,2023,5
2023-05-15 16:42:33.812817734,P015,M,S09,Autumn,Young Adult,East,54,No,2023,5
2023-05-15 18:53:58.469872488,P026,S,S08,Spring,Young Adult,East,38,No,2023,5
2023-05-15 21:05:23.126927244,P014,M,S09,Winter,Adult,East,75,No,2023,5
2023-05-15 23:16:47.783981998,P011,S,S07,Spring,Young Adult,East,51,No,2023,5
2023-05-16 01:28:12.441036752,P012,L,S10,Autumn,Adult,West,58,No,2023,5
2023-05-16 03:39:37.098091508,P026,M,S08,Summer,Teen,East,55,No,2023,5
2023-05-16 05:51:01.755146262,P013,XXL,S08,Autumn,Teen,East,24,No,2023,5
2023-05-16 08:02:26.412201016,P008,M,S01,Summer,Teen,South,71,No,2023,5
2023-05-16 10:13:51.069255770,P030,M,S12,Autumn,Adult,West,63,No,2023,5
2023-05-16 12:25:15.726310526,P018,M,S12,Autumn,Senior,West,64,No,2023,5
2023-05-16 14:36:40.383365280,P025,S,S09,Summer,Senior,East,45,No,2023,5
2023-05-16 16:48:05.040420034,P001,XL,S02,Summer,Young Adult,South,63,No,2023,5
2023-05-16 18:59:29.697474788,P015,S,S12,Autumn,Teen,West,38,No,2023,5
2023-05-16 21:10:54.354529544,P008,XL,S11,Spring,Teen,West,46,No,2023,5
2023-05-16 23:22:19.011584298,P028,XL,S07,Winter,Young Adult,East,55,No,2023,5
2023-05-17 01:33:43.668639052,P011,L,S10,Spring,Teen,West,61,No,2023,5
2023-05-17 03:45:08.325693808,P012,L,S10,Spring,Teen,West,63,No,2023,5
2023-05-17 05:56:32.982748562,P012,L,S05,Spring,Adult,North,59,No,2023,5
2023-05-17 08:07:57.639803316,P004,M,S04,Spring,Young Adult,North,73,No,2023,5
2023-05-17 10:19:22.296858070,P016,L,S01,Summer,Adult,South,63,No,2023,5
2023-05-17 12:30:46.953912826,P004,S,S01,Spring,Teen,South,41,No,2023,5
2023-05-17 14:42:11.610967580,P005,S,S03,Winter,Teen,South,37,No,2023,5
2023-05-17 16:53:36.268022334,P024,M,S01,Summer,Young Adult,South,78,No,2023,5
2023-05-17 19:05:00.925077090,P005,L,S08,Spring,Teen,East,55,No,2023,5
2023-05-17 21:16:25.582131844,P008,XL,S03,Summer,Senior,South,52,No,2023,5
2023-05-17 23:27:50.239186598,P010,S,S11,Spring,Adult,West,49,No,2023,5
2023-05-18 01:39:14.896241352,P017,XL,S10,Spring,Adult,West,58,No,2023,5
2023-05-18 03:50:39.553296108,P028,M,S02,Winter,Senior,South,67,No,2023,5
2023-05-18 06:02:04.210350862,P026,M,S06,Summer,Young Adult,North,71,No,2023,5
2023-05-18 08:13:28.867405616,P009,M,S04,Summer,Young Adult,North,72,No,2023,5
2023-05-18 10:24:53.524460372,P022,M,S11,Autumn,Teen,West,57,No,2023,5
2023-05-18 12:36:18.181515126,P019,M,S11,Spring,Young Adult,West,62,No,2023,5
2023-05-18 14:47:42.838569880,P029,L,S04,Spring,Senior,North,61,No,2023,5
2023-05-18 16:59:07.495624634,P014,XL,S02,Winter,Young Adult,South,63,No,2023,5
2023-05-18 19:10:32.152679390,P008,M,S02,Winter,Teen,South,71,No,2023,5
2023-05-18 21:21:56.809734144,P009,M,S11,Summer,Senior,West,65,No,2023,5
2023-05-18 23:33:21.466788898,P022,XL,S06,Winter,Teen,North,54,No,2023,5
2023-05-19 01:44:46.123843654,P011,L,S05,Summer,Adult,North,60,No,2023,5
2023-05-19 03:56:10.780898408,P023,M,S09,Spring,Adult,East,65,No,2023,5
2023-05-19 06:07:35.437953162,P001,M,S04,Spring,Young Adult,North,64,No,2023,5
2023-05-19 08:19:00.095007916,P014,XL,S05,Summer,Senior,North,53,No,2023,5
2023-05-19 10:30:24.752062672,P005,L,S01,Winter,Senior,South,62,No,2023,5
2023-05-19 12:41:49.409117426,P021,M,S12,Winter,Senior,West,67,No,2023,5
2023-05-19 14:53:14.066172180,P026,M,S12,Summer,Teen,West,57,No,2023,5
2023-05-19 17:04:38.723226936,P014,XL,S02,Spring,Senior,South,46,No,2023,5
2023-05-19 19:16:03.380281690,P004,S,S03,Summer,Young Adult,South,53,No,2023,5
2023-05-19 21:27:28.037336444,P022,XXL,S05,Winter,Adult,North,49,No,2023,5
2023-05-19 23:38:52.694391198,P023,S,S12,Summer,Young Adult,West,45,No,2023,5
2023-05-20 01:50:17.351445954,P025,L,S05,Spring,Adult,North,52,No,2023,5
2023-05-20 04:01:42.008500708,P001,M,S04,Autumn,Adult,North,71,No,2023,5
2023-05-20 06:13:06.665555462,P022,M,S10,Summer,Young Adult,West,73,No,2023,5
2023-05-20 08:24:31.322610216,P023,XL,S03,Autumn,Adult,South,44,No,2023,5
2023-05-20 10:35:55.979664972,P019,M,S09,Summer,Adult,East,59,No,2023,5
2023-05-20 12:47:20.636719726,P008,L,S01,Winter,Teen,South,62,No,2023,5
2023-05-20 14:58:45.293774480,P015,S,S06,Winter,Young Adult,North,53,No,2023,5
2023-05-20 17:10:09.950829236,P021,S,S07,Autumn,Young Adult,East,35,No,2023,5
2023-05-20 19:21:34.607883990,P015,M,S10,Summer,Young Adult,West,64,No,2023,5
2023-05-20 21:32:59.264938744,P009,L,S04,Winter,Adult,North,60,No,2023,5
2023-05-20 23:44:23.921993498,P021,S,S10,Autumn,Senior,West,42,No,2023,5
2023-05-21 01:55:48.579048254,P009,S,S03,Autumn,Senior,South,45,No,2023,5
2023-05-21 04:07:13.236103008,P010,M,S08,Summer,Adult,East,64,No,2023,5
2023-05-21 06:18:37.893157762,P020,L,S09,Winter,Senior,East,55,No,2023,5
2023-05-21 08:30:02.550212518,P025,L,S01,Autumn,Senior,South,53,No,2023,5
2023-05-21 10:41:27.207267272,P021,M,S11,Spring,Adult,West,65,No,2023,5
2023-05-21 12:52:51.864322026,P026,S,S12,Spring,Young Adult,West,43,No,2023,5
2023-05-21 15:04:16.521376780,P009,XL,S10,Winter,Teen,West,55,No,2023,5
2023-05-21 17:15:41.178431536,P003,M,S09,Winter,Young Adult,East,61,No,2023,5
2023-05-21 19:27:05.835486290,P020,XL,S07,Spring,Young Adult,East,52,No,2023,5
2023-05-21 21:38:30.492541044,P025,XL,S01,Autumn,Young Adult,South,49,No,2023,5
2023-05-21 23:49:55.149595800,P026,L,S07,Summer,Teen,East,59,No,2023,5
2023-05-22 02:01:19.806650554,P011,M,S05,Autumn,Young Adult,North,63,Yes,2023,5
2023-05-22 04:12:44.463705308,P006,XL,S10,Winter,Senior,West,50,No,2023,5
2023-05-22 06:24:09.120760062,P002,L,S07,Winter,Teen,East,67,No,2023,5
2023-05-22 08:35:33.777814818,P007,L,S12,Summer,Senior,West,55,No,2023,5
2023-05-22 10:46:58.434869572,P018,M,S09,Autumn,Teen,East,55,No,2023,5
2023-05-22 12:58:23.091924326,P027,M,S08,Summer,Senior,East,72,No,2023,5
2023-05-22 15:09:47.748979080,P002,S,S06,Autumn,Young Adult,North,54,No,2023,5
2023-05-22 17:21:12.406033836,P027,L,S02,Autumn,Young Adult,South,71,Yes,2023,5
2023-05-22 19:32:37.063088590,P017,L,S08,Spring,Young Adult,East,69,Yes,2023,5
2023-05-22 21:44:01.720143344,P011,M,S12,Autumn,Senior,West,56,No,2023,5
2023-05-22 23:55:26.377198100,P027,M,S04,Winter,Senior,North,66,No,2023,5
2023-05-23 02:06:51.034252854,P012,M,S08,Winter,Adult,East,69,Yes,2023,5
2023-05-23 04:18:15.691307608,P027,L,S07,Winter,Senior,East,63,No,2023,5
2023-05-23 06:29:40.348362362,P019,XL,S04,Spring,Teen,North,37,No,2023,5
2023-05-23 08:41:05.005417118,P022,M,S08,Summer,Young Adult,East,71,No,2023,5
2023-05-23 10:52:29.662471872,P024,M,S11,Winter,Teen,West,71,No,2023,5
2023-05-23 13:03:54.319526626,P025,S,S11,Winter,Adult,West,51,No,2023,5
2023-05-23 15:15:18.976581382,P007,L,S12,Summer,Adult,West,73,No,2023,5
2023-05-23 17:26:43.633636136,P020,L,S11,Spring,Senior,West,45,No,2023,5
2023-05-23 19:38:08.290690890,P006,XL,S02,Autumn,Young Adult,South,45,No,2023,5
2023-05-23 21:49:32.947745644,P021,M,S09,Summer,Teen,East,61,No,2023,5
2023-05-24 00:00:57.604800400,P024,XXL,S06,Autumn,Adult,North,30,No,2023,5
2023-05-24 02:12:22.261855154,P001,S,S07,Autumn,Adult,East,52,No,2023,5
2023-05-24 04:23:46.918909908,P017,L,S10,Autumn,Teen,West,63,Yes,2023,5
2023-05-24 06:35:11.575964664,P029,S,S01,Summer,Adult,South,56,No,2023,5
2023-05-24 08:46:36.233019418,P011,XL,S03,Summer,Teen,South,55,No,2023,5
2023-05-24 10:58:00.890074172,P022,L,S10,Autumn,Young Adult,West,62,No,2023,5
2023-05-24 13:09:25.547128926,P026,L,S05,Spring,Senior,North,53,No,2023,5
2023-05-24 15:20:50.204183682,P028,XL,S12,Spring,Teen,West,40,No,2023,5
2023-05-24 17:32:14.861238436,P018,M,S07,Spring,Young Adult,East,63,No,2023,5
2023-05-24 19:43:39.518293190,P021,S,S01,Winter,Teen,South,41,No,2023,5
2023-05-24 21:55:04.175347946,P017,XL,S09,Autumn,Adult,East,52,Yes,2023,5
2023-05-25 00:06:28.832402700,P007,M,S05,Winter,Young Adult,North,81,No,2023,5
2023-05-25 02:17:53.489457454,P017,S,S12,Spring,Teen,West,46,No,2023,5
2023-05-25 04:29:18.146512208,P020,M,S03,Summer,Young Adult,South,74,No,2023,5
2023-05-25 06:40:42.803566964,P009,L,S07,Spring,Teen,East,58,No,2023,5
2023-05-25 08:52:07.460621718,P017,S,S10,Winter,Teen,West,53,No,2023,5
2023-05-25 11:03:32.117676472,P020,M,S08,Winter,Young Adult,East,67,Yes,2023,5
2023-05-25 13:14:56.774731228,P022,S,S10,Spring,Young Adult,West,45,No,2023,5
2023-05-25 15:26:21.431785982,P022,M,S10,Autumn,Young Adult,West,64,No,2023,5
2023-05-25 17:37:46.088840736,P028,XL,S03,Summer,Adult,South,58,No,2023,5
2023-05-25 19:49:10.745895490,P029,XXL,S07,Summer,Senior,East,36,No,2023,5
2023-05-25 22:00:35.402950246,P008,L,S07,Spring,Teen,East,48,No,2023,5
2023-05-26 00:12:00.060005000,P017,M,S04,Autumn,Teen,North,61,No,2023,5
2023-05-26 02:23:24.717059754,P007,XL,S10,Autumn,Young Adult,West,51,No,2023,5
2023-05-26 04:34:49.374114508,P001,L,S09,Spring,Teen,East,59,No,2023,5
2023-05-26 06:46:14.031169264,P013,M,S01,Summer,Senior,South,71,No,2023,5
2023-05-26 08:57:38.688224018,P030,XL,S01,Summer,Senior,South,46,No,2023,5
2023-05-26 11:09:03.345278772,P023,L,S05,Summer,Teen,North,51,No,2023,5
2023-05-26 13:20:28.002333528,P019,L,S03,Autumn,Teen,South,52,No,2023,5
2023-05-26 15:31:52.659388282,P027,L,S10,Spring,Young Adult,West,70,No,2023,5
2023-05-26 17:43:17.316443036,P024,M,S09,Autumn,Senior,East,56,No,2023,5
2023-05-26 19:54:41.973497790,P019,M,S05,Summer,Teen,North,55,No,2023,5
2023-05-26 22:06:06.630552546,P030,L,S07,Autumn,Senior,East,50,No,2023,5
2023-05-27 00:17:31.287607300,P030,M,S01,Summer,Teen,South,72,No,2023,5
2023-05-27 02:28:55.944662054,P029,M,S02,Spring,Adult,South,71,No,2023,5
2023-05-27 04:40:20.601716810,P017,L,S11,Summer,Senior,West,58,Yes,2023,5
2023-05-27 06:51:45.258771564,P013,L,S12,Winter,Adult,West,57,No,2023,5
2023-05-27 09:03:09.915826318,P029,M,S04,Winter,Young Adult,North,79,No,2023,5
2023-05-27 11:14:34.572881072,P030,L,S09,Spring,Senior,East,53,No,2023,5
2023-05-27 13:25:59.229935828,P016,XL,S05,Autumn,Teen,North,37,No,2023,5
2023-05-27 15:37:23.886990582,P008,L,S05,Autumn,Teen,North,54,No,2023,5
2023-05-27 17:48:48.544045336,P019,M,S09,Autumn,Adult,East,59,No,2023,5
2023-05-27 20:00:13.201100092,P018,M,S08,Summer,Senior,East,58,No,2023,5
2023-05-27 22:11:37.858154846,P001,M,S02,Winter,Senior,South,73,No,2023,5
2023-05-28 00:23:02.515209600,P014,S,S07,Spring,Senior,East,41,No,2023,5
2023-05-28 02:34:27.172264354,P019,M,S01,Autumn,Young Adult,South,61,No,2023,5
2023-05-28 04:45:51.829319110,P015,M,S10,Autumn,Senior,West,51,No,2023,5
2023-05-28 06:57:16.486373864,P018,M,S11,Spring,Young Adult,West,64,No,2023,5
2023-05-28 09:08:41.143428618,P002,XL,S11,Summer,Teen,West,52,No,2023,5
2023-05-28 11:20:05.800483372,P022,S,S09,Autumn,Adult,East,45,No,2023,5
2023-05-28 13:31:30.457538128,P028,L,S03,Summer,Adult,South,65,No,2023,5
2023-05-28 15:42:55.114592882,P017,L,S02,Summer,Senior,South,65,No,2023,5
2023-05-28 17:54:19.771647636,P018,S,S04,Summer,Adult,North,47,No,2023,5
2023-05-28 20:05:44.428702392,P030,XL,S04,Autumn,Senior,North,41,No,2023,5
2023-05-28 22:17:09.085757146,P006,L,S03,Autumn,Teen,South,50,No,2023,5
2023-05-29 00:28:33.742811900,P019,M,S02,Spring,Teen,South,58,No,2023,5
2023-05-29 02:39:58.399866654,P004,L,S05,Spring,Teen,North,52,No,2023,5
2023-05-29 04:51:23.056921410,P001,M,S04,Summer,Adult,North,75,No,2023,5
2023-05-29 07:02:47.713976164,P008,L,S05,Autumn,Senior,North,48,No,2023,5
2023-05-29 09:14:12.371030918,P029,S,S12,Summer,Young Adult,West,57,No,2023,5
2023-05-29 11:25:37.028085674,P023,XL,S12,Spring,Teen,West,39,No,2023,5
2023-05-29 13:37:01.685140428,P007,M,S08,Summer,Teen,East,71,No,2023,5
2023-05-29 15:48:26.342195182,P003,L,S11,Winter,Young Adult,West,71,No,2023,5
2023-05-29 17:59:50.999249936,P010,M,S02,Summer,Young Adult,South,78,No,2023,5
2023-05-29 20:11:15.656304692,P010,L,S09,Autumn,Adult,East,63,Yes,2023,5
2023-05-29 22:22:40.313359446,P019,L,S10,Summer,Teen,West,50,No,2023,5
2023-05-30 00:34:04.970414200,P014,M,S01,Summer,Adult,South,73,No,2023,5
2023-05-30 02:45:29.627468956,P002,L,S08,Autumn,Teen,East,58,No,2023,5
2023-05-30 04:56:54.284523710,P028,M,S12,Winter,Adult,West,74,No,2023,5
2023-05-30 07:08:18.941578464,P001,XL,S05,Autumn,Adult,North,45,No,2023,5
2023-05-30 09:19:43.598633218,P023,M,S02,Spring,Young Adult,South,67,No,2023,5
2023-05-30 11:31:08.255687974,P023,XL,S08,Winter,Senior,East,40,No,2023,5
2023-05-30 13:42:32.912742728,P028,XL,S05,Winter,Senior,North,54,Yes,2023,5
2023-05-30 15:53:57.569797482,P018,M,S10,Autumn,Senior,West,64,No,2023,5
2023-05-30 18:05:22.226852238,P007,M,S10,Summer,Teen,West,67,No,2023,5
2023-05-30 20:16:46.883906992,P029,M,S03,Spring,Young Adult,South,78,No,2023,5
2023-05-30 22:28:11.540961746,P008,XL,S07,Spring,Young Adult,East,39,No,2023,5
2023-05-31 00:39:36.198016500,P001,M,S04,Winter,Young Adult,North,74,No,2023,5
2023-05-31 02:51:00.855071256,P025,L,S11,Spring,Teen,West,51,No,2023,5
2023-05-31 05:02:25.512126010,P023,XL,S11,Winter,Adult,West,43,No,2023,5
2023-05-31 07:13:50.169180764,P003,M,S10,Winter,Adult,West,68,No,2023,5
2023-05-31 09:25:14.826235520,P024,L,S12,Spring,Senior,West,54,No,2023,5
2023-05-31 11:36:39.483290274,P023,M,S06,Winter,Senior,North,62,No,2023,5
2023-05-31 13:48:04.140345028,P027,S,S10,Summer,Teen,West,44,No,2023,5
2023-05-31 15:59:28.797399782,P029,L,S08,Winter,Teen,East,60,No,2023,5
2023-05-31 18:10:53.454454538,P008,S,S01,Summer,Senior,South,50,Yes,2023,5
2023-05-31 20:22:18.111509292,P022,M,S02,Summer,Adult,South,68,No,2023,5
2023-05-31 22:33:42.768564046,P025,XL,S08,Summer,Adult,East,55,No,2023,5
2023-06-01 00:45:07.425618800,P015,M,S07,Spring,Young Adult,East,58,No,2023,6
2023-06-01 02:56:32.082673556,P005,XXL,S10,Summer,Senior,West,33,No,2023,6
2023-06-01 05:07:56.739728310,P003,XXL,S09,Spring,Senior,East,34,Yes,2023,6
2023-06-01 07:19:21.396783064,P019,M,S02,Autumn,Adult,South,62,No,2023,6
2023-06-01 09:30:46.053837820,P001,S,S08,Summer,Young Adult,East,50,No,2023,6
2023-06-01 11:42:10.710892574,P028,L,S06,Winter,Senior,North,62,No,2023,6
2023-06-01 13:53:35.367947328,P015,M,S01,Autumn,Adult,South,64,No,2023,6
2023-06-01 16:05:00.025002082,P008,S,S04,Autumn,Adult,North,45,No,2023,6
2023-06-01 18:16:24.682056838,P002,L,S02,Summer,Adult,South,62,No,2023,6
2023-06-01 20:27:49.339111592,P003,S,S07,Spring,Young Adult,East,47,No,2023,6
2023-06-01 22:39:13.996166346,P024,XL,S09,Autumn,Young Adult,East,43,No,2023,6
2023-06-02 00:50:38.653221102,P014,S,S06,Summer,Adult,North,54,No,2023,6
2023-06-02 03:02:03.310275856,P024,S,S04,Autumn,Young Adult,North,50,Yes,2023,6
2023-06-02 05:13:27.967330610,P014,M,S05,Autumn,Young Adult,North,67,No,2023,6
2023-06-02 07:24:52.624385364,P011,XXL,S11,Summer,Young Adult,West,39,No,2023,6
2023-06-02 09:36:17.281440120,P016,L,S01,Winter,Young Adult,South,67,No,2023,6
2023-06-02 11:47:41.938494874,P004,XL,S04,Winter,Teen,North,53,No,2023,6
2023-06-02 13:59:06.595549628,P020,M,S10,Winter,Senior,West,59,No,2023,6
2023-06-02 16:10:31.252604384,P005,M,S03,Autumn,Senior,South,58,No,2023,6
2023-06-02 18:21:55.909659138,P022,M,S09,Spring,Young Adult,East,74,No,2023,6
2023-06-02 20:33:20.566713892,P021,M,S06,Spring,Adult,North,58,No,2023,6
2023-06-02 22:44:45.223768646,P014,L,S04,Autumn,Senior,North,50,No,2023,6
2023-06-03 00:56:09.880823402,P023,L,S03,Autumn,Young Adult,South,52,No,2023,6
2023-06-03 03:07:34.537878156,P016,M,S12,Summer,Senior,West,63,Yes,2023,6
2023-06-03 05:18:59.194932910,P018,XL,S04,Spring,Adult,North,42,No,2023,6
2023-06-03 07:30:23.851987664,P007,M,S08,Autumn,Young Adult,East,66,No,2023,6
2023-06-03 09:41:48.509042420,P010,XXL,S12,Winter,Adult,West,40,Yes,2023,6
2023-06-03 11:53:13.166097174,P007,S,S05,Spring,Senior,North,42,No,2023,6
2023-06-03 14:04:37.823151928,P001,M,S11,Autumn,Teen,West,61,No,2023,6
2023-06-03 16:16:02.480206684,P023,M,S01,Summer,Adult,South,66,No,2023,6
2023-06-03 18:27:27.137261438,P021,M,S05,Summer,Young Adult,North,62,No,2023,6
2023-06-03 20:38:51.794316192,P019,L,S08,Spring,Young Adult,East,55,No,2023,6
2023-06-03 22:50:16.451370946,P016,M,S11,Winter,Adult,West,72,No,2023,6
2023-06-04 01:01:41.108425702,P029,M,S12,Spring,Teen,West,64,Yes,2023,6
2023-06-04 03:13:05.765480456,P019,L,S04,Autumn,Senior,North,52,No,2023,6
2023-06-04 05:24:30.422535210,P004,L,S02,Winter,Senior,South,67,No,2023,6
2023-06-04 07:35:55.079589966,P029,XL,S03,Autumn,Senior,South,43,No,2023,6
2023-06-04 09:47:19.736644720,P028,M,S11,Winter,Senior,West,73,No,2023,6
2023-06-04 11:58:44.393699474,P018,L,S09,Winter,Senior,East,55,No,2023,6
2023-06-04 14:10:09.050754228,P002,L,S07,Autumn,Young Adult,East,59,Yes,2023,6
2023-06-04 16:21:33.707808984,P001,M,S03,Spring,Young Adult,South,67,No,2023,6
2023-06-04 18:32:58.364863738,P015,M,S05,Summer,Adult,North,63,No,2023,6
2023-06-04 20:44:23.021918492,P005,M,S03,Winter,Adult,South,73,No,2023,6
2023-06-04 22:55:47.678973248,P020,S,S10,Winter,Senior,West,47,No,2023,6
2023-06-05 01:07:12.336028002,P011,M,S04,Summer,Senior,North,64,No,2023,6
2023-06-05 03:18:36.993082756,P010,S,S12,Spring,Senior,West,51,No,2023,6
2023-06-05 05:30:01.650137510,P002,L,S08,Summer,Teen,East,62,No,2023,6
2023-06-05 07:41:26.307192266,P003,L,S03,Spring,Adult,South,55,No,2023,6
2023-06-05 09:52:50.964247020,P023,XXL,S03,Winter,Young Adult,South,44,No,2023,6
2023-06-05 12:04:15.621301774,P023,L,S11,Winter,Senior,West,53,No,2023,6
2023-06-05 14:15:40.278356530,P012,S,S11,Autumn,Adult,West,43,No,2023,6
2023-06-05 16:27:04.935411284,P020,XL,S08,Spring,Teen,East,33,No,2023,6
2023-06-05 18:38:29.592466038,P005,XL,S10,Summer,Teen,West,45,No,2023,6
2023-06-05 20:49:54.249520792,P005,M,S10,Spring,Senior,West,61,No,2023,6
2023-06-05 23:01:18.906575548,P006,L,S07,Spring,Young Adult,East,63,No,2023,6
2023-06-06 01:12:43.563630302,P030,XXL,S07,Spring,Adult,East,36,No,2023,6
2023-06-06 03:24:08.220685056,P009,L,S10,Spring,Young Adult,West,55,No,2023,6
2023-06-06 05:35:32.877739812,P002,XL,S02,Summer,Senior,South,58,No,2023,6
2023-06-06 07:46:57.534794566,P021,S,S12,Autumn,Senior,West,32,No,2023,6
2023-06-06 09:58:22.191849320,P012,M,S07,Winter,Teen,East,63,No,2023,6
2023-06-06 12:09:46.848904074,P003,M,S10,Summer,Teen,West,69,No,2023,6
2023-06-06 14:21:11.505958830,P020,L,S11,Summer,Adult,West,61,No,2023,6
2023-06-06 16:32:36.163013584,P026,XL,S10,Winter,Senior,West,39,No,2023,6
2023-06-06 18:44:00.820068338,P022,XXL,S03,Autumn,Senior,South,31,No,2023,6
2023-06-06 20:55:25.477123092,P012,M,S07,Summer,Adult,East,72,No,2023,6
2023-06-06 23:06:50.134177848,P024,S,S04,Winter,Young Adult,North,49,No,2023,6
2023-06-07 01:18:14.791232602,P017,XL,S08,Autumn,Teen,East,54,No,2023,6
2023-06-07 03:29:39.448287356,P010,L,S08,Autumn,Senior,East,56,No,2023,6
2023-06-07 05:41:04.105342112,P030,M,S06,Spring,Senior,North,65,No,2023,6
2023-06-07 07:52:28.762396866,P024,M,S12,Summer,Young Adult,West,70,No,2023,6
2023-06-07 10:03:53.419451620,P027,L,S03,Autumn,Young Adult,South,62,No,2023,6
2023-06-07 12:15:18.076506374,P014,L,S06,Summer,Young Adult,North,57,No,2023,6
2023-06-07 14:26:42.733561130,P023,M,S06,Winter,Teen,North,54,No,2023,6
2023-06-07 16:38:07.390615884,P017,M,S03,Summer,Adult,South,74,No,2023,6
2023-06-07 18:49:32.047670638,P018,XXL,S11,Autumn,Senior,West,29,No,2023,6
2023-06-07 21:00:56.704725394,P019,L,S04,Winter,Teen,North,64,No,2023,6
2023-06-07 23:12:21.361780148,P017,M,S02,Winter,Young Adult,South,81,No,2023,6
2023-06-08 01:23:46.018834902,P014,M,S01,Spring,Senior,South,65,No,2023,6
2023-06-08 03:35:10.675889656,P009,L,S02,Winter,Senior,South,55,No,2023,6
2023-06-08 05:46:35.332944412,P008,M,S07,Autumn,Teen,East,50,No,2023,6
2023-06-08 07:57:59.989999166,P002,M,S10,Spring,Young Adult,West,67,No,2023,6
2023-06-08 10:09:24.647053920,P013,L,S05,Autumn,Young Adult,North,59,No,2023,6
2023-06-08 12:20:49.304108676,P025,M,S09,Autumn,Adult,East,64,No,2023,6
2023-06-08 14:32:13.961163430,P007,L,S03,Spring,Young Adult,South,65,No,2023,6
2023-06-08 16:43:38.618218184,P009,S,S02,Spring,Teen,South,40,No,2023,6
2023-06-08 18:55:03.275272938,P022,L,S04,Summer,Adult,North,63,No,2023,6
2023-06-08 21:06:27.932327694,P022,M,S02,Autumn,Adult,South,67,No,2023,6
2023-06-08 23:17:52.589382448,P011,S,S11,Summer,Adult,West,46,No,2023,6
2023-06-09 01:29:17.246437202,P014,S,S07,Winter,Adult,East,48,No,2023,6
2023-06-09 03:40:41.903491956,P004,XL,S10,Winter,Adult,West,57,Yes,2023,6
2023-06-09 05:52:06.560546712,P026,XL,S06,Summer,Teen,North,38,No,2023,6
2023-06-09 08:03:31.217601466,P026,M,S08,Spring,Senior,East,49,No,2023,6
2023-06-09 10:14:55.874656220,P029,L,S05,Winter,Young Adult,North,62,No,2023,6
2023-06-09 12:26:20.531710976,P013,L,S02,Spring,Senior,South,51,No,2023,6
2023-06-09 14:37:45.188765730,P002,XXL,S04,Summer,Senior,North,41,No,2023,6
2023-06-09 16:49:09.845820484,P023,M,S01,Spring,Young Adult,South,60,No,2023,6
2023-06-09 19:00:34.502875238,P005,L,S02,Autumn,Young Adult,South,64,No,2023,6
2023-06-09 21:11:59.159929994,P011,S,S04,Winter,Senior,North,51,No,2023,6
2023-06-09 23:23:23.816984748,P006,M,S06,Spring,Young Adult,North,72,No,2023,6
2023-06-10 01:34:48.474039502,P018,XXL,S04,Spring,Adult,North,40,No,2023,6
2023-06-10 03:46:13.131094258,P021,L,S04,Autumn,Young Adult,North,50,Yes,2023,6
2023-06-10 05:57:37.788149012,P010,M,S11,Spring,Young Adult,West,66,No,2023,6
2023-06-10 08:09:02.445203766,P004,S,S10,Summer,Adult,West,50,Yes,2023,6
2023-06-10 10:20:27.102258520,P009,L,S10,Summer,Adult,West,65,No,2023,6
2023-06-10 12:31:51.759313276,P006,L,S02,Summer,Adult,South,58,No,2023,6
2023-06-10 14:43:16.416368030,P002,M,S09,Winter,Young Adult,East,77,No,2023,6
2023-06-10 16:54:41.073422784,P017,XXL,S12,Spring,Adult,West,49,No,2023,6
2023-06-10 19:06:05.730477540,P005,S,S10,Winter,Adult,West,48,No,2023,6
2023-06-10 21:17:30.387532294,P025,M,S08,Winter,Teen,East,57,No,2023,6
2023-06-10 23:28:55.044587048,P006,XL,S08,Spring,Teen,East,37,No,2023,6
2023-06-11 01:40:19.701641802,P026,M,S05,Spring,Young Adult,North,58,No,2023,6
2023-06-11 03:51:44.358696558,P012,M,S03,Summer,Adult,South,71,No,2023,6
2023-06-11 06:03:09.015751312,P023,L,S06,Winter,Young Adult,North,56,No,2023,6
2023-06-11 08:14:33.672806066,P021,XL,S09,Winter,Teen,East,42,No,2023,6
2023-06-11 10:25:58.329860822,P010,S,S08,Spring,Teen,East,39,Yes,2023,6
2023-06-11 12:37:22.986915576,P022,XL,S07,Winter,Adult,East,55,No,2023,6
2023-06-11 14:48:47.643970330,P021,L,S11,Autumn,Young Adult,West,50,Yes,2023,6
2023-06-11 17:00:12.301025084,P027,M,S08,Spring,Teen,East,63,No,2023,6
2023-06-11 19:11:36.958079840,P025,L,S04,Summer,Senior,North,63,No,2023,6
2023-06-11 21:23:01.615134594,P006,M,S06,Autumn,Adult,North,69,No,2023,6
2023-06-11 23:34:26.272189348,P027,M,S05,Autumn,Young Adult,North,71,No,2023,6
2023-06-12 01:45:50.929244104,P008,L,S12,Summer,Senior,West,62,No,2023,6
2023-06-12 03:57:15.586298858,P002,XXL,S02,Autumn,Adult,South,47,Yes,2023,6
2023-06-12 06:08:40.243353612,P012,S,S08,Autumn,Adult,East,37,No,2023,6
2023-06-12 08:20:04.900408366,P013,M,S03,Autumn,Teen,South,61,No,2023,6
2023-06-12 10:31:29.557463122,P025,M,S05,Winter,Young Adult,North,65,No,2023,6
2023-06-12 12:42:54.214517876,P021,M,S08,Autumn,Teen,East,57,No,2023,6
2023-06-12 14:54:18.871572630,P007,M,S11,Autumn,Senior,West,68,No,2023,6
2023-06-12 17:05:43.528627384,P010,S,S09,Spring,Senior,East,47,No,2023,6
2023-06-12 19:17:08.185682140,P013,L,S09,Summer,Senior,East,50,No,2023,6
2023-06-12 21:28:32.842736894,P017,M,S05,Winter,Senior,North,76,No,2023,6
2023-06-12 23:39:57.499791648,P026,M,S02,Winter,Senior,South,63,No,2023,6
2023-06-13 01:51:22.156846404,P021,XL,S07,Summer,Young Adult,East,49,No,2023,6
2023-06-13 04:02:46.813901158,P028,XL,S11,Winter,Young Adult,West,52,No,2023,6
2023-06-13 06:14:11.470955912,P030,M,S11,Winter,Adult,West,74,No,2023,6
2023-06-13 08:25:36.128010666,P026,M,S07,Winter,Adult,East,64,No,2023,6
2023-06-13 10:37:00.785065422,P014,L,S12,Spring,Young Adult,West,64,No,2023,6
2023-06-13 12:48:25.442120176,P002,M,S08,Spring,Adult,East,64,Yes,2023,6
2023-06-13 14:59:50.099174930,P028,M,S08,Winter,Teen,East,57,Yes,2023,6
2023-06-13 17:11:14.756229686,P022,L,S05,Summer,Young Adult,North,66,No,2023,6
2023-06-13 19:22:39.413284440,P011,S,S01,Summer,Teen,South,48,No,2023,6
2023-06-13 21:34:04.070339194,P001,S,S11,Spring,Senior,West,52,No,2023,6
2023-06-13 23:45:28.727393948,P019,S,S04,Spring,Senior,North,42,No,2023,6
2023-06-14 01:56:53.384448704,P021,M,S04,Autumn,Adult,North,57,Yes,2023,6
2023-06-14 04:08:18.041503458,P004,S,S11,Spring,Young Adult,West,51,No,2023,6
2023-06-14 06:19:42.698558212,P019,XXL,S03,Winter,Senior,South,37,No,2023,6
2023-06-14 08:31:07.355612968,P026,M,S08,Spring,Adult,East,59,No,2023,6
2023-06-14 10:42:32.012667722,P029,S,S03,Autumn,Teen,South,47,No,2023,6
2023-06-14 12:53:56.669722476,P021,M,S05,Autumn,Young Adult,North,59,No,2023,6
2023-06-14 15:05:21.326777230,P011,XL,S02,Summer,Adult,South,52,Yes,2023,6
2023-06-14 17:16:45.983831986,P008,L,S06,Summer,Senior,North,48,No,2023,6
2023-06-14 19:28:10.640886740,P011,M,S06,Winter,Teen,North,71,No,2023,6
2023-06-14 21:39:35.297941494,P004,XL,S08,Spring,Teen,East,45,No,2023,6
2023-06-14 23:50:59.954996248,P017,M,S08,Autumn,Adult,East,59,No,2023,6
2023-06-15 02:02:24.612051004,P027,M,S01,Autumn,Young Adult,South,69,No,2023,6
2023-06-15 04:13:49.269105758,P007,M,S05,Summer,Adult,North,68,No,2023,6
2023-06-15 06:25:13.926160512,P008,M,S02,Summer,Senior,South,67,No,2023,6
2023-06-15 08:36:38.583215268,P003,M,S10,Spring,Young Adult,West,73,No,2023,6
2023-06-15 10:48:03.240270022,P022,L,S12,Autumn,Senior,West,56,No,2023,6
2023-06-15 12:59:27.897324776,P002,M,S05,Summer,Teen,North,61,No,2023,6
2023-06-15 15:10:52.554379530,P023,L,S10,Spring,Teen,West,58,No,2023,6
2023-06-15 17:22:17.211434286,P015,S,S12,Spring,Senior,West,45,No,2023,6
2023-06-15 19:33:41.868489040,P024,M,S09,Spring,Senior,East,63,No,2023,6
2023-06-15 21:45:06.525543794,P022,M,S04,Summer,Teen,North,70,No,2023,6
2023-06-15 23:56:31.182598550,P022,XL,S08,Summer,Adult,East,48,No,2023,6
2023-06-16 02:07:55.839653304,P005,M,S01,Summer,Adult,South,59,No,2023,6
2023-06-16 04:19:20.496708058,P024,L,S08,Winter,Adult,East,67,No,2023,6
2023-06-16 06:30:45.153762812,P001,M,S06,Winter,Senior,North,65,No,2023,6
2023-06-16 08:42:09.810817568,P026,S,S08,Winter,Senior,East,34,No,2023,6
2023-06-16 10:53:34.467872322,P004,S,S06,Summer,Teen,North,40,No,2023,6
2023-06-16 13:04:59.124927076,P015,M,S11,Summer,Young Adult,West,62,No,2023,6
2023-06-16 15:16:23.781981832,P020,M,S03,Winter,Adult,South,63,No,2023,6
2023-06-16 17:27:48.439036586,P019,M,S12,Autumn,Adult,West,64,No,2023,6
2023-06-16 19:39:13.096091340,P003,L,S11,Autumn,Adult,West,61,No,2023,6
2023-06-16 21:50:37.753146094,P020,S,S08,Autumn,Teen,East,31,Yes,2023,6
2023-06-17 00:02:02.410200850,P011,L,S05,Autumn,Young Adult,North,58,No,2023,6
2023-06-17 02:13:27.067255604,P017,M,S12,Winter,Young Adult,West,73,No,2023,6
2023-06-17 04:24:51.724310358,P030,L,S10,Spring,Young Adult,West,65,No,2023,6
2023-06-17 06:36:16.381365114,P027,L,S05,Spring,Adult,North,60,Yes,2023,6
2023-06-17 08:47:41.038419868,P013,M,S12,Autumn,Senior,West,55,Yes,2023,6
2023-06-17 10:59:05.695474622,P011,M,S07,Summer,Adult,East,61,No,2023,6
2023-06-17 13:10:30.352529376,P002,L,S06,Autumn,Young Adult,North,62,No,2023,6
2023-06-17 15:21:55.009584132,P009,XL,S09,Autumn,Teen,East,38,No,2023,6
2023-06-17 17:33:19.666638886,P026,M,S07,Spring,Young Adult,East,63,No,2023,6
2023-06-17 19:44:44.323693640,P002,S,S03,Summer,Adult,South,60,No,2023,6
2023-06-17 21:56:08.980748396,P021,XL,S11,Spring,Senior,West,41,No,2023,6
2023-06-18 00:07:33.637803150,P009,M,S11,Summer,Young Adult,West,65,No,2023,6
2023-06-18 02:18:58.294857904,P009,L,S12,Winter,Senior,West,66,No,2023,6
2023-06-18 04:30:22.951912658,P008,M,S05,Spring,Young Adult,North,69,No,2023,6
2023-06-18 06:41:47.608967414,P017,S,S09,Winter,Senior,East,43,No,2023,6
2023-06-18 08:53:12.266022168,P001,L,S11,Winter,Senior,West,61,No,2023,6
2023-06-18 11:04:36.923076922,P025,L,S10,Autumn,Young Adult,West,55,No,2023,6
2023-06-18 13:16:01.580131676,P029,M,S02,Summer,Teen,South,68,No,2023,6
2023-06-18 15:27:26.237186432,P011,M,S01,Spring,Adult,South,68,No,2023,6
2023-06-18 17:38:50.894241186,P008,L,S11,Autumn,Adult,West,58,No,2023,6
2023-06-18 19:50:15.551295940,P010,L,S08,Spring,Young Adult,East,63,No,2023,6
2023-06-18 22:01:40.208350696,P025,S,S08,Winter,Senior,East,39,No,2023,6
2023-06-19 00:13:04.865405450,P007,L,S02,Spring,Adult,South,58,No,2023,6
2023-06-19 02:24:29.522460204,P003,L,S08,Spring,Senior,East,53,No,2023,6
2023-06-19 04:35:54.179514958,P003,L,S05,Autumn,Teen,North,45,No,2023,6
2023-06-19 06:47:18.836569714,P018,L,S02,Summer,Young Adult,South,68,No,2023,6
2023-06-19 08:58:43.493624468,P005,M,S07,Spring,Teen,East,51,No,2023,6
2023-06-19 11:10:08.150679222,P012,L,S07,Winter,Senior,East,55,No,2023,6
2023-06-19 13:21:32.807733978,P012,L,S03,Winter,Senior,South,56,No,2023,6
2023-06-19 15:32:57.464788732,P019,S,S01,Autumn,Young Adult,South,51,Yes,2023,6
2023-06-19 17:44:22.121843486,P030,M,S11,Winter,Senior,West,72,No,2023,6
2023-06-19 19:55:46.778898240,P006,M,S04,Spring,Young Adult,North,70,No,2023,6
2023-06-19 22:07:11.435952996,P002,L,S02,Summer,Young Adult,South,76,No,2023,6
2023-06-20 00:18:36.093007750,P012,M,S04,Spring,Teen,North,56,No,2023,6
2023-06-20 02:30:00.750062504,P019,L,S08,Autumn,Adult,East,58,No,2023,6
2023-06-20 04:41:25.407117260,P005,XL,S02,Winter,Adult,South,47,No,2023,6
2023-06-20 06:52:50.064172014,P012,L,S01,Spring,Senior,South,52,No,2023,6
2023-06-20 09:04:14.721226768,P027,XL,S11,Spring,Adult,West,53,No,2023,6
2023-06-20 11:15:39.378281522,P027,XXL,S03,Winter,Senior,South,49,No,2023,6
2023-06-20 13:27:04.035336278,P017,S,S10,Summer,Adult,West,58,No,2023,6
2023-06-20 15:38:28.692391032,P029,L,S07,Summer,Teen,East,63,No,2023,6
2023-06-20 17:49:53.349445786,P017,M,S12,Summer,Adult,West,77,No,2023,6
2023-06-20 20:01:18.006500540,P010,XL,S06,Winter,Senior,North,47,No,2023,6
2023-06-20 22:12:42.663555296,P025,M,S06,Spring,Senior,North,60,No,2023,6
2023-06-21 00:24:07.320610050,P023,XXL,S07,Autumn,Adult,East,32,Yes,2023,6
2023-06-21 02:35:31.977664804,P017,L,S08,Spring,Young Adult,East,61,No,2023,6
2023-06-21 04:46:56.634719560,P015,L,S03,Winter,Teen,South,53,No,2023,6
2023-06-21 06:58:21.291774314,P012,S,S03,Winter,Young Adult,South,61,No,2023,6
2023-06-21 09:09:45.948829068,P030,M,S10,Spring,Adult,West,66,No,2023,6
2023-06-21 11:21:10.605883822,P016,L,S08,Winter,Young Adult,East,66,No,2023,6
2023-06-21 13:32:35.262938578,P024,S,S12,Spring,Adult,West,43,No,2023,6
2023-06-21 15:43:59.919993332,P019,XL,S07,Spring,Senior,East,36,No,2023,6
2023-06-21 17:55:24.577048086,P008,S,S10,Summer,Young Adult,West,46,No,2023,6
2023-06-21 20:06:49.234102842,P021,L,S05,Winter,Teen,North,49,No,2023,6
2023-06-21 22:18:13.891157596,P017,M,S04,Winter,Young Adult,North,68,No,2023,6
2023-06-22 00:29:38.548212350,P023,L,S06,Summer,Senior,North,56,No,2023,6
2023-06-22 02:41:03.205267104,P005,L,S09,Summer,Senior,East,49,No,2023,6
2023-06-22 04:52:27.862321860,P022,M,S06,Summer,Senior,North,65,No,2023,6
2023-06-22 07:03:52.519376614,P016,S,S08,Autumn,Young Adult,East,49,No,2023,6
2023-06-22 09:15:17.176431368,P006,S,S01,Winter,Senior,South,44,No,2023,6
2023-06-22 11:26:41.833486124,P008,L,S12,Spring,Senior,West,53,No,2023,6
2023-06-22 13:38:06.490540878,P025,L,S06,Spring,Young Adult,North,54,No,2023,6
2023-06-22 15:49:31.147595632,P018,L,S02,Spring,Young Adult,South,67,No,2023,6
2023-06-22 18:00:55.804650386,P025,L,S03,Winter,Adult,South,63,No,2023,6
2023-06-22 20:12:20.461705142,P012,M,S06,Autumn,Young Adult,North,58,No,2023,6
2023-06-22 22:23:45.118759896,P015,M,S02,Winter,Senior,South,70,No,2023,6
2023-06-23 00:35:09.775814650,P027,S,S04,Winter,Teen,North,44,No,2023,6
2023-06-23 02:46:34.432869406,P026,M,S06,Winter,Senior,North,56,No,2023,6
2023-06-23 04:57:59.089924160,P009,XXL,S05,Winter,Senior,North,34,No,2023,6
2023-06-23 07:09:23.746978914,P013,XL,S06,Winter,Senior,North,42,No,2023,6
2023-06-23 09:20:48.404033668,P026,M,S06,Autumn,Young Adult,North,60,No,2023,6
2023-06-23 11:32:13.061088424,P015,L,S08,Summer,Teen,East,51,No,2023,6
2023-06-23 13:43:37.718143178,P010,XL,S09,Spring,Senior,East,46,No,2023,6
2023-06-23 15:55:02.375197932,P016,M,S05,Winter,Young Adult,North,68,Yes,2023,6
2023-06-23 18:06:27.032252688,P007,S,S06,Winter,Adult,North,58,No,2023,6
2023-06-23 20:17:51.689307442,P017,S,S06,Winter,Teen,North,50,No,2023,6
2023-06-23 22:29:16.346362196,P023,L,S06,Spring,Teen,North,43,No,2023,6
2023-06-24 00:40:41.003416950,P026,XXL,S02,Autumn,Young Adult,South,30,No,2023,6
2023-06-24 02:52:05.660471706,P021,L,S04,Spring,Adult,North,48,No,2023,6
2023-06-24 05:03:30.317526460,P022,S,S01,Autumn,Senior,South,46,No,2023,6
2023-06-24 07:14:54.974581214,P026,M,S12,Summer,Adult,West,66,No,2023,6
2023-06-24 09:26:19.631635968,P007,L,S01,Winter,Teen,South,61,No,2023,6
2023-06-24 11:37:44.288690724,P014,XL,S01,Autumn,Young Adult,South,51,No,2023,6
2023-06-24 13:49:08.945745478,P015,L,S07,Spring,Adult,East,55,No,2023,6
2023-06-24 16:00:33.602800232,P021,L,S01,Autumn,Senior,South,56,No,2023,6
2023-06-24 18:11:58.259854988,P007,S,S06,Autumn,Adult,North,50,No,2023,6
2023-06-24 20:23:22.916909742,P009,XL,S02,Summer,Adult,South,52,No,2023,6
2023-06-24 22:34:47.573964496,P019,L,S06,Winter,Young Adult,North,59,No,2023,6
2023-06-25 00:46:12.231019250,P016,M,S06,Winter,Young Adult,North,75,No,2023,6
2023-06-25 02:57:36.888074006,P008,L,S12,Spring,Teen,West,47,No,2023,6
2023-06-25 05:09:01.545128760,P018,M,S11,Spring,Young Adult,West,61,No,2023,6
2023-06-25 07:20:26.202183514,P027,S,S03,Summer,Adult,South,56,No,2023,6
2023-06-25 09:31:50.859238270,P023,M,S08,Autumn,Senior,East,46,No,2023,6
2023-06-25 11:43:15.516293024,P029,M,S11,Autumn,Teen,West,69,No,2023,6
2023-06-25 13:54:40.173347778,P018,M,S04,Spring,Young Adult,North,63,No,2023,6
2023-06-25 16:06:04.830402532,P030,M,S07,Winter,Adult,East,63,No,2023,6
2023-06-25 18:17:29.487457288,P020,L,S04,Autumn,Adult,North,57,No,2023,6
2023-06-25 20:28:54.144512042,P007,M,S01,Summer,Teen,South,75,No,2023,6
2023-06-25 22:40:18.801566796,P003,M,S06,Spring,Teen,North,56,No,2023,6
2023-06-26 00:51:43.458621552,P018,S,S05,Autumn,Young Adult,North,42,Yes,2023,6
2023-06-26 03:03:08.115676306,P027,L,S09,Winter,Young Adult,East,64,No,2023,6
2023-06-26 05:14:32.772731060,P010,M,S09,Winter,Senior,East,63,No,2023,6
2023-06-26 07:25:57.429785814,P007,M,S12,Summer,Teen,West,63,No,2023,6
2023-06-26 09:37:22.086840570,P017,XL,S11,Summer,Teen,West,48,No,2023,6
2023-06-26 11:48:46.743895324,P014,L,S08,Spring,Adult,East,62,No,2023,6
2023-06-26 14:00:11.400950078,P024,XL,S07,Spring,Senior,East,36,No,2023,6
2023-06-26 16:11:36.058004832,P003,M,S02,Winter,Young Adult,South,74,No,2023,6
2023-06-26 18:23:00.715059588,P012,S,S08,Winter,Senior,East,40,Yes,2023,6
2023-06-26 20:34:25.372114342,P028,L,S03,Autumn,Senior,South,51,Yes,2023,6
2023-06-26 22:45:50.029169096,P013,M,S06,Autumn,Adult,North,65,No,2023,6
2023-06-27 00:57:14.686223852,P002,M,S10,Autumn,Teen,West,60,No,2023,6
2023-06-27 03:08:39.343278606,P003,S,S07,Summer,Teen,East,41,No,2023,6
2023-06-27 05:20:04.000333360,P005,XL,S12,Summer,Teen,West,52,No,2023,6
2023-06-27 07:31:28.657388114,P011,S,S06,Autumn,Young Adult,North,41,No,2023,6
2023-06-27 09:42:53.314442870,P008,XL,S05,Winter,Teen,North,47,No,2023,6
2023-06-27 11:54:17.971497624,P026,XL,S04,Spring,Senior,North,42,No,2023,6
2023-06-27 14:05:42.628552378,P023,M,S02,Summer,Senior,South,56,No,2023,6
2023-06-27 16:17:07.285607134,P023,L,S09,Summer,Teen,East,55,No,2023,6
2023-06-27 18:28:31.942661888,P012,L,S07,Autumn,Senior,East,59,No,2023,6
2023-06-27 20:39:56.599716642,P007,XL,S07,Spring,Young Adult,East,56,No,2023,6
2023-06-27 22:51:21.256771396,P015,M,S04,Summer,Teen,North,55,No,2023,6
2023-06-28 01:02:45.913826152,P024,L,S05,Spring,Young Adult,North,65,No,2023,6
2023-06-28 03:14:10.570880906,P017,M,S06,Summer,Teen,North,68,No,2023,6
2023-06-28 05:25:35.227935660,P004,XL,S12,Spring,Young Adult,West,52,No,2023,6
2023-06-28 07:36:59.884990416,P029,M,S11,Spring,Young Adult,West,78,No,2023,6
2023-06-28 09:48:24.542045170,P022,M,S12,Summer,Young Adult,West,67,No,2023,6
2023-06-28 11:59:49.199099924,P025,L,S02,Spring,Senior,South,55,No,2023,6
2023-06-28 14:11:13.856154678,P013,XL,S04,Winter,Young Adult,North,57,No,2023,6
2023-06-28 16:22:38.513209434,P018,L,S04,Summer,Adult,North,62,No,2023,6
2023-06-28 18:34:03.170264188,P001,M,S12,Summer,Young Adult,West,74,No,2023,6
2023-06-28 20:45:27.827318942,P016,M,S04,Winter,Young Adult,North,67,No,2023,6
2023-06-28 22:56:52.484373698,P013,XXL,S07,Spring,Young Adult,East,35,No,2023,6
2023-06-29 01:08:17.141428452,P010,L,S07,Winter,Young Adult,East,75,No,2023,6
2023-06-29 03:19:41.798483206,P012,XL,S07,Summer,Teen,East,42,No,2023,6
2023-06-29 05:31:06.455537960,P030,S,S07,Winter,Senior,East,49,No,2023,6
2023-06-29 07:42:31.112592716,P002,M,S02,Spring,Senior,South,67,No,2023,6
2023-06-29 09:53:55.769647470,P023,L,S05,Winter,Senior,North,61,No,2023,6
2023-06-29 12:05:20.426702224,P003,XL,S10,Summer,Teen,West,54,No,2023,6
2023-06-29 14:16:45.083756980,P010,S,S02,Spring,Young Adult,South,60,No,2023,6
2023-06-29 16:28:09.740811734,P002,XL,S05,Summer,Young Adult,North,60,No,2023,6
2023-06-29 18:39:34.397866488,P030,L,S12,Summer,Senior,West,62,Yes,2023,6
2023-06-29 20:50:59.054921242,P027,M,S06,Autumn,Adult,North,63,No,2023,6
2023-06-29 23:02:23.711975998,P023,M,S03,Summer,Young Adult,South,62,No,2023,6
2023-06-30 01:13:48.369030752,P013,M,S06,Summer,Young Adult,North,68,No,2023,6
2023-06-30 03:25:13.026085506,P013,L,S05,Spring,Young Adult,North,64,No,2023,6
2023-06-30 05:36:37.683140260,P018,S,S04,Spring,Teen,North,34,No,2023,6
2023-06-30 07:48:02.340195016,P003,M,S10,Spring,Young Adult,West,60,No,2023,6
2023-06-30 09:59:26.997249770,P027,XL,S09,Winter,Senior,East,46,No,2023,6
2023-06-30 12:10:51.654304524,P007,S,S11,Winter,Young Adult,West,57,No,2023,6
2023-06-30 14:22:16.311359280,P014,M,S08,Spring,Senior,East,63,No,2023,6
2023-06-30 16:33:40.968414034,P020,M,S12,Winter,Adult,West,69,No,2023,6
2023-06-30 18:45:05.625468788,P029,L,S07,Autumn,Teen,East,51,No,2023,6
2023-06-30 20:56:30.282523542,P030,L,S11,Winter,Adult,West,62,No,2023,6
2023-06-30 23:07:54.939578298,P017,M,S01,Autumn,Young Adult,South,73,No,2023,6
2023-07-01 01:19:19.596633052,P029,L,S09,Spring,Adult,East,62,No,2023,7
2023-07-01 03:30:44.253687806,P030,L,S09,Spring,Young Adult,East,57,No,2023,7
2023-07-01 05:42:08.910742562,P021,S,S06,Winter,Senior,North,38,No,2023,7
2023-07-01 07:53:33.567797316,P012,M,S07,Spring,Young Adult,East,68,No,2023,7
2023-07-01 10:04:58.224852070,P025,M,S03,Spring,Teen,South,56,No,2023,7
2023-07-01 12:16:22.881906824,P016,M,S05,Summer,Adult,North,70,No,2023,7
2023-07-01 14:27:47.538961580,P024,L,S07,Spring,Young Adult,East,52,No,2023,7
2023-07-01 16:39:12.196016334,P012,L,S01,Summer,Senior,South,61,No,2023,7
2023-07-01 18:50:36.853071088,P015,M,S12,Spring,Adult,West,63,No,2023,7
2023-07-01 21:02:01.510125844,P025,M,S01,Autumn,Teen,South,56,No,2023,7
2023-07-01 23:13:26.167180598,P010,M,S05,Autumn,Young Adult,North,66,No,2023,7
2023-07-02 01:24:50.824235352,P030,L,S09,Spring,Teen,East,51,No,2023,7
2023-07-02 03:36:15.481290106,P025,M,S07,Autumn,Senior,East,55,No,2023,7
2023-07-02 05:47:40.138344862,P007,L,S01,Autumn,Adult,South,59,No,2023,7
2023-07-02 07:59:04.795399616,P020,M,S12,Autumn,Adult,West,62,No,2023,7
2023-07-02 10:10:29.452454370,P005,L,S05,Winter,Adult,North,55,No,2023,7
2023-07-02 12:21:54.109509124,P001,XL,S08,Autumn,Senior,East,42,No,2023,7
2023-07-02 14:33:18.766563880,P030,M,S08,Summer,Young Adult,East,74,No,2023,7
2023-07-02 16:44:43.423618634,P017,M,S12,Winter,Young Adult,West,78,No,2023,7
2023-07-02 18:56:08.080673388,P003,XXL,S02,Summer,Young Adult,South,36,No,2023,7
2023-07-02 21:07:32.737728144,P013,M,S07,Summer,Teen,East,64,No,2023,7
2023-07-02 23:18:57.394782898,P014,L,S10,Summer,Senior,West,63,No,2023,7
2023-07-03 01:30:22.051837652,P024,S,S05,Winter,Adult,North,42,No,2023,7
2023-07-03 03:41:46.708892406,P030,L,S09,Spring,Senior,East,58,No,2023,7
2023-07-03 05:53:11.365947162,P018,S,S03,Autumn,Senior,South,36,No,2023,7
2023-07-03 08:04:36.023001916,P004,XXL,S01,Autumn,Senior,South,38,No,2023,7
2023-07-03 10:16:00.680056670,P018,L,S04,Spring,Adult,North,53,No,2023,7
2023-07-03 12:27:25.337111426,P030,L,S07,Spring,Adult,East,61,No,2023,7
2023-07-03 14:38:49.994166180,P005,L,S01,Summer,Teen,South,58,No,2023,7
2023-07-03 16:50:14.651220934,P025,L,S02,Winter,Senior,South,62,Yes,2023,7
2023-07-03 19:01:39.308275688,P016,M,S05,Summer,Young Adult,North,74,No,2023,7
2023-07-03 21:13:03.965330444,P001,XL,S09,Autumn,Teen,East,44,No,2023,7
2023-07-03 23:24:28.622385198,P021,XXL,S01,Spring,Adult,South,28,Yes,2023,7
2023-07-04 01:35:53.279439952,P014,M,S12,Autumn,Adult,West,61,No,2023,7
2023-07-04 03:47:17.936494708,P015,XL,S04,Spring,Teen,North,42,No,2023,7
2023-07-04 05:58:42.593549462,P009,L,S12,Winter,Young Adult,West,65,Yes,2023,7
2023-07-04 08:10:07.250604216,P015,L,S03,Summer,Senior,South,62,No,2023,7
2023-07-04 10:21:31.907658970,P017,M,S05,Autumn,Senior,North,60,No,2023,7
2023-07-04 12:32:56.564713726,P025,M,S05,Winter,Young Adult,North,66,No,2023,7
2023-07-04 14:44:21.221768480,P024,S,S10,Autumn,Senior,West,36,No,2023,7
2023-07-04 16:55:45.878823234,P004,M,S02,Spring,Adult,South,69,No,2023,7
2023-07-04 19:07:10.535877990,P012,L,S05,Autumn,Teen,North,58,No,2023,7
2023-07-04 21:18:35.192932744,P027,M,S09,Winter,Young Adult,East,71,No,2023,7
2023-07-04 23:29:59.849987498,P026,M,S05,Winter,Teen,North,58,No,2023,7
2023-07-05 01:41:24.507042252,P005,XXL,S11,Summer,Senior,West,29,No,2023,7
2023-07-05 03:52:49.164097008,P029,M,S10,Autumn,Senior,West,62,No,2023,7
2023-07-05 06:04:13.821151762,P005,M,S02,Spring,Adult,South,69,No,2023,7
2023-07-05 08:15:38.478206516,P011,S,S07,Autumn,Adult,East,47,No,2023,7
2023-07-05 10:27:03.135261272,P028,S,S06,Summer,Senior,North,45,No,2023,7
2023-07-05 12:38:27.792316026,P006,L,S07,Spring,Senior,East,55,No,2023,7
2023-07-05 14:49:52.449370780,P007,L,S08,Spring,Adult,East,55,No,2023,7
2023-07-05 17:01:17.106425534,P024,L,S10,Summer,Adult,West,61,No,2023,7
2023-07-05 19:12:41.763480290,P014,S,S05,Spring,Young Adult,North,40,No,2023,7
2023-07-05 21:24:06.420535044,P024,L,S02,Winter,Adult,South,62,No,2023,7
2023-07-05 23:35:31.077589798,P011,M,S07,Winter,Young Adult,East,68,No,2023,7
2023-07-06 01:46:55.734644552,P030,M,S07,Spring,Young Adult,East,70,No,2023,7
2023-07-06 03:58:20.391699308,P013,S,S08,Autumn,Teen,East,43,No,2023,7
2023-07-06 06:09:45.048754062,P002,S,S07,Spring,Adult,East,53,No,2023,7
2023-07-06 08:21:09.705808816,P025,M,S10,Autumn,Young Adult,West,60,No,2023,7
2023-07-06 10:32:34.362863572,P007,S,S07,Summer,Teen,East,40,No,2023,7
2023-07-06 12:43:59.019918326,P020,XXL,S09,Winter,Teen,East,34,No,2023,7
2023-07-06 14:55:23.676973080,P004,M,S08,Winter,Adult,East,64,No,2023,7
2023-07-06 17:06:48.334027834,P027,S,S02,Summer,Adult,South,48,No,2023,7
2023-07-06 19:18:12.991082590,P008,M,S02,Summer,Teen,South,57,No,2023,7
2023-07-06 21:29:37.648137344,P020,L,S07,Winter,Young Adult,East,61,No,2023,7
2023-07-06 23:41:02.305192098,P029,S,S10,Summer,Adult,West,45,No,2023,7
2023-07-07 01:52:26.962246854,P022,XL,S11,Spring,Teen,West,45,No,2023,7
2023-07-07 04:03:51.619301608,P021,XXL,S10,Spring,Teen,West,29,No,2023,7
2023-07-07 06:15:16.276356362,P019,M,S03,Autumn,Young Adult,South,59,No,2023,7
2023-07-07 08:26:40.933411116,P013,M,S01,Autumn,Senior,South,60,No,2023,7
2023-07-07 10:38:05.590465872,P014,S,S09,Autumn,Young Adult,East,50,No,2023,7
2023-07-07 12:49:30.247520626,P010,L,S03,Spring,Teen,South,62,No,2023,7
2023-07-07 15:00:54.904575380,P011,M,S01,Winter,Young Adult,South,78,No,2023,7
2023-07-07 17:12:19.561630136,P002,M,S06,Autumn,Adult,North,72,No,2023,7
2023-07-07 19:23:44.218684890,P025,M,S04,Spring,Teen,North,55,No,2023,7
2023-07-07 21:35:08.875739644,P026,L,S01,Winter,Young Adult,South,59,No,2023,7
2023-07-07 23:46:33.532794398,P009,M,S04,Summer,Young Adult,North,72,No,2023,7
2023-07-08 01:57:58.189849154,P017,M,S08,Spring,Young Adult,East,68,No,2023,7
2023-07-08 04:09:22.846903908,P026,L,S11,Summer,Young Adult,West,57,No,2023,7
2023-07-08 06:20:47.503958662,P003,L,S07,Autumn,Teen,East,48,No,2023,7
2023-07-08 08:32:12.161013416,P024,XL,S12,Winter,Young Adult,West,50,No,2023,7
2023-07-08 10:43:36.818068172,P006,S,S01,Spring,Adult,South,44,No,2023,7
2023-07-08 12:55:01.475122926,P005,L,S10,Autumn,Senior,West,46,No,2023,7
2023-07-08 15:06:26.132177680,P005,L,S12,Autumn,Senior,West,47,No,2023,7
2023-07-08 17:17:50.789232436,P022,S,S09,Winter,Senior,East,53,No,2023,7
2023-07-08 19:29:15.446287190,P015,L,S06,Summer,Adult,North,61,No,2023,7
2023-07-08 21:40:40.103341944,P023,M,S02,Autumn,Senior,South,54,No,2023,7
2023-07-08 23:52:04.760396698,P017,XL,S03,Winter,Teen,South,51,No,2023,7
2023-07-09 02:03:29.417451454,P009,S,S07,Winter,Teen,East,45,No,2023,7
2023-07-09 04:14:54.074506208,P003,L,S03,Spring,Adult,South,62,No,2023,7
2023-07-09 06:26:18.731560962,P020,M,S03,Autumn,Adult,South,55,No,2023,7
2023-07-09 08:37:43.388615718,P026,XXL,S05,Summer,Teen,North,37,No,2023,7
2023-07-09 10:49:08.045670472,P017,M,S03,Summer,Adult,South,68,No,2023,7
2023-07-09 13:00:32.702725226,P029,XXL,S03,Autumn,Adult,South,40,No,2023,7
2023-07-09 15:11:57.359779980,P027,XL,S11,Summer,Teen,West,60,No,2023,7
2023-07-09 17:23:22.016834736,P010,M,S05,Winter,Teen,North,77,No,2023,7
2023-07-09 19:34:46.673889490,P003,XL,S05,Winter,Young Adult,North,52,No,2023,7
2023-07-09 21:46:11.330944244,P018,XXL,S12,Autumn,Young Adult,West,32,Yes,2023,7
2023-07-09 23:57:35.987999000,P018,M,S09,Summer,Senior,East,54,No,2023,7
2023-07-10 02:09:00.645053754,P030,M,S01,Winter,Adult,South,78,No,2023,7
2023-07-10 04:20:25.302108508,P017,L,S01,Autumn,Teen,South,68,No,2023,7
2023-07-10 06:31:49.959163262,P024,M,S11,Winter,Senior,West,71,No,2023,7
2023-07-10 08:43:14.616218018,P003,S,S09,Autumn,Young Adult,East,44,No,2023,7
2023-07-10 10:54:39.273272772,P003,M,S05,Spring,Adult,North,55,No,2023,7
2023-07-10 13:06:03.930327526,P006,M,S04,Spring,Senior,North,65,No,2023,7
2023-07-10 15:17:28.587382282,P013,M,S02,Autumn,Adult,South,57,No,2023,7
2023-07-10 17:28:53.244437036,P024,M,S12,Spring,Senior,West,59,No,2023,7
2023-07-10 19:40:17.901491790,P029,XL,S09,Spring,Adult,East,52,No,2023,7
2023-07-10 21:51:42.558546544,P015,L,S06,Summer,Adult,North,62,No,2023,7
2023-07-11 00:03:07.215601300,P025,S,S09,Spring,Teen,East,38,No,2023,7
2023-07-11 02:14:31.872656054,P009,L,S05,Summer,Adult,North,55,No,2023,7
2023-07-11 04:25:56.529710808,P004,L,S04,Spring,Young Adult,North,69,No,2023,7
2023-07-11 06:37:21.186765564,P014,XXL,S07,Spring,Teen,East,31,No,2023,7
2023-07-11 08:48:45.843820318,P005,S,S05,Winter,Adult,North,40,No,2023,7
2023-07-11 11:00:10.500875072,P002,M,S08,Autumn,Young Adult,East,72,No,2023,7
2023-07-11 13:11:35.157929826,P011,XL,S08,Spring,Young Adult,East,50,No,2023,7
2023-07-11 15:22:59.814984582,P009,XL,S02,Autumn,Senior,South,49,Yes,2023,7
2023-07-11 17:34:24.472039336,P024,L,S05,Autumn,Teen,North,53,No,2023,7
2023-07-11 19:45:49.129094090,P003,L,S10,Winter,Teen,West,60,No,2023,7
2023-07-11 21:57:13.786148844,P027,S,S08,Autumn,Senior,East,35,No,2023,7
2023-07-12 00:08:38.443203600,P028,L,S03,Autumn,Senior,South,58,No,2023,7
2023-07-12 02:20:03.100258354,P029,M,S07,Spring,Senior,East,59,No,2023,7
2023-07-12 04:31:27.757313108,P009,M,S03,Winter,Teen,South,63,No,2023,7
2023-07-12 06:42:52.414367864,P003,XL,S06,Autumn,Young Adult,North,42,No,2023,7
2023-07-12 08:54:17.071422618,P025,S,S02,Spring,Young Adult,South,48,No,2023,7
2023-07-12 11:05:41.728477372,P002,M,S06,Winter,Adult,North,69,No,2023,7
2023-07-12 13:17:06.385532126,P012,XL,S06,Spring,Teen,North,41,No,2023,7
2023-07-12 15:28:31.042586882,P010,M,S08,Winter,Teen,East,66,No,2023,7
2023-07-12 17:39:55.699641636,P009,XXL,S05,Winter,Senior,North,37,No,2023,7
2023-07-12 19:51:20.356696390,P015,XXL,S01,Summer,Teen,South,38,No,2023,7
2023-07-12 22:02:45.013751146,P008,L,S08,Summer,Teen,East,60,No,2023,7
2023-07-13 00:14:09.670805900,P025,M,S12,Summer,Young Adult,West,76,No,2023,7
2023-07-13 02:25:34.327860654,P005,M,S09,Autumn,Teen,East,53,No,2023,7
2023-07-13 04:36:58.984915408,P011,M,S01,Spring,Young Adult,South,76,No,2023,7
2023-07-13 06:48:23.641970164,P027,M,S05,Winter,Young Adult,North,72,No,2023,7
2023-07-13 08:59:48.299024918,P002,M,S12,Spring,Teen,West,60,No,2023,7
2023-07-13 11:11:12.956079672,P024,XXL,S06,Autumn,Young Adult,North,38,No,2023,7
2023-07-13 13:22:37.613134428,P028,M,S04,Summer,Senior,North,59,No,2023,7
2023-07-13 15:34:02.270189182,P015,L,S11,Summer,Young Adult,West,64,No,2023,7
2023-07-13 17:45:26.927243936,P006,S,S02,Spring,Teen,South,50,No,2023,7
2023-07-13 19:56:51.584298690,P008,L,S05,Spring,Senior,North,56,No,2023,7
2023-07-13 22:08:16.241353446,P027,XL,S04,Winter,Senior,North,58,No,2023,7
2023-07-14 00:19:40.898408200,P005,M,S07,Spring,Teen,East,62,No,2023,7
2023-07-14 02:31:05.555462954,P016,M,S06,Winter,Adult,North,70,No,2023,7
2023-07-14 04:42:30.212517708,P026,L,S03,Winter,Young Adult,South,64,No,2023,7
2023-07-14 06:53:54.869572464,P018,L,S09,Summer,Young Adult,East,68,Yes,2023,7
2023-07-14 09:05:19.526627218,P006,L,S04,Spring,Adult,North,64,No,2023,7
2023-07-14 11:16:44.183681972,P005,M,S11,Summer,Senior,West,61,No,2023,7
2023-07-14 13:28:08.840736728,P028,M,S05,Winter,Adult,North,63,No,2023,7
2023-07-14 15:39:33.497791482,P016,XXL,S03,Summer,Teen,South,40,No,2023,7
2023-07-14 17:50:58.154846236,P013,XL,S08,Summer,Adult,East,49,No,2023,7
2023-07-14 20:02:22.811900990,P028,M,S11,Winter,Senior,West,63,No,2023,7
2023-07-14 22:13:47.468955746,P005,XL,S07,Autumn,Teen,East,43,No,2023,7
2023-07-15 00:25:12.126010500,P013,M,S11,Autumn,Teen,West,58,Yes,2023,7
2023-07-15 02:36:36.783065254,P017,M,S11,Spring,Teen,West,66,No,2023,7
2023-07-15 04:48:01.440120010,P018,M,S07,Summer,Young Adult,East,69,No,2023,7
2023-07-15 06:59:26.097174764,P008,M,S08,Spring,Young Adult,East,64,No,2023,7
2023-07-15 09:10:50.754229518,P013,L,S07,Summer,Teen,East,57,No,2023,7
2023-07-15 11:22:15.411284272,P030,S,S03,Spring,Adult,South,45,No,2023,7
2023-07-15 13:33:40.068339028,P029,M,S03,Spring,Young Adult,South,69,No,2023,7
2023-07-15 15:45:04.725393782,P019,L,S02,Winter,Senior,South,64,No,2023,7
2023-07-15 17:56:29.382448536,P026,L,S01,Autumn,Young Adult,South,50,No,2023,7
2023-07-15 20:07:54.039503292,P003,L,S05,Autumn,Adult,North,51,Yes,2023,7
2023-07-15 22:19:18.696558046,P024,XL,S12,Autumn,Young Adult,West,55,Yes,2023,7
2023-07-16 00:30:43.353612800,P008,S,S04,Winter,Adult,North,52,No,2023,7
2023-07-16 02:42:08.010667554,P002,L,S11,Autumn,Adult,West,62,No,2023,7
2023-07-16 04:53:32.667722310,P008,L,S02,Winter,Young Adult,South,65,No,2023,7
2023-07-16 07:04:57.324777064,P027,L,S01,Summer,Adult,South,71,No,2023,7
2023-07-16 09:16:21.981831818,P013,M,S03,Winter,Adult,South,75,No,2023,7
2023-07-16 11:27:46.638886574,P013,S,S06,Spring,Senior,North,36,No,2023,7
2023-07-16 13:39:11.295941328,P001,XL,S02,Spring,Teen,South,57,No,2023,7
2023-07-16 15:50:35.952996082,P006,M,S10,Summer,Teen,West,60,No,2023,7
2023-07-16 18:02:00.610050836,P024,XL,S07,Summer,Young Adult,East,55,No,2023,7
2023-07-16 20:13:25.267105592,P019,L,S11,Spring,Adult,West,64,No,2023,7
2023-07-16 22:24:49.924160346,P016,L,S07,Autumn,Young Adult,East,58,No,2023,7
2023-07-17 00:36:14.581215100,P008,XL,S11,Autumn,Young Adult,West,47,No,2023,7
2023-07-17 02:47:39.238269856,P028,L,S03,Autumn,Teen,South,59,No,2023,7
2023-07-17 04:59:03.895324610,P001,M,S01,Summer,Adult,South,75,No,2023,7
2023-07-17 07:10:28.552379364,P027,L,S09,Spring,Young Adult,East,57,No,2023,7
2023-07-17 09:21:53.209434118,P027,XL,S11,Winter,Young Adult,West,63,No,2023,7
2023-07-17 11:33:17.866488874,P016,M,S05,Summer,Teen,North,62,No,2023,7
2023-07-17 13:44:42.523543628,P009,M,S02,Spring,Teen,South,71,No,2023,7
2023-07-17 15:56:07.180598382,P013,S,S08,Autumn,Teen,East,30,No,2023,7
2023-07-17 18:07:31.837653136,P011,XL,S12,Autumn,Young Adult,West,55,No,2023,7
2023-07-17 20:18:56.494707892,P013,S,S10,Autumn,Adult,West,43,No,2023,7
2023-07-17 22:30:21.151762646,P025,L,S10,Spring,Teen,West,50,No,2023,7
2023-07-18 00:41:45.808817400,P021,M,S04,Autumn,Teen,North,52,No,2023,7
2023-07-18 02:53:10.465872156,P010,M,S11,Spring,Adult,West,68,No,2023,7
2023-07-18 05:04:35.122926910,P004,L,S10,Summer,Young Adult,West,63,No,2023,7
2023-07-18 07:15:59.779981664,P027,S,S12,Winter,Young Adult,West,57,No,2023,7
2023-07-18 09:27:24.437036418,P006,L,S07,Autumn,Adult,East,50,No,2023,7
2023-07-18 11:38:49.094091174,P028,L,S05,Summer,Teen,North,51,No,2023,7
2023-07-18 13:50:13.751145928,P007,XL,S03,Summer,Senior,South,48,No,2023,7
2023-07-18 16:01:38.408200682,P005,M,S10,Spring,Adult,West,58,No,2023,7
2023-07-18 18:13:03.065255438,P011,XL,S08,Summer,Senior,East,39,No,2023,7
2023-07-18 20:24:27.722310192,P013,L,S02,Spring,Young Adult,South,63,No,2023,7
2023-07-18 22:35:52.379364946,P026,XL,S01,Spring,Young Adult,South,52,No,2023,7
2023-07-19 00:47:17.036419700,P025,M,S05,Summer,Senior,North,58,No,2023,7
2023-07-19 02:58:41.693474456,P019,L,S11,Spring,Teen,West,47,No,2023,7
2023-07-19 05:10:06.350529210,P023,XL,S04,Spring,Senior,North,40,No,2023,7
2023-07-19 07:21:31.007583964,P010,XL,S11,Spring,Teen,West,57,No,2023,7
2023-07-19 09:32:55.664638720,P010,M,S10,Summer,Adult,West,68,No,2023,7
2023-07-19 11:44:20.321693474,P011,M,S07,Winter,Young Adult,East,64,No,2023,7
2023-07-19 13:55:44.978748228,P021,M,S09,Spring,Young Adult,East,57,No,2023,7
2023-07-19 16:07:09.635802982,P030,M,S06,Autumn,Senior,North,52,No,2023,7
2023-07-19 18:18:34.292857738,P007,M,S11,Summer,Adult,West,74,No,2023,7
2023-07-19 20:29:58.949912492,P018,M,S01,Summer,Senior,South,71,No,2023,7
2023-07-19 22:41:23.606967246,P004,XL,S08,Spring,Senior,East,44,No,2023,7
2023-07-20 00:52:48.264022000,P002,S,S02,Summer,Senior,South,50,No,2023,7
2023-07-20 03:04:12.921076756,P014,L,S04,Autumn,Teen,North,48,No,2023,7
2023-07-20 05:15:37.578131510,P013,M,S03,Winter,Young Adult,South,76,No,2023,7
2023-07-20 07:27:02.235186264,P029,M,S06,Summer,Young Adult,North,72,No,2023,7
2023-07-20 09:38:26.892241020,P012,S,S02,Summer,Senior,South,46,Yes,2023,7
2023-07-20 11:49:51.549295774,P007,M,S05,Summer,Teen,North,66,No,2023,7
2023-07-20 14:01:16.206350528,P002,L,S11,Spring,Young Adult,West,67,No,2023,7
2023-07-20 16:12:40.863405282,P013,XL,S09,Autumn,Teen,East,37,No,2023,7
2023-07-20 18:24:05.520460038,P014,M,S03,Winter,Adult,South,79,No,2023,7
2023-07-20 20:35:30.177514792,P027,M,S02,Autumn,Teen,South,70,No,2023,7
2023-07-20 22:46:54.834569546,P017,M,S02,Autumn,Teen,South,74,No,2023,7
2023-07-21 00:58:19.491624302,P009,XL,S09,Summer,Adult,East,56,No,2023,7
2023-07-21 03:09:44.148679056,P017,L,S06,Winter,Young Adult,North,68,No,2023,7
2023-07-21 05:21:08.805733810,P008,L,S02,Autumn,Young Adult,South,53,No,2023,7
2023-07-21 07:32:33.462788564,P002,L,S03,Winter,Teen,South,64,No,2023,7
2023-07-21 09:43:58.119843320,P028,XL,S01,Spring,Teen,South,53,No,2023,7
2023-07-21 11:55:22.776898074,P024,S,S02,Summer,Adult,South,53,No,2023,7
2023-07-21 14:06:47.433952828,P013,M,S02,Spring,Adult,South,72,No,2023,7
2023-07-21 16:18:12.091007584,P003,XL,S11,Winter,Young Adult,West,58,No,2023,7
2023-07-21 18:29:36.748062338,P016,L,S02,Summer,Young Adult,South,73,No,2023,7
2023-07-21 20:41:01.405117092,P006,L,S07,Spring,Adult,East,53,No,2023,7
2023-07-21 22:52:26.062171846,P019,L,S03,Summer,Teen,South,55,No,2023,7
2023-07-22 01:03:50.719226602,P030,M,S11,Spring,Adult,West,69,No,2023,7
2023-07-22 03:15:15.376281356,P007,L,S04,Autumn,Young Adult,North,62,No,2023,7
2023-07-22 05:26:40.033336110,P010,L,S02,Summer,Teen,South,58,No,2023,7
2023-07-22 07:38:04.690390866,P009,M,S05,Winter,Senior,North,65,No,2023,7
2023-07-22 09:49:29.347445620,P002,L,S09,Summer,Senior,East,55,No,2023,7
2023-07-22 12:00:54.004500374,P028,XL,S12,Winter,Adult,West,59,No,2023,7
2023-07-22 14:12:18.661555128,P028,M,S09,Spring,Young Adult,East,66,No,2023,7
2023-07-22 16:23:43.318609884,P015,M,S07,Spring,Teen,East,55,No,2023,7
2023-07-22 18:35:07.975664638,P030,M,S12,Winter,Senior,West,65,No,2023,7
2023-07-22 20:46:32.632719392,P005,L,S08,Spring,Teen,East,42,No,2023,7
2023-07-22 22:57:57.289774148,P029,M,S05,Summer,Teen,North,67,No,2023,7
2023-07-23 01:09:21.946828902,P022,L,S05,Spring,Teen,North,62,No,2023,7
2023-07-23 03:20:46.603883656,P004,XL,S12,Winter,Teen,West,61,No,2023,7
2023-07-23 05:32:11.260938410,P020,M,S03,Winter,Adult,South,64,No,2023,7
2023-07-23 07:43:35.917993166,P004,XL,S06,Autumn,Teen,North,51,Yes,2023,7
2023-07-23 09:55:00.575047920,P018,XXL,S01,Winter,Senior,South,43,No,2023,7
2023-07-23 12:06:25.232102674,P004,S,S03,Spring,Senior,South,46,No,2023,7
2023-07-23 14:17:49.889157428,P027,M,S11,Winter,Adult,West,81,No,2023,7
2023-07-23 16:29:14.546212184,P017,XXL,S02,Spring,Senior,South,38,Yes,2023,7
2023-07-23 18:40:39.203266938,P012,XXL,S07,Spring,Teen,East,39,Yes,2023,7
2023-07-23 20:52:03.860321692,P022,S,S09,Autumn,Senior,East,46,No,2023,7
2023-07-23 23:03:28.517376448,P017,S,S04,Spring,Young Adult,North,53,No,2023,7
2023-07-24 01:14:53.174431202,P010,M,S07,Winter,Teen,East,75,Yes,2023,7
2023-07-24 03:26:17.831485956,P022,XXL,S08,Winter,Adult,East,38,No,2023,7
2023-07-24 05:37:42.488540710,P001,M,S10,Winter,Young Adult,West,81,No,2023,7
2023-07-24 07:49:07.145595466,P022,L,S02,Spring,Senior,South,52,No,2023,7
2023-07-24 10:00:31.802650220,P026,XL,S07,Winter,Young Adult,East,50,No,2023,7
2023-07-24 12:11:56.459704974,P024,S,S12,Summer,Senior,West,46,No,2023,7
2023-07-24 14:23:21.116759730,P027,L,S03,Summer,Senior,South,61,No,2023,7
2023-07-24 16:34:45.773814484,P018,M,S08,Winter,Senior,East,61,No,2023,7
2023-07-24 18:46:10.430869238,P018,XL,S06,Spring,Adult,North,40,No,2023,7
2023-07-24 20:57:35.087923992,P014,M,S03,Winter,Young Adult,South,72,No,2023,7
2023-07-24 23:08:59.744978748,P015,L,S08,Summer,Adult,East,53,No,2023,7
2023-07-25 01:20:24.402033502,P029,L,S11,Spring,Senior,West,66,No,2023,7
2023-07-25 03:31:49.059088256,P012,M,S03,Winter,Teen,South,72,No,2023,7
2023-07-25 05:43:13.716143012,P004,S,S09,Spring,Teen,East,35,No,2023,7
2023-07-25 07:54:38.373197766,P027,M,S11,Winter,Adult,West,73,No,2023,7
2023-07-25 10:06:03.030252520,P003,M,S03,Autumn,Teen,South,57,No,2023,7
2023-07-25 12:17:27.687307274,P020,XL,S01,Spring,Young Adult,South,44,Yes,2023,7
2023-07-25 14:28:52.344362030,P029,XL,S02,Summer,Teen,South,48,No,2023,7
2023-07-25 16:40:17.001416784,P012,M,S04,Summer,Teen,North,64,No,2023,7
2023-07-25 18:51:41.658471538,P007,L,S11,Summer,Senior,West,59,No,2023,7
2023-07-25 21:03:06.315526292,P029,L,S02,Summer,Young Adult,South,71,No,2023,7
2023-07-25 23:14:30.972581048,P011,XL,S04,Winter,Young Adult,North,56,No,2023,7
2023-07-26 01:25:55.629635802,P001,M,S04,Winter,Teen,North,67,No,2023,7
2023-07-26 03:37:20.286690556,P006,M,S04,Spring,Senior,North,61,Yes,2023,7
2023-07-26 05:48:44.943745312,P015,M,S01,Autumn,Teen,South,64,No,2023,7
2023-07-26 08:00:09.600800066,P015,L,S09,Autumn,Teen,East,43,No,2023,7
2023-07-26 10:11:34.257854820,P019,M,S10,Spring,Adult,West,69,No,2023,7
2023-07-26 12:22:58.914909574,P011,M,S11,Summer,Senior,West,67,No,2023,7
2023-07-26 14:34:23.571964330,P026,S,S07,Autumn,Adult,East,34,No,2023,7
2023-07-26 16:45:48.229019084,P023,L,S02,Autumn,Teen,South,49,No,2023,7
2023-07-26 18:57:12.886073838,P026,M,S03,Spring,Teen,South,59,No,2023,7
2023-07-26 21:08:37.543128594,P002,M,S08,Summer,Senior,East,63,No,2023,7
2023-07-26 23:20:02.200183348,P014,M,S07,Winter,Young Adult,East,78,No,2023,7
2023-07-27 01:31:26.857238102,P002,M,S04,Winter,Teen,North,72,No,2023,7
2023-07-27 03:42:51.514292856,P029,L,S04,Autumn,Teen,North,54,No,2023,7
2023-07-27 05:54:16.171347612,P004,M,S09,Winter,Adult,East,75,No,2023,7
2023-07-27 08:05:40.828402366,P017,M,S05,Spring,Adult,North,68,No,2023,7
2023-07-27 10:17:05.485457120,P003,L,S11,Autumn,Senior,West,60,No,2023,7
2023-07-27 12:28:30.142511876,P013,M,S05,Autumn,Adult,North,54,No,2023,7
2023-07-27 14:39:54.799566630,P009,M,S07,Summer,Young Adult,East,65,No,2023,7
2023-07-27 16:51:19.456621384,P007,XL,S01,Winter,Teen,South,51,No,2023,7
2023-07-27 19:02:44.113676138,P015,M,S03,Summer,Adult,South,64,No,2023,7
2023-07-27 21:14:08.770730894,P023,M,S02,Autumn,Young Adult,South,58,No,2023,7
2023-07-27 23:25:33.427785648,P029,S,S11,Winter,Teen,West,58,No,2023,7
2023-07-28 01:36:58.084840402,P029,M,S10,Summer,Teen,West,65,No,2023,7
2023-07-28 03:48:22.741895158,P011,L,S06,Winter,Young Adult,North,68,Yes,2023,7
2023-07-28 05:59:47.398949912,P020,L,S11,Autumn,Teen,West,53,No,2023,7
2023-07-28 08:11:12.056004666,P002,L,S12,Autumn,Young Adult,West,58,No,2023,7
2023-07-28 10:22:36.713059420,P015,M,S06,Autumn,Young Adult,North,68,No,2023,7
2023-07-28 12:34:01.370114176,P014,M,S10,Spring,Adult,West,69,No,2023,7
2023-07-28 14:45:26.027168928,P020,XL,S01,Summer,Senior,South,50,No,2023,7
2023-07-28 16:56:50.684223684,P022,XL,S06,Summer,Young Adult,North,48,No,2023,7
2023-07-28 19:08:15.341278440,P011,S,S10,Autumn,Adult,West,49,No,2023,7
2023-07-28 21:19:39.998333192,P027,M,S02,Summer,Teen,South,66,No,2023,7
2023-07-28 23:31:04.655387948,P003,M,S11,Autumn,Adult,West,63,No,2023,7
2023-07-29 01:42:29.312442704,P017,S,S04,Summer,Young Adult,North,58,No,2023,7
2023-07-29 03:53:53.969497456,P030,M,S06,Winter,Adult,North,66,No,2023,7
2023-07-29 06:05:18.626552212,P012,S,S03,Summer,Senior,South,47,No,2023,7
2023-07-29 08:16:43.283606968,P024,L,S03,Autumn,Teen,South,58,No,2023,7
2023-07-29 10:28:07.940661720,P028,L,S12,Summer,Adult,West,57,No,2023,7
2023-07-29 12:39:32.597716476,P029,S,S03,Winter,Teen,South,57,No,2023,7
2023-07-29 14:50:57.254771232,P021,S,S04,Winter,Young Adult,North,47,No,2023,7
2023-07-29 17:02:21.911825984,P015,XL,S09,Winter,Senior,East,38,Yes,2023,7
2023-07-29 19:13:46.568880740,P016,M,S04,Autumn,Senior,North,66,No,2023,7
2023-07-29 21:25:11.225935492,P005,L,S04,Spring,Adult,North,47,No,2023,7
2023-07-29 23:36:35.882990248,P027,M,S04,Autumn,Teen,North,64,No,2023,7
2023-07-30 01:48:00.540045004,P020,L,S07,Winter,Teen,East,61,No,2023,7
2023-07-30 03:59:25.197099756,P006,M,S05,Summer,Adult,North,67,No,2023,7
2023-07-30 06:10:49.854154512,P019,S,S12,Winter,Adult,West,50,No,2023,7
2023-07-30 08:22:14.511209268,P025,M,S02,Spring,Adult,South,63,No,2023,7
2023-07-30 10:33:39.168264020,P005,M,S07,Spring,Adult,East,60,No,2023,7
2023-07-30 12:45:03.825318776,P003,M,S03,Winter,Senior,South,70,No,2023,7
2023-07-30 14:56:28.482373532,P027,L,S11,Autumn,Adult,West,67,No,2023,7
2023-07-30 17:07:53.139428284,P001,M,S01,Spring,Teen,South,64,No,2023,7
2023-07-30 19:19:17.796483040,P026,S,S09,Winter,Young Adult,East,46,No,2023,7
2023-07-30 21:30:42.453537792,P028,L,S05,Autumn,Teen,North,57,No,2023,7
2023-07-30 23:42:07.110592548,P006,L,S10,Summer,Adult,West,64,No,2023,7
2023-07-31 01:53:31.767647304,P015,XXL,S01,Autumn,Senior,South,25,No,2023,7
2023-07-31 04:04:56.424702056,P002,L,S11,Spring,Adult,West,70,No,2023,7
2023-07-31 06:16:21.081756812,P029,M,S01,Autumn,Young Adult,South,66,No,2023,7
2023-07-31 08:27:45.738811568,P003,L,S01,Autumn,Adult,South,65,No,2023,7
2023-07-31 10:39:10.395866320,P017,XL,S12,Summer,Young Adult,West,66,No,2023,7
2023-07-31 12:50:35.052921076,P025,XL,S09,Winter,Adult,East,57,No,2023,7
2023-07-31 15:01:59.709975832,P024,M,S08,Autumn,Senior,East,64,No,2023,7
2023-07-31 17:13:24.367030584,P012,M,S11,Summer,Teen,West,66,No,2023,7
2023-07-31 19:24:49.024085340,P018,M,S06,Spring,Young Adult,North,58,No,2023,7
2023-07-31 21:36:13.681140096,P015,L,S10,Winter,Teen,West,53,No,2023,7
2023-07-31 23:47:38.338194848,P012,L,S06,Spring,Adult,North,55,Yes,2023,7
2023-08-01 01:59:02.995249604,P016,L,S06,Winter,Teen,North,67,No,2023,8
2023-08-01 04:10:27.652304356,P027,S,S04,Autumn,Senior,North,49,No,2023,8
2023-08-01 06:21:52.309359112,P008,L,S05,Autumn,Senior,North,49,No,2023,8
2023-08-01 08:33:16.966413868,P028,XL,S10,Winter,Teen,West,53,No,2023,8
2023-08-01 10:44:41.623468620,P014,M,S03,Spring,Teen,South,70,Yes,2023,8
2023-08-01 12:56:06.280523376,P025,L,S03,Spring,Senior,South,57,No,2023,8
2023-08-01 15:07:30.937578132,P017,M,S10,Spring,Young Adult,West,78,No,2023,8
2023-08-01 17:18:55.594632884,P029,XL,S07,Autumn,Young Adult,East,46,No,2023,8
2023-08-01 19:30:20.251687640,P021,XL,S05,Winter,Senior,North,47,No,2023,8
2023-08-01 21:41:44.908742396,P008,L,S08,Winter,Senior,East,51,No,2023,8
2023-08-01 23:53:09.565797148,P015,L,S05,Spring,Young Adult,North,59,No,2023,8
2023-08-02 02:04:34.222851904,P027,XL,S12,Autumn,Teen,West,42,No,2023,8
2023-08-02 04:15:58.879906656,P014,M,S04,Winter,Teen,North,71,No,2023,8
2023-08-02 06:27:23.536961412,P018,M,S03,Winter,Adult,South,64,No,2023,8
2023-08-02 08:38:48.194016168,P020,L,S12,Spring,Young Adult,West,51,No,2023,8
2023-08-02 10:50:12.851070920,P007,M,S02,Spring,Senior,South,62,No,2023,8
2023-08-02 13:01:37.508125676,P003,M,S03,Winter,Adult,South,71,No,2023,8
2023-08-02 15:13:02.165180432,P029,XL,S07,Autumn,Teen,East,46,No,2023,8
2023-08-02 17:24:26.822235184,P012,L,S08,Summer,Young Adult,East,58,No,2023,8
2023-08-02 19:35:51.479289940,P021,M,S05,Winter,Adult,North,64,No,2023,8
2023-08-02 21:47:16.136344696,P024,M,S11,Winter,Teen,West,74,No,2023,8
2023-08-02 23:58:40.793399448,P028,M,S01,Autumn,Senior,South,60,No,2023,8
2023-08-03 02:10:05.450454204,P026,M,S03,Winter,Teen,South,62,No,2023,8
2023-08-03 04:21:30.107508960,P003,M,S04,Summer,Teen,North,64,No,2023,8
2023-08-03 06:32:54.764563712,P020,L,S10,Autumn,Young Adult,West,61,No,2023,8
2023-08-03 08:44:19.421618468,P014,M,S12,Summer,Senior,West,60,No,2023,8
2023-08-03 10:55:44.078673220,P015,M,S04,Summer,Young Adult,North,73,No,2023,8
2023-08-03 13:07:08.735727976,P025,M,S12,Winter,Senior,West,61,No,2023,8
2023-08-03 15:18:33.392782732,P030,XXL,S01,Summer,Adult,South,38,No,2023,8
2023-08-03 17:29:58.049837484,P014,M,S10,Winter,Teen,West,68,Yes,2023,8
2023-08-03 19:41:22.706892240,P007,S,S09,Winter,Young Adult,East,53,No,2023,8
2023-08-03 21:52:47.363946996,P017,S,S12,Autumn,Senior,West,51,No,2023,8
2023-08-04 00:04:12.021001748,P030,L,S10,Autumn,Young Adult,West,64,No,2023,8
2023-08-04 02:15:36.678056504,P012,L,S04,Autumn,Teen,North,54,Yes,2023,8
2023-08-04 04:27:01.335111260,P020,M,S02,Winter,Teen,South,61,No,2023,8
2023-08-04 06:38:25.992166012,P004,M,S09,Summer,Adult,East,69,No,2023,8
2023-08-04 08:49:50.649220768,P009,S,S04,Summer,Senior,North,43,No,2023,8
2023-08-04 11:01:15.306275524,P006,L,S04,Autumn,Senior,North,55,No,2023,8
2023-08-04 13:12:39.963330276,P016,L,S11,Autumn,Adult,West,64,No,2023,8
2023-08-04 15:24:04.620385032,P025,S,S06,Winter,Adult,North,45,No,2023,8
2023-08-04 17:35:29.277439784,P028,S,S08,Spring,Senior,East,43,No,2023,8
2023-08-04 19:46:53.934494540,P022,S,S05,Spring,Senior,North,37,No,2023,8
2023-08-04 21:58:18.591549296,P022,S,S12,Winter,Young Adult,West,49,Yes,2023,8
2023-08-05 00:09:43.248604048,P021,L,S08,Spring,Senior,East,52,No,2023,8
2023-08-05 02:21:07.905658804,P021,M,S01,Spring,Young Adult,South,65,No,2023,8
2023-08-05 04:32:32.562713560,P002,M,S04,Spring,Young Adult,North,62,No,2023,8
2023-08-05 06:43:57.219768312,P024,M,S01,Autumn,Young Adult,South,66,No,2023,8
2023-08-05 08:55:21.876823068,P008,XXL,S03,Summer,Young Adult,South,44,No,2023,8
2023-08-05 11:06:46.533877824,P011,XL,S11,Summer,Teen,West,55,No,2023,8
2023-08-05 13:18:11.190932576,P013,M,S07,Autumn,Adult,East,66,No,2023,8
2023-08-05 15:29:35.847987332,P017,M,S01,Autumn,Adult,South,69,No,2023,8
2023-08-05 17:41:00.505042084,P008,M,S05,Autumn,Senior,North,49,No,2023,8
2023-08-05 19:52:25.162096840,P021,M,S01,Spring,Adult,South,68,No,2023,8
2023-08-05 22:03:49.819151596,P018,S,S06,Winter,Adult,North,47,No,2023,8
2023-08-06 00:15:14.476206348,P030,L,S09,Winter,Teen,East,65,No,2023,8
2023-08-06 02:26:39.133261104,P018,L,S03,Spring,Young Adult,South,55,No,2023,8
2023-08-06 04:38:03.790315860,P014,XL,S11,Spring,Young Adult,West,47,No,2023,8
2023-08-06 06:49:28.447370612,P015,M,S11,Autumn,Young Adult,West,65,No,2023,8
2023-08-06 09:00:53.104425368,P006,XL,S12,Autumn,Adult,West,55,No,2023,8
2023-08-06 11:12:17.761480124,P011,L,S06,Summer,Adult,North,61,No,2023,8
2023-08-06 13:23:42.418534876,P013,S,S04,Autumn,Senior,North,38,No,2023,8
2023-08-06 15:35:07.075589632,P025,M,S06,Spring,Teen,North,64,No,2023,8
2023-08-06 17:46:31.732644388,P001,M,S02,Summer,Teen,South,72,No,2023,8
2023-08-06 19:57:56.389699140,P028,M,S04,Autumn,Senior,North,54,No,2023,8
2023-08-06 22:09:21.046753896,P006,M,S07,Summer,Senior,East,68,No,2023,8
2023-08-07 00:20:45.703808648,P009,L,S11,Summer,Senior,West,56,No,2023,8
2023-08-07 02:32:10.360863404,P008,M,S06,Autumn,Young Adult,North,64,No,2023,8
2023-08-07 04:43:35.017918160,P011,XL,S09,Winter,Young Adult,East,53,Yes,2023,8
2023-08-07 06:54:59.674972912,P022,S,S11,Spring,Young Adult,West,48,Yes,2023,8
2023-08-07 09:06:24.332027668,P019,XXL,S07,Spring,Young Adult,East,41,No,2023,8
2023-08-07 11:17:48.989082424,P024,M,S01,Summer,Senior,South,66,No,2023,8
2023-08-07 13:29:13.646137176,P009,L,S06,Winter,Senior,North,53,No,2023,8
2023-08-07 15:40:38.303191932,P017,M,S11,Winter,Senior,West,78,No,2023,8
2023-08-07 17:52:02.960246688,P012,S,S03,Autumn,Young Adult,South,48,No,2023,8
2023-08-07 20:03:27.617301440,P025,XL,S08,Autumn,Young Adult,East,53,No,2023,8
2023-08-07 22:14:52.274356196,P014,M,S01,Spring,Adult,South,75,No,2023,8
2023-08-08 00:26:16.931410952,P015,L,S10,Autumn,Senior,West,59,No,2023,8
2023-08-08 02:37:41.588465704,P016,L,S02,Autumn,Teen,South,51,No,2023,8
2023-08-08 04:49:06.245520460,P022,M,S03,Summer,Teen,South,75,No,2023,8
2023-08-08 07:00:30.902575212,P022,M,S03,Winter,Adult,South,80,No,2023,8
2023-08-08 09:11:55.559629968,P028,L,S07,Winter,Young Adult,East,57,No,2023,8
2023-08-08 11:23:20.216684724,P020,S,S08,Autumn,Senior,East,29,No,2023,8
2023-08-08 13:34:44.873739476,P001,L,S09,Autumn,Young Adult,East,58,No,2023,8
2023-08-08 15:46:09.530794232,P010,XL,S07,Autumn,Young Adult,East,50,No,2023,8
2023-08-08 17:57:34.187848988,P008,S,S08,Spring,Teen,East,43,No,2023,8
2023-08-08 20:08:58.844903740,P018,S,S11,Spring,Teen,West,40,No,2023,8
2023-08-08 22:20:23.501958496,P028,L,S06,Summer,Senior,North,62,No,2023,8
2023-08-09 00:31:48.159013252,P001,M,S02,Spring,Senior,South,61,No,2023,8
2023-08-09 02:43:12.816068004,P002,M,S01,Winter,Young Adult,South,75,No,2023,8
2023-08-09 04:54:37.473122760,P001,S,S03,Spring,Young Adult,South,53,No,2023,8
2023-08-09 07:06:02.130177512,P001,L,S09,Winter,Adult,East,63,No,2023,8
2023-08-09 09:17:26.787232268,P009,S,S07,Spring,Young Adult,East,38,No,2023,8
2023-08-09 11:28:51.444287024,P013,M,S02,Spring,Adult,South,72,No,2023,8
2023-08-09 13:40:16.101341776,P030,L,S01,Summer,Young Adult,South,66,No,2023,8
2023-08-09 15:51:40.758396532,P001,M,S02,Autumn,Young Adult,South,70,No,2023,8
2023-08-09 18:03:05.415451288,P013,M,S03,Autumn,Young Adult,South,60,No,2023,8
2023-08-09 20:14:30.072506040,P020,XXL,S06,Autumn,Senior,North,26,Yes,2023,8
2023-08-09 22:25:54.729560796,P026,L,S12,Summer,Senior,West,60,No,2023,8
2023-08-10 00:37:19.386615552,P022,XL,S09,Winter,Senior,East,50,No,2023,8
2023-08-10 02:48:44.043670304,P007,M,S08,Spring,Adult,East,60,No,2023,8
2023-08-10 05:00:08.700725060,P002,L,S10,Summer,Adult,West,72,No,2023,8
2023-08-10 07:11:33.357779816,P006,S,S09,Winter,Senior,East,36,No,2023,8
2023-08-10 09:22:58.014834568,P007,S,S11,Summer,Adult,West,50,No,2023,8
2023-08-10 11:34:22.671889324,P026,M,S11,Summer,Senior,West,65,No,2023,8
2023-08-10 13:45:47.328944076,P014,M,S08,Winter,Teen,East,64,No,2023,8
2023-08-10 15:57:11.985998832,P026,XL,S07,Autumn,Senior,East,37,No,2023,8
2023-08-10 18:08:36.643053588,P018,M,S06,Spring,Teen,North,66,No,2023,8
2023-08-10 20:20:01.300108340,P015,L,S08,Autumn,Young Adult,East,62,No,2023,8
2023-08-10 22:31:25.957163096,P002,L,S06,Summer,Adult,North,63,No,2023,8
2023-08-11 00:42:50.614217852,P010,L,S02,Winter,Adult,South,70,No,2023,8
2023-08-11 02:54:15.271272604,P023,M,S09,Summer,Senior,East,59,No,2023,8
2023-08-11 05:05:39.928327360,P012,L,S09,Autumn,Young Adult,East,60,No,2023,8
2023-08-11 07:17:04.585382116,P017,M,S03,Autumn,Young Adult,South,78,Yes,2023,8
2023-08-11 09:28:29.242436868,P008,S,S09,Autumn,Young Adult,East,38,No,2023,8
2023-08-11 11:39:53.899491624,P011,XXL,S02,Spring,Young Adult,South,35,No,2023,8
2023-08-11 13:51:18.556546376,P029,S,S12,Autumn,Adult,West,55,Yes,2023,8
2023-08-11 16:02:43.213601132,P003,S,S03,Spring,Senior,South,38,No,2023,8
2023-08-11 18:14:07.870655888,P027,XL,S06,Spring,Senior,North,41,No,2023,8
2023-08-11 20:25:32.527710640,P006,M,S04,Autumn,Teen,North,60,No,2023,8
2023-08-11 22:36:57.184765396,P009,L,S08,Winter,Adult,East,59,No,2023,8
2023-08-12 00:48:21.841820152,P006,M,S01,Summer,Teen,South,59,No,2023,8
2023-08-12 02:59:46.498874904,P009,M,S06,Summer,Young Adult,North,70,No,2023,8
2023-08-12 05:11:11.155929660,P007,M,S02,Spring,Senior,South,68,No,2023,8
2023-08-12 07:22:35.812984416,P009,M,S06,Spring,Teen,North,68,No,2023,8
2023-08-12 09:34:00.470039168,P018,M,S01,Spring,Adult,South,63,No,2023,8
2023-08-12 11:45:25.127093924,P012,L,S02,Summer,Senior,South,63,No,2023,8
2023-08-12 13:56:49.784148680,P008,L,S09,Spring,Adult,East,47,No,2023,8
2023-08-12 16:08:14.441203432,P008,XL,S06,Winter,Senior,North,53,No,2023,8
2023-08-12 18:19:39.098258188,P018,S,S08,Winter,Adult,East,48,No,2023,8
2023-08-12 20:31:03.755312940,P028,L,S07,Spring,Adult,East,57,No,2023,8
2023-08-12 22:42:28.412367696,P030,L,S09,Summer,Senior,East,58,No,2023,8
2023-08-13 00:53:53.069422452,P020,XL,S09,Autumn,Adult,East,44,No,2023,8
2023-08-13 03:05:17.726477204,P030,S,S11,Summer,Adult,West,50,No,2023,8
2023-08-13 05:16:42.383531960,P015,L,S04,Autumn,Young Adult,North,63,No,2023,8
2023-08-13 07:28:07.040586716,P027,XL,S07,Autumn,Senior,East,43,No,2023,8
2023-08-13 09:39:31.697641468,P007,M,S05,Spring,Teen,North,66,No,2023,8
2023-08-13 11:50:56.354696224,P011,XL,S07,Winter,Senior,East,50,No,2023,8
2023-08-13 14:02:21.011750980,P020,S,S04,Spring,Senior,North,30,No,2023,8
2023-08-13 16:13:45.668805732,P016,L,S12,Autumn,Young Adult,West,65,No,2023,8
2023-08-13 18:25:10.325860488,P004,XL,S10,Spring,Teen,West,54,No,2023,8
2023-08-13 20:36:34.982915240,P006,L,S11,Autumn,Teen,West,54,No,2023,8
2023-08-13 22:47:59.639969996,P026,M,S11,Spring,Teen,West,52,Yes,2023,8
2023-08-14 00:59:24.297024752,P022,S,S01,Winter,Adult,South,50,No,2023,8
2023-08-14 03:10:48.954079504,P026,XL,S04,Winter,Adult,North,44,No,2023,8
2023-08-14 05:22:13.611134260,P003,M,S10,Summer,Adult,West,69,No,2023,8
2023-08-14 07:33:38.268189016,P009,S,S03,Autumn,Teen,South,42,No,2023,8
2023-08-14 09:45:02.925243768,P028,L,S09,Autumn,Senior,East,49,No,2023,8
2023-08-14 11:56:27.582298524,P010,M,S05,Spring,Senior,North,68,No,2023,8
2023-08-14 14:07:52.239353280,P014,S,S04,Summer,Teen,North,48,No,2023,8
2023-08-14 16:19:16.896408032,P011,M,S08,Winter,Teen,East,69,No,2023,8
2023-08-14 18:30:41.553462788,P018,S,S05,Spring,Young Adult,North,50,No,2023,8
2023-08-14 20:42:06.210517544,P022,L,S03,Summer,Adult,South,70,No,2023,8
2023-08-14 22:53:30.867572296,P012,L,S02,Winter,Adult,South,68,No,2023,8
2023-08-15 01:04:55.524627052,P023,L,S08,Spring,Adult,East,51,No,2023,8
2023-08-15 03:16:20.181681804,P012,XL,S12,Winter,Young Adult,West,55,No,2023,8
2023-08-15 05:27:44.838736560,P013,XL,S02,Autumn,Young Adult,South,43,No,2023,8
2023-08-15 07:39:09.495791316,P025,L,S08,Summer,Young Adult,East,68,No,2023,8
2023-08-15 09:50:34.152846068,P013,S,S05,Winter,Teen,North,51,No,2023,8
2023-08-15 12:01:58.809900824,P019,L,S08,Summer,Young Adult,East,62,No,2023,8
2023-08-15 14:13:23.466955580,P026,M,S05,Spring,Senior,North,51,No,2023,8
2023-08-15 16:24:48.124010332,P019,L,S01,Summer,Teen,South,64,No,2023,8
2023-08-15 18:36:12.781065088,P023,L,S12,Spring,Teen,West,47,No,2023,8
2023-08-15 20:47:37.438119844,P014,M,S11,Summer,Adult,West,77,No,2023,8
2023-08-15 22:59:02.095174596,P004,XL,S11,Spring,Adult,West,51,No,2023,8
2023-08-16 01:10:26.752229352,P013,S,S02,Spring,Young Adult,South,52,No,2023,8
2023-08-16 03:21:51.409284108,P008,L,S06,Spring,Senior,North,50,No,2023,8
2023-08-16 05:33:16.066338860,P029,S,S03,Winter,Teen,South,56,No,2023,8
2023-08-16 07:44:40.723393616,P023,XL,S08,Autumn,Teen,East,42,Yes,2023,8
2023-08-16 09:56:05.380448368,P021,S,S05,Summer,Teen,North,42,No,2023,8
2023-08-16 12:07:30.037503124,P023,S,S03,Autumn,Adult,South,37,No,2023,8
2023-08-16 14:18:54.694557880,P019,M,S12,Autumn,Adult,West,61,No,2023,8
2023-08-16 16:30:19.351612632,P012,M,S10,Autumn,Senior,West,57,No,2023,8
2023-08-16 18:41:44.008667388,P018,M,S07,Autumn,Adult,East,62,No,2023,8
2023-08-16 20:53:08.665722144,P006,L,S08,Summer,Senior,East,50,No,2023,8
2023-08-16 23:04:33.322776896,P018,M,S04,Summer,Adult,North,68,No,2023,8
2023-08-17 01:15:57.979831652,P019,S,S11,Autumn,Senior,West,45,No,2023,8
2023-08-17 03:27:22.636886408,P022,M,S09,Summer,Adult,East,62,No,2023,8
2023-08-17 05:38:47.293941160,P005,XL,S06,Summer,Adult,North,43,No,2023,8
2023-08-17 07:50:11.950995916,P024,L,S01,Spring,Young Adult,South,63,No,2023,8
2023-08-17 10:01:36.608050668,P009,L,S05,Summer,Young Adult,North,66,No,2023,8
2023-08-17 12:13:01.265105424,P027,L,S05,Winter,Young Adult,North,63,Yes,2023,8
2023-08-17 14:24:25.922160180,P003,M,S07,Autumn,Senior,East,49,No,2023,8
2023-08-17 16:35:50.579214932,P028,S,S07,Summer,Senior,East,42,No,2023,8
2023-08-17 18:47:15.236269688,P010,M,S06,Autumn,Senior,North,60,No,2023,8
2023-08-17 20:58:39.893324444,P019,XL,S08,Summer,Senior,East,37,Yes,2023,8
2023-08-17 23:10:04.550379196,P003,XXL,S02,Autumn,Young Adult,South,36,No,2023,8
2023-08-18 01:21:29.207433952,P029,M,S07,Winter,Teen,East,63,No,2023,8
2023-08-18 03:32:53.864488708,P029,S,S10,Summer,Adult,West,58,No,2023,8
2023-08-18 05:44:18.521543460,P022,S,S07,Summer,Adult,East,49,No,2023,8
2023-08-18 07:55:43.178598216,P015,M,S04,Winter,Senior,North,57,No,2023,8
2023-08-18 10:07:07.835652972,P001,L,S12,Summer,Young Adult,West,63,No,2023,8
2023-08-18 12:18:32.492707724,P007,S,S10,Autumn,Teen,West,40,No,2023,8
2023-08-18 14:29:57.149762480,P012,XL,S02,Winter,Young Adult,South,56,No,2023,8
2023-08-18 16:41:21.806817232,P017,M,S04,Spring,Adult,North,63,No,2023,8
2023-08-18 18:52:46.463871988,P030,XL,S04,Autumn,Senior,North,44,No,2023,8
2023-08-18 21:04:11.120926744,P021,L,S12,Summer,Senior,West,55,No,2023,8
2023-08-18 23:15:35.777981496,P026,L,S12,Autumn,Young Adult,West,57,Yes,2023,8
2023-08-19 01:27:00.435036252,P029,L,S06,Winter,Senior,North,56,No,2023,8
2023-08-19 03:38:25.092091008,P024,L,S07,Summer,Teen,East,63,No,2023,8
2023-08-19 05:49:49.749145760,P020,L,S03,Summer,Adult,South,59,No,2023,8
2023-08-19 08:01:14.406200516,P005,L,S10,Winter,Teen,West,64,No,2023,8
2023-08-19 10:12:39.063255272,P004,L,S01,Spring,Young Adult,South,69,No,2023,8
2023-08-19 12:24:03.720310024,P028,XXL,S03,Summer,Adult,South,35,No,2023,8
2023-08-19 14:35:28.377364780,P012,L,S09,Summer,Teen,East,50,No,2023,8
2023-08-19 16:46:53.034419536,P030,L,S01,Summer,Teen,South,58,No,2023,8
2023-08-19 18:58:17.691474288,P020,XL,S08,Spring,Teen,East,43,No,2023,8
2023-08-19 21:09:42.348529044,P028,M,S02,Autumn,Adult,South,68,No,2023,8
2023-08-19 23:21:07.005583796,P024,S,S06,Spring,Adult,North,43,No,2023,8
2023-08-20 01:32:31.662638552,P018,M,S03,Autumn,Senior,South,67,No,2023,8
2023-08-20 03:43:56.319693308,P017,L,S07,Summer,Young Adult,East,61,Yes,2023,8
2023-08-20 05:55:20.976748060,P019,XL,S02,Autumn,Senior,South,42,No,2023,8
2023-08-20 08:06:45.633802816,P009,M,S04,Autumn,Young Adult,North,63,No,2023,8
2023-08-20 10:18:10.290857572,P004,L,S10,Autumn,Adult,West,64,No,2023,8
2023-08-20 12:29:34.947912324,P026,L,S09,Autumn,Teen,East,53,No,2023,8
2023-08-20 14:40:59.604967080,P021,S,S06,Summer,Senior,North,44,No,2023,8
2023-08-20 16:52:24.262021836,P002,L,S04,Winter,Adult,North,59,No,2023,8
2023-08-20 19:03:48.919076588,P004,XL,S02,Spring,Adult,South,57,No,2023,8
2023-08-20 21:15:13.576131344,P002,M,S10,Autumn,Adult,West,67,No,2023,8
2023-08-20 23:26:38.233186096,P015,L,S09,Summer,Senior,East,48,No,2023,8
2023-08-21 01:38:02.890240852,P002,L,S04,Summer,Adult,North,70,No,2023,8
2023-08-21 03:49:27.547295608,P004,M,S09,Summer,Young Adult,East,66,No,2023,8
2023-08-21 06:00:52.204350360,P006,S,S02,Summer,Young Adult,South,57,No,2023,8
2023-08-21 08:12:16.861405116,P007,XXL,S07,Autumn,Teen,East,36,No,2023,8
2023-08-21 10:23:41.518459872,P010,M,S11,Spring,Senior,West,60,No,2023,8
2023-08-21 12:35:06.175514624,P019,M,S11,Summer,Senior,West,69,No,2023,8
2023-08-21 14:46:30.832569380,P019,M,S05,Spring,Senior,North,60,No,2023,8
2023-08-21 16:57:55.489624136,P026,L,S08,Spring,Senior,East,41,No,2023,8
2023-08-21 19:09:20.146678888,P022,L,S11,Spring,Senior,West,55,No,2023,8
2023-08-21 21:20:44.803733644,P029,L,S08,Winter,Adult,East,63,No,2023,8
2023-08-21 23:32:09.460788400,P012,S,S04,Summer,Adult,North,50,No,2023,8
2023-08-22 01:43:34.117843152,P003,XL,S04,Summer,Young Adult,North,45,No,2023,8
2023-08-22 03:54:58.774897908,P013,M,S08,Summer,Senior,East,62,No,2023,8
2023-08-22 06:06:23.431952660,P018,M,S03,Spring,Senior,South,60,No,2023,8
2023-08-22 08:17:48.089007416,P008,M,S07,Summer,Senior,East,57,No,2023,8
2023-08-22 10:29:12.746062172,P021,M,S08,Summer,Young Adult,East,63,No,2023,8
2023-08-22 12:40:37.403116924,P015,XL,S08,Spring,Senior,East,40,No,2023,8
2023-08-22 14:52:02.060171680,P001,XL,S11,Summer,Senior,West,51,No,2023,8
2023-08-22 17:03:26.717226436,P003,M,S10,Autumn,Adult,West,62,No,2023,8
2023-08-22 19:14:51.374281188,P026,XL,S04,Winter,Young Adult,North,46,No,2023,8
2023-08-22 21:26:16.031335944,P008,L,S09,Autumn,Adult,East,50,No,2023,8
2023-08-22 23:37:40.688390700,P004,XL,S10,Autumn,Teen,West,46,Yes,2023,8
2023-08-23 01:49:05.345445452,P016,M,S04,Autumn,Senior,North,66,No,2023,8
2023-08-23 04:00:30.002500208,P030,L,S08,Spring,Teen,East,52,No,2023,8
2023-08-23 06:11:54.659554960,P023,M,S06,Summer,Senior,North,53,No,2023,8
2023-08-23 08:23:19.316609716,P010,XL,S05,Autumn,Teen,North,49,No,2023,8
2023-08-23 10:34:43.973664472,P012,S,S04,Autumn,Adult,North,39,No,2023,8
2023-08-23 12:46:08.630719224,P014,L,S05,Summer,Young Adult,North,64,No,2023,8
2023-08-23 14:57:33.287773980,P014,M,S11,Spring,Teen,West,69,No,2023,8
2023-08-23 17:08:57.944828736,P002,M,S01,Autumn,Adult,South,65,No,2023,8
2023-08-23 19:20:22.601883488,P023,L,S07,Summer,Teen,East,59,No,2023,8
2023-08-23 21:31:47.258938244,P005,XL,S08,Summer,Teen,East,40,No,2023,8
2023-08-23 23:43:11.915993000,P005,L,S12,Winter,Young Adult,West,55,No,2023,8
2023-08-24 01:54:36.573047752,P006,XL,S09,Autumn,Adult,East,51,No,2023,8
2023-08-24 04:06:01.230102508,P013,M,S03,Autumn,Young Adult,South,60,No,2023,8
2023-08-24 06:17:25.887157264,P009,L,S09,Winter,Senior,East,65,No,2023,8
2023-08-24 08:28:50.544212016,P030,M,S10,Summer,Young Adult,West,69,No,2023,8
2023-08-24 10:40:15.201266772,P022,S,S05,Summer,Young Adult,North,46,No,2023,8
2023-08-24 12:51:39.858321524,P028,L,S10,Autumn,Teen,West,58,No,2023,8
2023-08-24 15:03:04.515376280,P029,L,S06,Autumn,Teen,North,56,No,2023,8
2023-08-24 17:14:29.172431036,P015,L,S01,Winter,Teen,South,53,No,2023,8
2023-08-24 19:25:53.829485788,P014,L,S09,Autumn,Adult,East,63,No,2023,8
2023-08-24 21:37:18.486540544,P024,L,S09,Autumn,Young Adult,East,52,No,2023,8
2023-08-24 23:48:43.143595300,P007,S,S06,Spring,Senior,North,38,No,2023,8
2023-08-25 02:00:07.800650052,P025,S,S08,Winter,Teen,East,50,No,2023,8
2023-08-25 04:11:32.457704808,P020,L,S04,Summer,Senior,North,57,No,2023,8
2023-08-25 06:22:57.114759564,P002,M,S05,Autumn,Young Adult,North,61,No,2023,8
2023-08-25 08:34:21.771814316,P007,S,S05,Summer,Young Adult,North,59,Yes,2023,8
2023-08-25 10:45:46.428869072,P006,M,S07,Autumn,Young Adult,East,59,No,2023,8
2023-08-25 12:57:11.085923824,P017,L,S07,Spring,Senior,East,57,No,2023,8
2023-08-25 15:08:35.742978580,P027,M,S07,Winter,Senior,East,70,No,2023,8
2023-08-25 17:20:00.400033336,P025,L,S05,Winter,Senior,North,57,No,2023,8
2023-08-25 19:31:25.057088088,P025,L,S04,Summer,Young Adult,North,61,No,2023,8
2023-08-25 21:42:49.714142844,P028,M,S08,Spring,Young Adult,East,70,No,2023,8
2023-08-25 23:54:14.371197600,P002,L,S01,Summer,Teen,South,71,No,2023,8
2023-08-26 02:05:39.028252352,P003,L,S01,Spring,Adult,South,56,No,2023,8
2023-08-26 04:17:03.685307108,P005,L,S06,Autumn,Senior,North,54,No,2023,8
2023-08-26 06:28:28.342361864,P005,L,S02,Autumn,Adult,South,60,No,2023,8
2023-08-26 08:39:52.999416616,P001,S,S12,Spring,Senior,West,42,No,2023,8
2023-08-26 10:51:17.656471372,P008,L,S03,Autumn,Senior,South,55,No,2023,8
2023-08-26 13:02:42.313526128,P012,M,S04,Winter,Adult,North,67,No,2023,8
2023-08-26 15:14:06.970580880,P024,XL,S02,Spring,Adult,South,44,No,2023,8
2023-08-26 17:25:31.627635636,P004,XL,S10,Spring,Senior,West,41,Yes,2023,8
2023-08-26 19:36:56.284690388,P013,L,S07,Summer,Young Adult,East,65,No,2023,8
2023-08-26 21:48:20.941745144,P023,M,S10,Spring,Teen,West,57,No,2023,8
2023-08-26 23:59:45.598799900,P015,M,S01,Summer,Senior,South,68,No,2023,8
2023-08-27 02:11:10.255854652,P011,M,S03,Spring,Teen,South,60,No,2023,8
2023-08-27 04:22:34.912909408,P010,M,S02,Winter,Young Adult,South,77,No,2023,8
2023-08-27 06:33:59.569964164,P003,M,S09,Winter,Young Adult,East,66,No,2023,8
2023-08-27 08:45:24.227018916,P022,L,S08,Winter,Teen,East,64,No,2023,8
2023-08-27 10:56:48.884073672,P014,M,S03,Summer,Senior,South,68,Yes,2023,8
2023-08-27 13:08:13.541128428,P016,XXL,S05,Summer,Teen,North,40,No,2023,8
2023-08-27 15:19:38.198183180,P010,S,S03,Autumn,Senior,South,48,No,2023,8
2023-08-27 17:31:02.855237936,P029,XL,S11,Summer,Adult,West,54,Yes,2023,8
2023-08-27 19:42:27.512292692,P010,XL,S12,Summer,Senior,West,48,Yes,2023,8
2023-08-27 21:53:52.169347444,P012,L,S11,Winter,Adult,West,64,No,2023,8
2023-08-28 00:05:16.826402200,P030,L,S12,Spring,Adult,West,61,No,2023,8
2023-08-28 02:16:41.483456952,P009,M,S11,Summer,Teen,West,72,No,2023,8
2023-08-28 04:28:06.140511708,P001,L,S06,Autumn,Adult,North,64,No,2023,8
2023-08-28 06:39:30.797566464,P005,M,S05,Spring,Teen,North,58,No,2023,8
2023-08-28 08:50:55.454621216,P020,M,S11,Summer,Teen,West,66,No,2023,8
2023-08-28 11:02:20.111675972,P008,L,S02,Spring,Young Adult,South,64,No,2023,8
2023-08-28 13:13:44.768730728,P011,M,S10,Spring,Teen,West,68,Yes,2023,8
2023-08-28 15:25:09.425785480,P012,L,S08,Spring,Young Adult,East,57,Yes,2023,8
2023-08-28 17:36:34.082840236,P001,M,S06,Spring,Young Adult,North,69,No,2023,8
2023-08-28 19:47:58.739894992,P025,M,S03,Spring,Teen,South,63,No,2023,8
2023-08-28 21:59:23.396949744,P022,S,S01,Summer,Senior,South,44,No,2023,8
2023-08-29 00:10:48.054004500,P020,S,S05,Spring,Senior,North,33,No,2023,8
2023-08-29 02:22:12.711059252,P028,M,S12,Spring,Teen,West,58,No,2023,8
2023-08-29 04:33:37.368114008,P025,S,S11,Autumn,Adult,West,37,No,2023,8
2023-08-29 06:45:02.025168764,P011,S,S02,Autumn,Teen,South,41,No,2023,8
2023-08-29 08:56:26.682223516,P005,XL,S02,Spring,Adult,South,45,No,2023,8
2023-08-29 11:07:51.339278272,P015,S,S09,Summer,Senior,East,33,No,2023,8
2023-08-29 13:19:15.996333028,P005,L,S11,Autumn,Adult,West,52,No,2023,8
2023-08-29 15:30:40.653387780,P012,M,S10,Autumn,Teen,West,68,No,2023,8
2023-08-29 17:42:05.310442536,P005,XL,S07,Spring,Adult,East,45,No,2023,8
2023-08-29 19:53:29.967497292,P017,M,S06,Summer,Young Adult,North,67,No,2023,8
2023-08-29 22:04:54.624552044,P017,M,S01,Winter,Young Adult,South,80,No,2023,8
2023-08-30 00:16:19.281606800,P024,L,S10,Summer,Teen,West,64,No,2023,8
2023-08-30 02:27:43.938661556,P012,M,S02,Autumn,Teen,South,60,No,2023,8
2023-08-30 04:39:08.595716308,P024,L,S11,Autumn,Teen,West,48,No,2023,8
2023-08-30 06:50:33.252771064,P028,S,S07,Autumn,Senior,East,32,No,2023,8
2023-08-30 09:01:57.909825816,P015,XXL,S03,Autumn,Senior,South,27,No,2023,8
2023-08-30 11:13:22.566880572,P015,M,S02,Autumn,Senior,South,55,No,2023,8
2023-08-30 13:24:47.223935328,P006,M,S06,Spring,Young Adult,North,59,No,2023,8
2023-08-30 15:36:11.880990080,P012,L,S08,Spring,Adult,East,57,No,2023,8
2023-08-30 17:47:36.538044836,P027,M,S08,Spring,Young Adult,East,66,No,2023,8
2023-08-30 19:59:01.195099592,P029,XL,S11,Autumn,Adult,West,53,No,2023,8
2023-08-30 22:10:25.852154344,P020,M,S02,Spring,Adult,South,61,No,2023,8
2023-08-31 00:21:50.509209100,P018,L,S06,Autumn,Teen,North,48,No,2023,8
2023-08-31 02:33:15.166263856,P014,S,S12,Summer,Teen,West,51,No,2023,8
2023-08-31 04:44:39.823318608,P002,XL,S05,Winter,Senior,North,46,No,2023,8
2023-08-31 06:56:04.480373364,P009,L,S07,Summer,Teen,East,58,No,2023,8
2023-08-31 09:07:29.137428120,P005,M,S04,Winter,Young Adult,North,61,No,2023,8
2023-08-31 11:18:53.794482872,P020,S,S12,Spring,Young Adult,West,42,No,2023,8
2023-08-31 13:30:18.451537628,P026,M,S02,Winter,Young Adult,South,71,No,2023,8
2023-08-31 15:41:43.108592380,P029,XXL,S10,Summer,Teen,West,35,No,2023,8
2023-08-31 17:53:07.765647136,P001,M,S03,Summer,Teen,South,70,No,2023,8
2023-08-31 20:04:32.422701892,P023,M,S09,Winter,Adult,East,69,No,2023,8
2023-08-31 22:15:57.079756644,P003,S,S10,Summer,Adult,West,40,No,2023,8
2023-09-01 00:27:21.736811400,P006,M,S08,Spring,Teen,East,60,No,2023,9
2023-09-01 02:38:46.393866156,P005,L,S09,Summer,Young Adult,East,50,No,2023,9
2023-09-01 04:50:11.050920908,P021,XXL,S05,Winter,Teen,North,34,No,2023,9
2023-09-01 07:01:35.707975664,P027,L,S05,Spring,Senior,North,60,No,2023,9
2023-09-01 09:13:00.365030420,P005,XL,S07,Winter,Senior,East,36,No,2023,9
2023-09-01 11:24:25.022085172,P001,L,S07,Autumn,Young Adult,East,55,No,2023,9
2023-09-01 13:35:49.679139928,P017,S,S01,Autumn,Senior,South,46,No,2023,9
2023-09-01 15:47:14.336194680,P019,M,S12,Spring,Teen,West,53,No,2023,9
2023-09-01 17:58:38.993249436,P014,L,S05,Spring,Teen,North,63,No,2023,9
2023-09-01 20:10:03.650304192,P012,XXL,S08,Summer,Adult,East,38,No,2023,9
2023-09-01 22:21:28.307358944,P010,XL,S07,Winter,Senior,East,47,No,2023,9
2023-09-02 00:32:52.964413700,P020,M,S11,Autumn,Senior,West,53,No,2023,9
2023-09-02 02:44:17.621468456,P021,M,S02,Summer,Senior,South,55,No,2023,9
2023-09-02 04:55:42.278523208,P018,M,S08,Autumn,Senior,East,62,No,2023,9
2023-09-02 07:07:06.935577964,P024,XL,S02,Summer,Young Adult,South,53,No,2023,9
2023-09-02 09:18:31.592632720,P027,XL,S10,Summer,Young Adult,West,57,No,2023,9
2023-09-02 11:29:56.249687472,P011,L,S01,Autumn,Teen,South,59,No,2023,9
2023-09-02 13:41:20.906742228,P030,M,S11,Summer,Senior,West,60,No,2023,9
2023-09-02 15:52:45.563796984,P002,L,S11,Autumn,Adult,West,68,No,2023,9
2023-09-02 18:04:10.220851736,P025,M,S11,Spring,Teen,West,63,No,2023,9
2023-09-02 20:15:34.877906492,P018,M,S03,Winter,Teen,South,63,No,2023,9
2023-09-02 22:26:59.534961244,P029,L,S03,Summer,Young Adult,South,68,No,2023,9
2023-09-03 00:38:24.192016000,P025,S,S06,Autumn,Teen,North,46,No,2023,9
2023-09-03 02:49:48.849070756,P007,S,S12,Autumn,Adult,West,44,No,2023,9
2023-09-03 05:01:13.506125508,P024,XL,S03,Winter,Senior,South,48,No,2023,9
2023-09-03 07:12:38.163180264,P015,L,S07,Winter,Teen,East,60,No,2023,9
2023-09-03 09:24:02.820235020,P011,M,S08,Winter,Adult,East,69,No,2023,9
2023-09-03 11:35:27.477289772,P018,L,S03,Summer,Young Adult,South,60,No,2023,9
2023-09-03 13:46:52.134344528,P023,M,S09,Autumn,Young Adult,East,54,No,2023,9
2023-09-03 15:58:16.791399284,P012,L,S01,Summer,Senior,South,61,No,2023,9
2023-09-03 18:09:41.448454036,P006,L,S03,Summer,Teen,South,61,No,2023,9
2023-09-03 20:21:06.105508792,P020,L,S12,Spring,Adult,West,61,No,2023,9
2023-09-03 22:32:30.762563544,P023,L,S03,Winter,Young Adult,South,59,No,2023,9
2023-09-04 00:43:55.419618300,P030,M,S07,Spring,Adult,East,56,No,2023,9
2023-09-04 02:55:20.076673056,P013,M,S11,Spring,Young Adult,West,59,No,2023,9
2023-09-04 05:06:44.733727808,P020,M,S11,Summer,Young Adult,West,71,No,2023,9
2023-09-04 07:18:09.390782564,P016,M,S05,Summer,Senior,North,64,No,2023,9
2023-09-04 09:29:34.047837320,P018,L,S04,Autumn,Adult,North,54,No,2023,9
2023-09-04 11:40:58.704892072,P010,M,S02,Spring,Adult,South,68,No,2023,9
2023-09-04 13:52:23.361946828,P028,S,S07,Winter,Adult,East,52,No,2023,9
2023-09-04 16:03:48.019001584,P023,M,S03,Spring,Young Adult,South,71,No,2023,9
2023-09-04 18:15:12.676056336,P008,XXL,S07,Autumn,Senior,East,31,No,2023,9
2023-09-04 20:26:37.333111092,P018,M,S10,Spring,Adult,West,72,No,2023,9
2023-09-04 22:38:01.990165848,P021,L,S12,Spring,Teen,West,54,Yes,2023,9
2023-09-05 00:49:26.647220600,P001,M,S07,Spring,Adult,East,72,No,2023,9
2023-09-05 03:00:51.304275356,P023,S,S11,Autumn,Young Adult,West,37,No,2023,9
2023-09-05 05:12:15.961330108,P008,M,S02,Spring,Senior,South,55,No,2023,9
2023-09-05 07:23:40.618384864,P029,L,S07,Summer,Adult,East,57,No,2023,9
2023-09-05 09:35:05.275439620,P006,L,S06,Spring,Adult,North,62,No,2023,9
2023-09-05 11:46:29.932494372,P005,XL,S10,Summer,Adult,West,47,Yes,2023,9
2023-09-05 13:57:54.589549128,P015,M,S04,Spring,Teen,North,59,No,2023,9
2023-09-05 16:09:19.246603884,P022,S,S11,Summer,Young Adult,West,51,Yes,2023,9
2023-09-05 18:20:43.903658636,P015,XL,S05,Spring,Teen,North,44,No,2023,9
2023-09-05 20:32:08.560713392,P002,M,S12,Winter,Teen,West,64,No,2023,9
2023-09-05 22:43:33.217768148,P001,L,S08,Summer,Young Adult,East,64,No,2023,9
2023-09-06 00:54:57.874822900,P023,L,S05,Winter,Young Adult,North,63,No,2023,9
2023-09-06 03:06:22.531877656,P023,M,S03,Summer,Adult,South,65,No,2023,9
2023-09-06 05:17:47.188932408,P026,L,S02,Spring,Young Adult,South,58,No,2023,9
2023-09-06 07:29:11.845987164,P011,S,S06,Autumn,Adult,North,49,No,2023,9
2023-09-06 09:40:36.503041920,P010,M,S06,Spring,Teen,North,67,No,2023,9
2023-09-06 11:52:01.160096672,P030,S,S07,Autumn,Adult,East,47,No,2023,9
2023-09-06 14:03:25.817151428,P018,XL,S08,Winter,Young Adult,East,48,No,2023,9
2023-09-06 16:14:50.474206184,P018,M,S04,Autumn,Adult,North,67,No,2023,9
2023-09-06 18:26:15.131260936,P017,L,S12,Autumn,Teen,West,53,No,2023,9
2023-09-06 20:37:39.788315692,P026,XL,S08,Autumn,Young Adult,East,40,No,2023,9
2023-09-06 22:49:04.445370448,P008,L,S12,Autumn,Young Adult,West,56,No,2023,9
2023-09-07 01:00:29.102425200,P015,L,S01,Winter,Senior,South,61,No,2023,9
2023-09-07 03:11:53.759479956,P008,M,S06,Autumn,Adult,North,61,No,2023,9
2023-09-07 05:23:18.416534712,P017,M,S06,Spring,Adult,North,62,No,2023,9
2023-09-07 07:34:43.073589464,P012,M,S03,Summer,Adult,South,76,No,2023,9
2023-09-07 09:46:07.730644220,P027,L,S09,Summer,Teen,East,53,No,2023,9
2023-09-07 11:57:32.387698972,P008,XXL,S12,Spring,Teen,West,39,No,2023,9
2023-09-07 14:08:57.044753728,P025,XL,S12,Winter,Young Adult,West,55,No,2023,9
2023-09-07 16:20:21.701808484,P014,XL,S05,Spring,Young Adult,North,45,No,2023,9
2023-09-07 18:31:46.358863236,P004,XL,S01,Spring,Teen,South,53,No,2023,9
2023-09-07 20:43:11.015917992,P001,M,S07,Autumn,Adult,East,73,No,2023,9
2023-09-07 22:54:35.672972748,P001,L,S10,Autumn,Adult,West,57,Yes,2023,9
2023-09-08 01:06:00.330027500,P019,XL,S03,Winter,Teen,South,45,No,2023,9
2023-09-08 03:17:24.987082256,P016,M,S10,Winter,Adult,West,77,No,2023,9
2023-09-08 05:28:49.644137012,P014,XXL,S10,Summer,Teen,West,35,No,2023,9
2023-09-08 07:40:14.301191764,P021,M,S11,Winter,Adult,West,71,No,2023,9
2023-09-08 09:51:38.958246520,P016,L,S04,Spring,Adult,North,57,No,2023,9
2023-09-08 12:03:03.615301276,P005,L,S06,Summer,Senior,North,45,No,2023,9
2023-09-08 14:14:28.272356028,P009,XXL,S08,Summer,Young Adult,East,45,No,2023,9
2023-09-08 16:25:52.929410784,P026,M,S04,Autumn,Adult,North,56,No,2023,9
2023-09-08 18:37:17.586465536,P030,L,S12,Autumn,Adult,West,62,No,2023,9
2023-09-08 20:48:42.243520292,P028,L,S09,Summer,Teen,East,55,No,2023,9
2023-09-08 23:00:06.900575048,P002,M,S08,Autumn,Senior,East,56,No,2023,9
2023-09-09 01:11:31.557629800,P018,L,S10,Autumn,Senior,West,49,No,2023,9
2023-09-09 03:22:56.214684556,P006,L,S10,Autumn,Teen,West,49,No,2023,9
2023-09-09 05:34:20.871739312,P009,L,S06,Summer,Teen,North,55,No,2023,9
2023-09-09 07:45:45.528794064,P001,M,S07,Summer,Teen,East,66,Yes,2023,9
2023-09-09 09:57:10.185848820,P009,M,S08,Summer,Adult,East,69,No,2023,9
2023-09-09 12:08:34.842903576,P025,L,S02,Spring,Teen,South,61,No,2023,9
2023-09-09 14:19:59.499958328,P016,M,S05,Summer,Young Adult,North,75,No,2023,9
2023-09-09 16:31:24.157013084,P013,M,S07,Autumn,Teen,East,52,No,2023,9
2023-09-09 18:42:48.814067836,P009,XXL,S08,Summer,Adult,East,37,No,2023,9
2023-09-09 20:54:13.471122592,P021,L,S05,Spring,Young Adult,North,55,No,2023,9
2023-09-09 23:05:38.128177348,P013,L,S03,Autumn,Adult,South,63,No,2023,9
2023-09-10 01:17:02.785232100,P009,M,S06,Winter,Young Adult,North,66,No,2023,9
2023-09-10 03:28:27.442286856,P011,M,S05,Summer,Young Adult,North,72,No,2023,9
2023-09-10 05:39:52.099341612,P004,M,S08,Summer,Young Adult,East,63,No,2023,9
2023-09-10 07:51:16.756396364,P002,M,S09,Winter,Adult,East,66,No,2023,9
2023-09-10 10:02:41.413451120,P029,L,S09,Autumn,Young Adult,East,66,No,2023,9
2023-09-10 12:14:06.070505876,P006,L,S12,Summer,Senior,West,56,No,2023,9
2023-09-10 14:25:30.727560628,P014,M,S12,Spring,Senior,West,56,No,2023,9
2023-09-10 16:36:55.384615384,P004,S,S06,Autumn,Adult,North,46,No,2023,9
2023-09-10 18:48:20.041670140,P006,M,S04,Summer,Senior,North,57,No,2023,9
2023-09-10 20:59:44.698724892,P019,M,S04,Autumn,Young Adult,North,57,No,2023,9
2023-09-10 23:11:09.355779648,P006,S,S09,Summer,Teen,East,46,No,2023,9
2023-09-11 01:22:34.012834400,P002,XL,S04,Winter,Teen,North,52,Yes,2023,9
2023-09-11 03:33:58.669889156,P018,L,S08,Summer,Young Adult,East,60,No,2023,9
2023-09-11 05:45:23.326943912,P013,L,S09,Autumn,Senior,East,55,No,2023,9
2023-09-11 07:56:47.983998664,P009,M,S05,Summer,Young Adult,North,67,No,2023,9
2023-09-11 10:08:12.641053420,P023,XL,S06,Summer,Teen,North,42,No,2023,9
2023-09-11 12:19:37.298108176,P019,L,S03,Autumn,Teen,South,51,No,2023,9
2023-09-11 14:31:01.955162928,P013,L,S12,Summer,Adult,West,61,No,2023,9
2023-09-11 16:42:26.612217684,P011,M,S05,Summer,Teen,North,66,No,2023,9
2023-09-11 18:53:51.269272440,P001,XXL,S05,Autumn,Adult,North,45,No,2023,9
2023-09-11 21:05:15.926327192,P024,XL,S02,Winter,Senior,South,45,No,2023,9
2023-09-11 23:16:40.583381948,P030,XL,S10,Spring,Young Adult,West,49,No,2023,9
2023-09-12 01:28:05.240436704,P022,M,S06,Spring,Adult,North,69,No,2023,9
2023-09-12 03:39:29.897491456,P007,M,S09,Spring,Young Adult,East,69,No,2023,9
2023-09-12 05:50:54.554546212,P025,M,S11,Spring,Adult,West,61,No,2023,9
2023-09-12 08:02:19.211600964,P021,M,S07,Spring,Senior,East,54,No,2023,9
2023-09-12 10:13:43.868655720,P015,XL,S08,Spring,Senior,East,35,No,2023,9
2023-09-12 12:25:08.525710476,P001,S,S02,Autumn,Adult,South,48,No,2023,9
2023-09-12 14:36:33.182765228,P012,S,S11,Autumn,Adult,West,45,No,2023,9
2023-09-12 16:47:57.839819984,P026,M,S09,Autumn,Senior,East,59,No,2023,9
2023-09-12 18:59:22.496874740,P007,M,S03,Summer,Young Adult,South,76,Yes,2023,9
2023-09-12 21:10:47.153929492,P015,M,S10,Winter,Senior,West,70,No,2023,9
2023-09-12 23:22:11.810984248,P021,L,S05,Winter,Young Adult,North,65,No,2023,9
2023-09-13 01:33:36.468039004,P019,L,S07,Spring,Adult,East,53,No,2023,9
2023-09-13 03:45:01.125093756,P028,S,S04,Spring,Young Adult,North,43,No,2023,9
2023-09-13 05:56:25.782148512,P029,M,S07,Autumn,Adult,East,68,No,2023,9
2023-09-13 08:07:50.439203264,P025,M,S08,Winter,Young Adult,East,67,No,2023,9
2023-09-13 10:19:15.096258020,P001,S,S10,Summer,Adult,West,57,No,2023,9
2023-09-13 12:30:39.753312776,P017,L,S10,Summer,Teen,West,71,No,2023,9
2023-09-13 14:42:04.410367528,P017,L,S04,Autumn,Teen,North,56,No,2023,9
2023-09-13 16:53:29.067422284,P003,L,S05,Spring,Senior,North,59,No,2023,9
2023-09-13 19:04:53.724477040,P012,L,S11,Winter,Senior,West,63,No,2023,9
2023-09-13 21:16:18.381531792,P006,S,S03,Summer,Adult,South,50,No,2023,9
2023-09-13 23:27:43.038586548,P026,XXL,S05,Spring,Young Adult,North,28,No,2023,9
2023-09-14 01:39:07.695641304,P011,XL,S08,Winter,Adult,East,48,No,2023,9
2023-09-14 03:50:32.352696056,P003,XL,S03,Summer,Teen,South,44,No,2023,9
2023-09-14 06:01:57.009750812,P008,S,S05,Spring,Teen,North,43,Yes,2023,9
2023-09-14 08:13:21.666805568,P014,XL,S10,Summer,Adult,West,55,No,2023,9
2023-09-14 10:24:46.323860320,P014,XL,S01,Spring,Teen,South,54,No,2023,9
2023-09-14 12:36:10.980915076,P010,XL,S02,Spring,Senior,South,57,No,2023,9
2023-09-14 14:47:35.637969828,P002,S,S03,Spring,Adult,South,47,No,2023,9
2023-09-14 16:59:00.295024584,P014,L,S01,Winter,Senior,South,69,No,2023,9
2023-09-14 19:10:24.952079340,P009,XXL,S11,Autumn,Senior,West,35,No,2023,9
2023-09-14 21:21:49.609134092,P003,L,S12,Spring,Senior,West,59,No,2023,9
2023-09-14 23:33:14.266188848,P021,L,S11,Spring,Teen,West,52,No,2023,9
2023-09-15 01:44:38.923243604,P026,XL,S09,Summer,Young Adult,East,51,No,2023,9
2023-09-15 03:56:03.580298356,P008,M,S09,Summer,Young Adult,East,65,No,2023,9
2023-09-15 06:07:28.237353112,P016,L,S05,Winter,Young Adult,North,66,No,2023,9
2023-09-15 08:18:52.894407868,P002,M,S04,Autumn,Senior,North,64,No,2023,9
2023-09-15 10:30:17.551462620,P006,XL,S05,Summer,Adult,North,49,No,2023,9
2023-09-15 12:41:42.208517376,P028,S,S04,Winter,Senior,North,39,No,2023,9
2023-09-15 14:53:06.865572128,P021,L,S12,Winter,Senior,West,53,No,2023,9
2023-09-15 17:04:31.522626884,P029,L,S05,Winter,Adult,North,61,No,2023,9
2023-09-15 19:15:56.179681640,P026,L,S07,Spring,Young Adult,East,48,No,2023,9
2023-09-15 21:27:20.836736392,P025,L,S11,Autumn,Young Adult,West,55,No,2023,9
2023-09-15 23:38:45.493791148,P012,XL,S08,Autumn,Young Adult,East,52,No,2023,9
2023-09-16 01:50:10.150845904,P005,XL,S02,Autumn,Senior,South,43,No,2023,9
2023-09-16 04:01:34.807900656,P002,S,S04,Spring,Senior,North,44,No,2023,9
2023-09-16 06:12:59.464955412,P016,M,S08,Spring,Teen,East,61,No,2023,9
2023-09-16 08:24:24.122010168,P005,S,S07,Summer,Young Adult,East,43,No,2023,9
2023-09-16 10:35:48.779064920,P015,M,S09,Summer,Senior,East,58,No,2023,9
2023-09-16 12:47:13.436119676,P012,L,S05,Summer,Teen,North,51,No,2023,9
2023-09-16 14:58:38.093174432,P004,XL,S06,Winter,Senior,North,52,No,2023,9
2023-09-16 17:10:02.750229184,P015,XL,S11,Autumn,Senior,West,44,No,2023,9
2023-09-16 19:21:27.407283940,P011,S,S08,Spring,Young Adult,East,39,No,2023,9
2023-09-16 21:32:52.064338692,P016,S,S12,Summer,Adult,West,47,No,2023,9
2023-09-16 23:44:16.721393448,P023,L,S11,Winter,Senior,West,58,No,2023,9
2023-09-17 01:55:41.378448204,P006,L,S05,Spring,Senior,North,50,No,2023,9
2023-09-17 04:07:06.035502956,P014,M,S09,Winter,Senior,East,63,No,2023,9
2023-09-17 06:18:30.692557712,P018,XL,S04,Winter,Young Adult,North,54,No,2023,9
2023-09-17 08:29:55.349612468,P012,XL,S08,Winter,Senior,East,48,No,2023,9
2023-09-17 10:41:20.006667220,P027,M,S12,Autumn,Teen,West,67,No,2023,9
2023-09-17 12:52:44.663721976,P011,XL,S03,Spring,Young Adult,South,47,No,2023,9
2023-09-17 15:04:09.320776732,P013,M,S05,Spring,Teen,North,58,No,2023,9
2023-09-17 17:15:33.977831484,P021,L,S08,Winter,Young Adult,East,53,No,2023,9
2023-09-17 19:26:58.634886240,P023,M,S10,Autumn,Senior,West,49,No,2023,9
2023-09-17 21:38:23.291940992,P011,S,S12,Winter,Senior,West,51,No,2023,9
2023-09-17 23:49:47.948995748,P023,XL,S07,Summer,Teen,East,42,No,2023,9
2023-09-18 02:01:12.606050504,P016,M,S01,Spring,Teen,South,65,No,2023,9
2023-09-18 04:12:37.263105256,P015,L,S12,Spring,Young Adult,West,65,No,2023,9
2023-09-18 06:24:01.920160012,P021,M,S04,Autumn,Young Adult,North,59,No,2023,9
2023-09-18 08:35:26.577214768,P028,S,S02,Spring,Adult,South,42,No,2023,9
2023-09-18 10:46:51.234269520,P015,S,S02,Spring,Adult,South,43,No,2023,9
2023-09-18 12:58:15.891324276,P025,M,S07,Spring,Adult,East,58,No,2023,9
2023-09-18 15:09:40.548379032,P004,L,S12,Autumn,Senior,West,56,No,2023,9
2023-09-18 17:21:05.205433784,P011,M,S12,Winter,Teen,West,64,No,2023,9
2023-09-18 19:32:29.862488540,P019,L,S03,Spring,Teen,South,62,No,2023,9
2023-09-18 21:43:54.519543296,P015,L,S03,Winter,Adult,South,69,Yes,2023,9
2023-09-18 23:55:19.176598048,P004,L,S06,Autumn,Adult,North,65,No,2023,9
2023-09-19 02:06:43.833652804,P021,M,S06,Winter,Young Adult,North,67,No,2023,9
2023-09-19 04:18:08.490707556,P013,XL,S01,Summer,Adult,South,49,No,2023,9
2023-09-19 06:29:33.147762312,P022,M,S01,Spring,Teen,South,65,No,2023,9
2023-09-19 08:40:57.804817068,P019,M,S11,Autumn,Young Adult,West,67,No,2023,9
2023-09-19 10:52:22.461871820,P002,M,S06,Autumn,Adult,North,66,No,2023,9
2023-09-19 13:03:47.118926576,P014,M,S07,Winter,Senior,East,62,No,2023,9
2023-09-19 15:15:11.775981332,P029,S,S09,Spring,Adult,East,39,No,2023,9
2023-09-19 17:26:36.433036084,P004,L,S04,Autumn,Senior,North,51,No,2023,9
2023-09-19 19:38:01.090090840,P016,M,S10,Summer,Adult,West,64,No,2023,9
2023-09-19 21:49:25.747145596,P021,M,S06,Winter,Young Adult,North,71,No,2023,9
2023-09-20 00:00:50.404200348,P020,L,S12,Summer,Senior,West,54,No,2023,9
2023-09-20 02:12:15.061255104,P014,M,S03,Summer,Senior,South,65,No,2023,9
2023-09-20 04:23:39.718309860,P027,M,S11,Winter,Young Adult,West,83,No,2023,9
2023-09-20 06:35:04.375364612,P029,M,S04,Summer,Senior,North,64,No,2023,9
2023-09-20 08:46:29.032419368,P015,L,S09,Winter,Young Adult,East,55,No,2023,9
2023-09-20 10:57:53.689474120,P028,S,S01,Winter,Adult,South,49,No,2023,9
2023-09-20 13:09:18.346528876,P003,M,S05,Autumn,Young Adult,North,63,No,2023,9
2023-09-20 15:20:43.003583632,P008,L,S11,Autumn,Young Adult,West,55,No,2023,9
2023-09-20 17:32:07.660638384,P016,L,S07,Summer,Young Adult,East,63,No,2023,9
2023-09-20 19:43:32.317693140,P010,L,S03,Summer,Young Adult,South,73,No,2023,9
2023-09-20 21:54:56.974747896,P004,XL,S02,Summer,Teen,South,47,No,2023,9
2023-09-21 00:06:21.631802648,P030,S,S11,Summer,Senior,West,44,No,2023,9
2023-09-21 02:17:46.288857404,P018,M,S02,Summer,Adult,South,67,No,2023,9
2023-09-21 04:29:10.945912160,P002,M,S01,Autumn,Young Adult,South,77,No,2023,9
2023-09-21 06:40:35.602966912,P017,S,S05,Summer,Teen,North,55,No,2023,9
2023-09-21 08:52:00.260021668,P013,M,S03,Summer,Teen,South,68,No,2023,9
2023-09-21 11:03:24.917076420,P004,M,S11,Spring,Adult,West,71,No,2023,9
2023-09-21 13:14:49.574131176,P026,L,S12,Winter,Senior,West,63,No,2023,9
2023-09-21 15:26:14.231185932,P025,L,S07,Winter,Adult,East,66,No,2023,9
2023-09-21 17:37:38.888240684,P030,M,S01,Autumn,Young Adult,South,66,No,2023,9
2023-09-21 19:49:03.545295440,P011,L,S09,Winter,Senior,East,54,No,2023,9
2023-09-21 22:00:28.202350196,P007,M,S02,Summer,Senior,South,75,No,2023,9
2023-09-22 00:11:52.859404948,P012,M,S08,Winter,Adult,East,73,No,2023,9
2023-09-22 02:23:17.516459704,P010,L,S10,Autumn,Adult,West,65,No,2023,9
2023-09-22 04:34:42.173514460,P007,S,S04,Winter,Senior,North,49,No,2023,9
2023-09-22 06:46:06.830569212,P013,S,S06,Winter,Adult,North,45,No,2023,9
2023-09-22 08:57:31.487623968,P007,M,S09,Spring,Senior,East,67,No,2023,9
2023-09-22 11:08:56.144678724,P024,XL,S07,Spring,Adult,East,50,No,2023,9
2023-09-22 13:20:20.801733476,P017,L,S08,Summer,Senior,East,60,No,2023,9
2023-09-22 15:31:45.458788232,P010,S,S07,Winter,Young Adult,East,54,No,2023,9
2023-09-22 17:43:10.115842984,P029,XL,S02,Summer,Teen,South,50,No,2023,9
2023-09-22 19:54:34.772897740,P010,L,S09,Winter,Adult,East,63,No,2023,9
2023-09-22 22:05:59.429952496,P024,L,S01,Summer,Senior,South,53,No,2023,9
2023-09-23 00:17:24.087007248,P004,XL,S02,Summer,Teen,South,49,No,2023,9
2023-09-23 02:28:48.744062004,P020,M,S03,Winter,Teen,South,69,No,2023,9
2023-09-23 04:40:13.401116760,P004,M,S03,Spring,Teen,South,64,No,2023,9
2023-09-23 06:51:38.058171512,P022,L,S10,Autumn,Adult,West,67,No,2023,9
2023-09-23 09:03:02.715226268,P007,L,S04,Summer,Adult,North,71,No,2023,9
2023-09-23 11:14:27.372281024,P022,L,S05,Autumn,Young Adult,North,55,No,2023,9
2023-09-23 13:25:52.029335776,P001,L,S06,Winter,Adult,North,61,No,2023,9
2023-09-23 15:37:16.686390532,P012,XL,S01,Summer,Adult,South,56,No,2023,9
2023-09-23 17:48:41.343445288,P024,XL,S08,Winter,Adult,East,50,No,2023,9
2023-09-23 20:00:06.000500040,P013,XL,S06,Summer,Teen,North,48,No,2023,9
2023-09-23 22:11:30.657554796,P010,XL,S10,Spring,Young Adult,West,53,No,2023,9
2023-09-24 00:22:55.314609548,P015,XL,S09,Summer,Teen,East,49,Yes,2023,9
2023-09-24 02:34:19.971664304,P027,S,S05,Summer,Young Adult,North,47,No,2023,9
2023-09-24 04:45:44.628719060,P013,M,S07,Summer,Adult,East,71,No,2023,9
2023-09-24 06:57:09.285773812,P023,M,S11,Winter,Senior,West,57,No,2023,9
2023-09-24 09:08:33.942828568,P022,XL,S04,Spring,Adult,North,49,No,2023,9
2023-09-24 11:19:58.599883324,P022,L,S06,Winter,Teen,North,57,No,2023,9
2023-09-24 13:31:23.256938076,P021,L,S06,Autumn,Teen,North,53,No,2023,9
2023-09-24 15:42:47.913992832,P022,S,S04,Spring,Teen,North,45,No,2023,9
2023-09-24 17:54:12.571047588,P028,M,S06,Summer,Young Adult,North,65,No,2023,9
2023-09-24 20:05:37.228102340,P009,L,S08,Summer,Teen,East,62,No,2023,9
2023-09-24 22:17:01.885157096,P026,M,S11,Summer,Senior,West,54,No,2023,9
2023-09-25 00:28:26.542211848,P009,M,S05,Autumn,Senior,North,54,No,2023,9
2023-09-25 02:39:51.199266604,P015,M,S02,Autumn,Adult,South,69,No,2023,9
2023-09-25 04:51:15.856321360,P010,M,S09,Summer,Young Adult,East,79,No,2023,9
2023-09-25 07:02:40.513376112,P024,L,S11,Summer,Young Adult,West,60,No,2023,9
2023-09-25 09:14:05.170430868,P026,M,S04,Autumn,Adult,North,63,No,2023,9
2023-09-25 11:25:29.827485624,P025,L,S04,Winter,Teen,North,52,No,2023,9
2023-09-25 13:36:54.484540376,P029,S,S11,Spring,Teen,West,42,Yes,2023,9
2023-09-25 15:48:19.141595132,P010,XL,S07,Spring,Adult,East,47,No,2023,9
2023-09-25 17:59:43.798649888,P008,M,S10,Autumn,Adult,West,57,No,2023,9
2023-09-25 20:11:08.455704640,P024,L,S10,Autumn,Adult,West,60,No,2023,9
2023-09-25 22:22:33.112759396,P016,L,S06,Winter,Adult,North,70,No,2023,9
2023-09-26 00:33:57.769814152,P017,M,S04,Summer,Young Adult,North,80,No,2023,9
2023-09-26 02:45:22.426868904,P026,XL,S06,Autumn,Young Adult,North,45,Yes,2023,9
2023-09-26 04:56:47.083923660,P027,L,S03,Winter,Teen,South,61,No,2023,9
2023-09-26 07:08:11.740978412,P005,M,S07,Autumn,Young Adult,East,53,No,2023,9
2023-09-26 09:19:36.398033168,P004,M,S06,Summer,Young Adult,North,70,No,2023,9
2023-09-26 11:31:01.055087924,P018,XL,S03,Autumn,Young Adult,South,52,No,2023,9
2023-09-26 13:42:25.712142676,P024,L,S01,Summer,Adult,South,61,No,2023,9
2023-09-26 15:53:50.369197432,P019,M,S12,Winter,Young Adult,West,76,No,2023,9
2023-09-26 18:05:15.026252188,P004,M,S10,Spring,Teen,West,62,No,2023,9
2023-09-26 20:16:39.683306940,P028,XL,S05,Winter,Young Adult,North,47,No,2023,9
2023-09-26 22:28:04.340361696,P007,L,S10,Spring,Adult,West,58,No,2023,9
2023-09-27 00:39:28.997416452,P010,L,S02,Winter,Young Adult,South,73,No,2023,9
2023-09-27 02:50:53.654471204,P025,M,S07,Spring,Senior,East,58,No,2023,9
2023-09-27 05:02:18.311525960,P018,L,S07,Winter,Teen,East,59,No,2023,9
2023-09-27 07:13:42.968580712,P019,M,S04,Summer,Young Adult,North,66,No,2023,9
2023-09-27 09:25:07.625635468,P004,M,S06,Spring,Teen,North,56,No,2023,9
2023-09-27 11:36:32.282690224,P010,L,S01,Spring,Adult,South,65,No,2023,9
2023-09-27 13:47:56.939744976,P001,XXL,S02,Summer,Teen,South,43,No,2023,9
2023-09-27 15:59:21.596799732,P023,M,S06,Summer,Senior,North,55,No,2023,9
2023-09-27 18:10:46.253854488,P018,M,S02,Spring,Senior,South,68,No,2023,9
2023-09-27 20:22:10.910909240,P005,L,S12,Spring,Teen,West,50,No,2023,9
2023-09-27 22:33:35.567963996,P015,L,S12,Spring,Adult,West,51,Yes,2023,9
2023-09-28 00:45:00.225018752,P017,XL,S11,Autumn,Teen,West,43,No,2023,9
2023-09-28 02:56:24.882073504,P003,L,S04,Winter,Young Adult,North,63,No,2023,9
2023-09-28 05:07:49.539128260,P012,S,S04,Summer,Young Adult,North,48,No,2023,9
2023-09-28 07:19:14.196183016,P002,XXL,S10,Summer,Teen,West,37,No,2023,9
2023-09-28 09:30:38.853237768,P001,L,S09,Winter,Young Adult,East,75,Yes,2023,9
2023-09-28 11:42:03.510292524,P023,XL,S10,Summer,Young Adult,West,53,Yes,2023,9
2023-09-28 13:53:28.167347276,P021,L,S07,Summer,Adult,East,59,No,2023,9
2023-09-28 16:04:52.824402032,P017,XL,S07,Spring,Teen,East,47,No,2023,9
2023-09-28 18:16:17.481456788,P022,S,S12,Summer,Young Adult,West,47,No,2023,9
2023-09-28 20:27:42.138511540,P016,M,S11,Autumn,Teen,West,65,No,2023,9
2023-09-28 22:39:06.795566296,P005,XL,S01,Autumn,Teen,South,36,No,2023,9
2023-09-29 00:50:31.452621052,P015,M,S11,Spring,Young Adult,West,64,No,2023,9
2023-09-29 03:01:56.109675804,P003,S,S05,Spring,Adult,North,37,No,2023,9
2023-09-29 05:13:20.766730560,P028,L,S03,Summer,Adult,South,61,Yes,2023,9
2023-09-29 07:24:45.423785316,P007,XL,S03,Spring,Senior,South,56,No,2023,9
2023-09-29 09:36:10.080840068,P011,M,S06,Spring,Teen,North,65,No,2023,9
2023-09-29 11:47:34.737894824,P010,XL,S04,Winter,Senior,North,57,No,2023,9
2023-09-29 13:58:59.394949576,P009,L,S08,Spring,Adult,East,64,No,2023,9
2023-09-29 16:10:24.052004332,P014,L,S04,Autumn,Young Adult,North,65,No,2023,9
2023-09-29 18:21:48.709059088,P013,XL,S08,Summer,Young Adult,East,49,No,2023,9
2023-09-29 20:33:13.366113840,P029,M,S12,Spring,Adult,West,68,No,2023,9
2023-09-29 22:44:38.023168596,P025,M,S12,Winter,Adult,West,77,No,2023,9
2023-09-30 00:56:02.680223352,P030,M,S04,Summer,Teen,North,66,Yes,2023,9
2023-09-30 03:07:27.337278104,P025,L,S03,Summer,Senior,South,55,No,2023,9
2023-09-30 05:18:51.994332860,P002,L,S05,Summer,Senior,North,55,No,2023,9
2023-09-30 07:30:16.651387616,P003,XL,S12,Winter,Adult,West,46,No,2023,9
2023-09-30 09:41:41.308442368,P007,L,S05,Autumn,Teen,North,56,No,2023,9
2023-09-30 11:53:05.965497124,P021,L,S10,Winter,Young Adult,West,63,No,2023,9
2023-09-30 14:04:30.622551880,P018,L,S10,Winter,Adult,West,57,No,2023,9
2023-09-30 16:15:55.279606632,P003,M,S01,Summer,Senior,South,61,No,2023,9
2023-09-30 18:27:19.936661388,P010,S,S08,Winter,Teen,East,56,No,2023,9
2023-09-30 20:38:44.593716140,P022,XL,S08,Summer,Teen,East,45,Yes,2023,9
2023-09-30 22:50:09.250770896,P029,S,S08,Spring,Teen,East,45,No,2023,9
2023-10-01 01:01:33.907825652,P007,M,S10,Spring,Senior,West,59,No,2023,10
2023-10-01 03:12:58.564880404,P009,L,S04,Winter,Teen,North,59,No,2023,10
2023-10-01 05:24:23.221935160,P017,M,S09,Autumn,Young Adult,East,67,No,2023,10
2023-10-01 07:35:47.878989916,P011,XL,S10,Summer,Senior,West,54,No,2023,10
2023-10-01 09:47:12.536044668,P007,M,S03,Winter,Adult,South,75,No,2023,10
2023-10-01 11:58:37.193099424,P024,S,S07,Winter,Teen,East,39,No,2023,10
2023-10-01 14:10:01.850154180,P028,M,S06,Autumn,Senior,North,56,No,2023,10
2023-10-01 16:21:26.507208932,P014,L,S09,Summer,Adult,East,68,No,2023,10
2023-10-01 18:32:51.164263688,P019,M,S12,Winter,Adult,West,64,No,2023,10
2023-10-01 20:44:15.821318444,P004,L,S04,Autumn,Young Adult,North,65,No,2023,10
2023-10-01 22:55:40.478373196,P026,XL,S04,Summer,Adult,North,49,No,2023,10
2023-10-02 01:07:05.135427952,P006,XL,S06,Spring,Young Adult,North,44,No,2023,10
2023-10-02 03:18:29.792482704,P010,M,S08,Autumn,Senior,East,58,No,2023,10
2023-10-02 05:29:54.449537460,P007,M,S03,Winter,Young Adult,South,81,No,2023,10
2023-10-02 07:41:19.106592216,P013,L,S11,Spring,Senior,West,47,No,2023,10
2023-10-02 09:52:43.763646968,P014,XL,S08,Summer,Senior,East,46,No,2023,10
2023-10-02 12:04:08.420701724,P004,XXL,S08,Autumn,Teen,East,32,No,2023,10
2023-10-02 14:15:33.077756480,P008,M,S07,Spring,Young Adult,East,61,No,2023,10
2023-10-02 16:26:57.734811232,P005,L,S07,Spring,Senior,East,42,No,2023,10
2023-10-02 18:38:22.391865988,P001,M,S05,Winter,Teen,North,63,No,2023,10
2023-10-02 20:49:47.048920744,P004,S,S02,Spring,Young Adult,South,52,Yes,2023,10
2023-10-02 23:01:11.705975496,P003,S,S12,Winter,Young Adult,West,45,No,2023,10
2023-10-03 01:12:36.363030252,P009,M,S02,Summer,Adult,South,67,No,2023,10
2023-10-03 03:24:01.020085004,P008,M,S12,Winter,Teen,West,71,No,2023,10
2023-10-03 05:35:25.677139760,P001,S,S10,Autumn,Adult,West,46,No,2023,10
2023-10-03 07:46:50.334194516,P027,L,S12,Spring,Senior,West,64,No,2023,10
2023-10-03 09:58:14.991249268,P006,M,S08,Summer,Young Adult,East,72,No,2023,10
2023-10-03 12:09:39.648304024,P009,L,S11,Winter,Senior,West,64,No,2023,10
2023-10-03 14:21:04.305358780,P007,M,S06,Winter,Teen,North,69,No,2023,10
2023-10-03 16:32:28.962413532,P004,M,S08,Winter,Young Adult,East,65,No,2023,10
2023-10-03 18:43:53.619468288,P013,M,S03,Summer,Senior,South,67,No,2023,10
2023-10-03 20:55:18.276523044,P017,M,S01,Summer,Young Adult,South,75,No,2023,10
2023-10-03 23:06:42.933577796,P028,L,S06,Autumn,Adult,North,51,No,2023,10
2023-10-04 01:18:07.590632552,P002,M,S02,Summer,Teen,South,64,No,2023,10
2023-10-04 03:29:32.247687308,P028,L,S12,Winter,Teen,West,58,No,2023,10
2023-10-04 05:40:56.904742060,P005,M,S09,Summer,Teen,East,54,No,2023,10
2023-10-04 07:52:21.561796816,P012,L,S05,Winter,Young Adult,North,70,No,2023,10
2023-10-04 10:03:46.218851568,P027,L,S05,Autumn,Senior,North,57,Yes,2023,10
2023-10-04 12:15:10.875906324,P021,S,S10,Autumn,Senior,West,39,No,2023,10
2023-10-04 14:26:35.532961080,P008,M,S08,Winter,Teen,East,55,No,2023,10
2023-10-04 16:38:00.190015832,P006,S,S06,Summer,Young Adult,North,51,No,2023,10
2023-10-04 18:49:24.847070588,P008,L,S03,Summer,Young Adult,South,58,No,2023,10
2023-10-04 21:00:49.504125344,P018,M,S09,Spring,Young Adult,East,59,No,2023,10
2023-10-04 23:12:14.161180096,P003,L,S10,Autumn,Senior,West,49,No,2023,10
2023-10-05 01:23:38.818234852,P022,L,S04,Autumn,Teen,North,55,No,2023,10
2023-10-05 03:35:03.475289608,P012,XL,S10,Winter,Senior,West,48,No,2023,10
2023-10-05 05:46:28.132344360,P029,L,S04,Spring,Adult,North,64,No,2023,10
2023-10-05 07:57:52.789399116,P026,L,S12,Summer,Young Adult,West,62,No,2023,10
2023-10-05 10:09:17.446453872,P003,M,S02,Winter,Adult,South,76,No,2023,10
2023-10-05 12:20:42.103508624,P022,XL,S03,Summer,Teen,South,51,Yes,2023,10
2023-10-05 14:32:06.760563380,P006,L,S04,Summer,Teen,North,52,No,2023,10
2023-10-05 16:43:31.417618132,P002,M,S07,Summer,Senior,East,62,No,2023,10
2023-10-05 18:54:56.074672888,P023,XL,S03,Spring,Teen,South,48,No,2023,10
2023-10-05 21:06:20.731727644,P012,M,S08,Autumn,Teen,East,66,No,2023,10
2023-10-05 23:17:45.388782396,P002,XL,S08,Autumn,Senior,East,52,No,2023,10
2023-10-06 01:29:10.045837152,P006,XL,S10,Summer,Senior,West,52,No,2023,10
2023-10-06 03:40:34.702891908,P017,M,S11,Spring,Senior,West,69,No,2023,10
2023-10-06 05:51:59.359946660,P003,L,S02,Summer,Senior,South,52,No,2023,10
2023-10-06 08:03:24.017001416,P002,M,S04,Summer,Teen,North,63,No,2023,10
2023-10-06 10:14:48.674056172,P023,M,S08,Winter,Adult,East,67,No,2023,10
2023-10-06 12:26:13.331110924,P030,M,S01,Spring,Senior,South,58,No,2023,10
2023-10-06 14:37:37.988165680,P020,L,S01,Spring,Teen,South,49,No,2023,10
2023-10-06 16:49:02.645220432,P008,M,S04,Autumn,Teen,North,61,No,2023,10
2023-10-06 19:00:27.302275188,P022,S,S11,Autumn,Teen,West,40,No,2023,10
2023-10-06 21:11:51.959329944,P012,L,S02,Summer,Teen,South,61,No,2023,10
2023-10-06 23:23:16.616384696,P026,M,S01,Winter,Teen,South,68,No,2023,10
2023-10-07 01:34:41.273439452,P004,S,S08,Winter,Senior,East,46,No,2023,10
2023-10-07 03:46:05.930494208,P005,M,S02,Winter,Senior,South,56,No,2023,10
2023-10-07 05:57:30.587548960,P013,M,S04,Summer,Young Adult,North,71,No,2023,10
2023-10-07 08:08:55.244603716,P029,M,S03,Autumn,Young Adult,South,68,No,2023,10
2023-10-07 10:20:19.901658472,P015,S,S02,Spring,Senior,South,46,No,2023,10
2023-10-07 12:31:44.558713224,P025,XXL,S08,Summer,Senior,East,27,No,2023,10
2023-10-07 14:43:09.215767980,P023,L,S03,Winter,Senior,South,59,No,2023,10
2023-10-07 16:54:33.872822736,P016,M,S09,Winter,Adult,East,66,No,2023,10
2023-10-07 19:05:58.529877488,P010,M,S10,Summer,Senior,West,64,No,2023,10
2023-10-07 21:17:23.186932244,P030,M,S05,Winter,Teen,North,73,Yes,2023,10
2023-10-07 23:28:47.843986996,P030,L,S09,Spring,Adult,East,61,No,2023,10
2023-10-08 01:40:12.501041752,P025,S,S03,Summer,Adult,South,51,No,2023,10
2023-10-08 03:51:37.158096508,P023,M,S12,Spring,Teen,West,60,No,2023,10
2023-10-08 06:03:01.815151260,P016,XL,S05,Autumn,Teen,North,49,No,2023,10
2023-10-08 08:14:26.472206016,P012,M,S10,Winter,Young Adult,West,78,No,2023,10
2023-10-08 10:25:51.129260772,P017,M,S06,Winter,Teen,North,71,No,2023,10
2023-10-08 12:37:15.786315524,P016,XL,S09,Autumn,Senior,East,48,No,2023,10
2023-10-08 14:48:40.443370280,P012,L,S08,Autumn,Senior,East,53,No,2023,10
2023-10-08 17:00:05.100425036,P008,M,S02,Autumn,Young Adult,South,65,No,2023,10
2023-10-08 19:11:29.757479788,P020,L,S02,Winter,Adult,South,56,No,2023,10
2023-10-08 21:22:54.414534544,P003,S,S05,Autumn,Adult,North,44,No,2023,10
2023-10-08 23:34:19.071589296,P016,L,S05,Summer,Young Adult,North,57,No,2023,10
2023-10-09 01:45:43.728644052,P030,M,S05,Autumn,Senior,North,62,No,2023,10
2023-10-09 03:57:08.385698808,P013,XL,S04,Summer,Young Adult,North,58,No,2023,10
2023-10-09 06:08:33.042753560,P023,XXL,S08,Summer,Senior,East,23,No,2023,10
2023-10-09 08:19:57.699808316,P028,XL,S11,Spring,Senior,West,42,No,2023,10
2023-10-09 10:31:22.356863072,P019,XL,S05,Summer,Teen,North,49,No,2023,10
2023-10-09 12:42:47.013917824,P008,L,S01,Summer,Young Adult,South,65,No,2023,10
2023-10-09 14:54:11.670972580,P022,M,S10,Autumn,Young Adult,West,70,No,2023,10
2023-10-09 17:05:36.328027336,P005,M,S05,Winter,Senior,North,59,No,2023,10
2023-10-09 19:17:00.985082088,P020,L,S01,Autumn,Senior,South,51,Yes,2023,10
2023-10-09 21:28:25.642136844,P008,XL,S04,Spring,Teen,North,37,No,2023,10
2023-10-09 23:39:50.299191600,P024,M,S01,Spring,Senior,South,57,No,2023,10
2023-10-10 01:51:14.956246352,P012,XL,S06,Winter,Senior,North,51,No,2023,10
2023-10-10 04:02:39.613301108,P001,XL,S06,Summer,Adult,North,50,No,2023,10
2023-10-10 06:14:04.270355860,P025,XXL,S01,Spring,Young Adult,South,33,Yes,2023,10
2023-10-10 08:25:28.927410616,P030,XL,S12,Winter,Teen,West,57,Yes,2023,10
2023-10-10 10:36:53.584465372,P021,M,S08,Autumn,Teen,East,58,No,2023,10
2023-10-10 12:48:18.241520124,P020,S,S04,Autumn,Senior,North,35,No,2023,10
2023-10-10 14:59:42.898574880,P006,S,S02,Autumn,Young Adult,South,51,No,2023,10
2023-10-10 17:11:07.555629636,P022,M,S01,Summer,Adult,South,75,No,2023,10
2023-10-10 19:22:32.212684388,P018,L,S11,Summer,Teen,West,53,No,2023,10
2023-10-10 21:33:56.869739144,P008,XL,S03,Winter,Senior,South,52,No,2023,10
2023-10-10 23:45:21.526793900,P007,XL,S07,Spring,Young Adult,East,51,No,2023,10
2023-10-11 01:56:46.183848652,P001,L,S10,Autumn,Adult,West,64,No,2023,10
2023-10-11 04:08:10.840903408,P021,S,S11,Summer,Young Adult,West,52,No,2023,10
2023-10-11 06:19:35.497958160,P016,M,S10,Summer,Teen,West,60,No,2023,10
2023-10-11 08:31:00.155012916,P012,S,S08,Spring,Senior,East,44,No,2023,10
2023-10-11 10:42:24.812067672,P006,M,S05,Autumn,Senior,North,51,No,2023,10
2023-10-11 12:53:49.469122424,P020,L,S07,Autumn,Teen,East,46,No,2023,10
2023-10-11 15:05:14.126177180,P002,S,S02,Spring,Teen,South,49,No,2023,10
2023-10-11 17:16:38.783231936,P029,M,S12,Winter,Young Adult,West,73,No,2023,10
2023-10-11 19:28:03.440286688,P014,M,S12,Winter,Teen,West,62,No,2023,10
2023-10-11 21:39:28.097341444,P004,L,S04,Spring,Young Adult,North,63,No,2023,10
2023-10-11 23:50:52.754396200,P001,M,S06,Spring,Senior,North,59,No,2023,10
2023-10-12 02:02:17.411450952,P023,M,S12,Winter,Adult,West,72,No,2023,10
2023-10-12 04:13:42.068505708,P018,M,S12,Spring,Senior,West,55,No,2023,10
2023-10-12 06:25:06.725560464,P013,XXL,S12,Autumn,Senior,West,35,No,2023,10
2023-10-12 08:36:31.382615216,P002,M,S12,Winter,Adult,West,73,No,2023,10
2023-10-12 10:47:56.039669972,P009,L,S12,Winter,Adult,West,71,No,2023,10
2023-10-12 12:59:20.696724724,P021,L,S12,Winter,Adult,West,64,No,2023,10
2023-10-12 15:10:45.353779480,P002,L,S05,Autumn,Senior,North,53,No,2023,10
2023-10-12 17:22:10.010834236,P027,XL,S06,Spring,Teen,North,44,No,2023,10
2023-10-12 19:33:34.667888988,P025,M,S12,Summer,Senior,West,60,No,2023,10
2023-10-12 21:44:59.324943744,P009,M,S02,Summer,Teen,South,74,No,2023,10
2023-10-12 23:56:23.981998500,P001,S,S07,Autumn,Young Adult,East,49,No,2023,10
2023-10-13 02:07:48.639053252,P011,L,S08,Autumn,Senior,East,53,No,2023,10
2023-10-13 04:19:13.296108008,P003,M,S11,Spring,Adult,West,57,No,2023,10
2023-10-13 06:30:37.953162764,P020,M,S09,Summer,Senior,East,62,No,2023,10
2023-10-13 08:42:02.610217516,P030,L,S06,Winter,Senior,North,64,No,2023,10
2023-10-13 10:53:27.267272272,P023,L,S07,Autumn,Adult,East,53,No,2023,10
2023-10-13 13:04:51.924327028,P026,S,S12,Summer,Young Adult,West,45,No,2023,10
2023-10-13 15:16:16.581381780,P004,L,S01,Winter,Young Adult,South,73,No,2023,10
2023-10-13 17:27:41.238436536,P018,L,S09,Winter,Young Adult,East,63,No,2023,10
2023-10-13 19:39:05.895491288,P023,M,S06,Spring,Young Adult,North,58,No,2023,10
2023-10-13 21:50:30.552546044,P006,M,S12,Autumn,Senior,West,59,No,2023,10
2023-10-14 00:01:55.209600800,P003,L,S04,Winter,Senior,North,57,No,2023,10
2023-10-14 02:13:19.866655552,P022,L,S10,Autumn,Adult,West,61,No,2023,10
2023-10-14 04:24:44.523710308,P011,M,S09,Summer,Teen,East,70,No,2023,10
2023-10-14 06:36:09.180765064,P015,M,S12,Summer,Adult,West,67,No,2023,10
2023-10-14 08:47:33.837819816,P022,L,S01,Autumn,Young Adult,South,61,No,2023,10
2023-10-14 10:58:58.494874572,P028,XL,S02,Winter,Teen,South,46,No,2023,10
2023-10-14 13:10:23.151929328,P005,L,S03,Winter,Adult,South,59,No,2023,10
2023-10-14 15:21:47.808984080,P020,S,S01,Summer,Young Adult,South,41,Yes,2023,10
2023-10-14 17:33:12.466038836,P010,M,S02,Winter,Teen,South,75,No,2023,10
2023-10-14 19:44:37.123093588,P012,XL,S02,Winter,Teen,South,51,No,2023,10
2023-10-14 21:56:01.780148344,P015,S,S07,Summer,Young Adult,East,40,No,2023,10
2023-10-15 00:07:26.437203100,P017,XXL,S10,Spring,Teen,West,44,No,2023,10
2023-10-15 02:18:51.094257852,P010,XL,S06,Summer,Adult,North,50,No,2023,10
2023-10-15 04:30:15.751312608,P006,S,S12,Autumn,Adult,West,43,No,2023,10
2023-10-15 06:41:40.408367364,P018,XL,S09,Spring,Adult,East,42,No,2023,10
2023-10-15 08:53:05.065422116,P013,M,S05,Autumn,Teen,North,55,No,2023,10
2023-10-15 11:04:29.722476872,P003,XL,S09,Spring,Teen,East,49,No,2023,10
2023-10-15 13:15:54.379531628,P030,M,S12,Spring,Young Adult,West,66,No,2023,10
2023-10-15 15:27:19.036586380,P024,M,S10,Summer,Young Adult,West,74,No,2023,10
2023-10-15 17:38:43.693641136,P010,L,S09,Summer,Teen,East,63,No,2023,10
2023-10-15 19:50:08.350695892,P030,L,S02,Autumn,Adult,South,64,No,2023,10
2023-10-15 22:01:33.007750644,P014,S,S12,Summer,Teen,West,53,No,2023,10
2023-10-16 00:12:57.664805400,P006,L,S09,Spring,Senior,East,50,No,2023,10
2023-10-16 02:24:22.321860152,P003,M,S03,Summer,Adult,South,62,No,2023,10
2023-10-16 04:35:46.978914908,P016,M,S11,Autumn,Senior,West,56,No,2023,10
2023-10-16 06:47:11.635969664,P007,M,S03,Spring,Young Adult,South,65,No,2023,10
2023-10-16 08:58:36.293024416,P020,M,S12,Autumn,Teen,West,53,No,2023,10
2023-10-16 11:10:00.950079172,P014,M,S11,Winter,Senior,West,68,No,2023,10
2023-10-16 13:21:25.607133928,P009,S,S09,Summer,Teen,East,50,No,2023,10
2023-10-16 15:32:50.264188680,P015,S,S07,Spring,Senior,East,32,No,2023,10
2023-10-16 17:44:14.921243436,P021,S,S11,Autumn,Teen,West,31,No,2023,10
2023-10-16 19:55:39.578298192,P003,M,S08,Summer,Adult,East,60,No,2023,10
2023-10-16 22:07:04.235352944,P002,XXL,S07,Summer,Young Adult,East,49,No,2023,10
2023-10-17 00:18:28.892407700,P027,S,S09,Autumn,Adult,East,52,No,2023,10
2023-10-17 02:29:53.549462456,P002,XL,S08,Spring,Young Adult,East,51,No,2023,10
2023-10-17 04:41:18.206517208,P003,L,S04,Autumn,Adult,North,56,No,2023,10
2023-10-17 06:52:42.863571964,P018,L,S02,Summer,Young Adult,South,62,No,2023,10
2023-10-17 09:04:07.520626716,P014,L,S11,Autumn,Adult,West,65,No,2023,10
2023-10-17 11:15:32.177681472,P020,XL,S05,Winter,Teen,North,43,No,2023,10
2023-10-17 13:26:56.834736228,P018,S,S02,Summer,Adult,South,53,No,2023,10
2023-10-17 15:38:21.491790980,P010,L,S04,Spring,Senior,North,55,No,2023,10
2023-10-17 17:49:46.148845736,P025,L,S12,Winter,Senior,West,62,No,2023,10
2023-10-17 20:01:10.805900492,P002,L,S02,Autumn,Teen,South,61,No,2023,10
2023-10-17 22:12:35.462955244,P025,XL,S05,Spring,Teen,North,43,No,2023,10
2023-10-18 00:24:00.120010000,P029,S,S06,Winter,Teen,North,55,No,2023,10
2023-10-18 02:35:24.777064756,P022,L,S11,Autumn,Senior,West,52,No,2023,10
2023-10-18 04:46:49.434119508,P001,L,S01,Winter,Adult,South,76,No,2023,10
2023-10-18 06:58:14.091174264,P004,M,S12,Summer,Teen,West,62,No,2023,10
2023-10-18 09:09:38.748229016,P014,M,S08,Spring,Adult,East,65,No,2023,10
2023-10-18 11:21:03.405283772,P001,L,S02,Winter,Young Adult,South,67,No,2023,10
2023-10-18 13:32:28.062338528,P014,XL,S05,Summer,Adult,North,57,No,2023,10
2023-10-18 15:43:52.719393280,P016,M,S11,Autumn,Adult,West,68,No,2023,10
2023-10-18 17:55:17.376448036,P022,XL,S08,Summer,Senior,East,48,No,2023,10
2023-10-18 20:06:42.033502792,P014,M,S05,Autumn,Adult,North,71,No,2023,10
2023-10-18 22:18:06.690557544,P029,S,S03,Spring,Senior,South,50,No,2023,10
2023-10-19 00:29:31.347612300,P020,S,S06,Summer,Young Adult,North,41,No,2023,10
2023-10-19 02:40:56.004667056,P003,S,S01,Summer,Senior,South,41,No,2023,10
2023-10-19 04:52:20.661721808,P003,M,S01,Autumn,Young Adult,South,66,No,2023,10
2023-10-19 07:03:45.318776564,P009,M,S08,Winter,Young Adult,East,67,No,2023,10
2023-10-19 09:15:09.975831320,P006,L,S07,Autumn,Teen,East,54,No,2023,10
2023-10-19 11:26:34.632886072,P025,L,S10,Winter,Adult,West,58,No,2023,10
2023-10-19 13:37:59.289940828,P013,S,S10,Autumn,Adult,West,41,No,2023,10
2023-10-19 15:49:23.946995580,P021,M,S11,Spring,Teen,West,57,No,2023,10
2023-10-19 18:00:48.604050336,P002,M,S11,Winter,Teen,West,75,Yes,2023,10
2023-10-19 20:12:13.261105092,P008,L,S03,Summer,Adult,South,54,No,2023,10
2023-10-19 22:23:37.918159844,P021,S,S08,Winter,Teen,East,42,No,2023,10
2023-10-20 00:35:02.575214600,P002,S,S11,Autumn,Teen,West,46,No,2023,10
2023-10-20 02:46:27.232269356,P004,XL,S08,Autumn,Young Adult,East,48,No,2023,10
2023-10-20 04:57:51.889324108,P025,XL,S01,Winter,Teen,South,48,No,2023,10
2023-10-20 07:09:16.546378864,P015,M,S10,Summer,Teen,West,57,No,2023,10
2023-10-20 09:20:41.203433620,P004,M,S07,Spring,Senior,East,62,No,2023,10
2023-10-20 11:32:05.860488372,P013,M,S02,Summer,Adult,South,66,No,2023,10
2023-10-20 13:43:30.517543128,P028,L,S12,Winter,Senior,West,61,No,2023,10
2023-10-20 15:54:55.174597880,P012,L,S02,Autumn,Teen,South,51,No,2023,10
2023-10-20 18:06:19.831652636,P028,S,S02,Summer,Teen,South,43,No,2023,10
2023-10-20 20:17:44.488707392,P013,L,S05,Autumn,Senior,North,49,No,2023,10
2023-10-20 22:29:09.145762144,P014,M,S07,Autumn,Teen,East,66,No,2023,10
2023-10-21 00:40:33.802816900,P020,M,S04,Summer,Young Adult,North,68,No,2023,10
2023-10-21 02:51:58.459871656,P018,M,S11,Winter,Senior,West,63,No,2023,10
2023-10-21 05:03:23.116926408,P029,M,S12,Summer,Senior,West,66,No,2023,10
2023-10-21 07:14:47.773981164,P028,M,S04,Spring,Adult,North,58,No,2023,10
2023-10-21 09:26:12.431035920,P006,M,S09,Autumn,Senior,East,58,No,2023,10
2023-10-21 11:37:37.088090672,P029,M,S10,Autumn,Young Adult,West,64,No,2023,10
2023-10-21 13:49:01.745145428,P011,S,S09,Winter,Teen,East,51,No,2023,10
2023-10-21 16:00:26.402200184,P030,L,S07,Autumn,Senior,East,56,No,2023,10
2023-10-21 18:11:51.059254936,P002,M,S10,Autumn,Senior,West,58,No,2023,10
2023-10-21 20:23:15.716309692,P028,S,S04,Autumn,Adult,North,39,No,2023,10
2023-10-21 22:34:40.373364444,P023,L,S08,Summer,Adult,East,58,No,2023,10
2023-10-22 00:46:05.030419200,P019,L,S10,Autumn,Teen,West,55,No,2023,10
2023-10-22 02:57:29.687473956,P019,XL,S03,Summer,Senior,South,42,No,2023,10
2023-10-22 05:08:54.344528708,P005,M,S03,Winter,Young Adult,South,74,No,2023,10
2023-10-22 07:20:19.001583464,P019,M,S12,Spring,Teen,West,65,No,2023,10
2023-10-22 09:31:43.658638220,P002,L,S07,Autumn,Young Adult,East,55,No,2023,10
2023-10-22 11:43:08.315692972,P010,L,S11,Spring,Senior,West,58,No,2023,10
2023-10-22 13:54:32.972747728,P025,M,S12,Summer,Teen,West,69,No,2023,10
2023-10-22 16:05:57.629802484,P002,XL,S09,Winter,Adult,East,53,No,2023,10
2023-10-22 18:17:22.286857236,P030,S,S11,Winter,Adult,West,50,No,2023,10
2023-10-22 20:28:46.943911992,P011,XXL,S04,Summer,Young Adult,North,37,No,2023,10
2023-10-22 22:40:11.600966744,P018,XL,S04,Spring,Teen,North,44,No,2023,10
2023-10-23 00:51:36.258021500,P029,L,S01,Autumn,Young Adult,South,60,No,2023,10
2023-10-23 03:03:00.915076256,P024,XL,S01,Summer,Adult,South,55,Yes,2023,10
2023-10-23 05:14:25.572131008,P015,L,S03,Summer,Senior,South,50,No,2023,10
2023-10-23 07:25:50.229185764,P009,M,S12,Summer,Adult,West,66,No,2023,10
2023-10-23 09:37:14.886240520,P023,M,S07,Summer,Senior,East,55,Yes,2023,10
2023-10-23 11:48:39.543295272,P019,S,S09,Summer,Young Adult,East,48,No,2023,10
2023-10-23 14:00:04.200350028,P009,M,S04,Winter,Young Adult,North,76,No,2023,10
2023-10-23 16:11:28.857404784,P003,L,S02,Summer,Young Adult,South,59,No,2023,10
2023-10-23 18:22:53.514459536,P021,M,S06,Winter,Senior,North,54,No,2023,10
2023-10-23 20:34:18.171514292,P009,M,S06,Spring,Young Adult,North,61,No,2023,10
2023-10-23 22:45:42.828569048,P028,L,S09,Autumn,Young Adult,East,52,Yes,2023,10
2023-10-24 00:57:07.485623800,P030,XL,S04,Winter,Teen,North,49,No,2023,10
2023-10-24 03:08:32.142678556,P014,S,S08,Autumn,Senior,East,32,No,2023,10
2023-10-24 05:19:56.799733308,P019,M,S03,Autumn,Young Adult,South,68,No,2023,10
2023-10-24 07:31:21.456788064,P007,M,S02,Autumn,Young Adult,South,67,No,2023,10
2023-10-24 09:42:46.113842820,P016,L,S09,Winter,Senior,East,61,No,2023,10
2023-10-24 11:54:10.770897572,P016,S,S06,Winter,Senior,North,40,No,2023,10
2023-10-24 14:05:35.427952328,P028,L,S11,Winter,Adult,West,66,No,2023,10
2023-10-24 16:17:00.085007084,P001,M,S08,Spring,Adult,East,70,No,2023,10
2023-10-24 18:28:24.742061836,P004,M,S11,Winter,Teen,West,69,Yes,2023,10
2023-10-24 20:39:49.399116592,P004,XL,S10,Spring,Young Adult,West,47,No,2023,10
2023-10-24 22:51:14.056171348,P007,S,S09,Winter,Senior,East,47,No,2023,10
2023-10-25 01:02:38.713226100,P008,M,S01,Winter,Young Adult,South,73,Yes,2023,10
2023-10-25 03:14:03.370280856,P017,S,S01,Autumn,Adult,South,49,No,2023,10
2023-10-25 05:25:28.027335612,P005,M,S11,Summer,Adult,West,69,No,2023,10
2023-10-25 07:36:52.684390364,P007,L,S05,Autumn,Adult,North,64,No,2023,10
2023-10-25 09:48:17.341445120,P028,M,S09,Winter,Senior,East,67,No,2023,10
2023-10-25 11:59:41.998499872,P020,S,S07,Summer,Young Adult,East,44,No,2023,10
2023-10-25 14:11:06.655554628,P029,M,S07,Summer,Senior,East,65,Yes,2023,10
2023-10-25 16:22:31.312609384,P020,L,S02,Spring,Young Adult,South,64,No,2023,10
2023-10-25 18:33:55.969664136,P004,L,S03,Summer,Teen,South,66,No,2023,10
2023-10-25 20:45:20.626718892,P028,L,S04,Spring,Adult,North,58,No,2023,10
2023-10-25 22:56:45.283773648,P006,L,S02,Autumn,Adult,South,52,No,2023,10
2023-10-26 01:08:09.940828400,P007,M,S10,Spring,Adult,West,70,No,2023,10
2023-10-26 03:19:34.597883156,P018,M,S09,Winter,Adult,East,60,No,2023,10
2023-10-26 05:30:59.254937912,P005,M,S05,Summer,Senior,North,65,No,2023,10
2023-10-26 07:42:23.911992664,P020,M,S07,Winter,Adult,East,59,Yes,2023,10
2023-10-26 09:53:48.569047420,P030,M,S11,Summer,Young Adult,West,76,No,2023,10
2023-10-26 12:05:13.226102172,P029,L,S09,Summer,Young Adult,East,64,No,2023,10
2023-10-26 14:16:37.883156928,P003,L,S05,Autumn,Adult,North,62,No,2023,10
2023-10-26 16:28:02.540211684,P007,XL,S06,Spring,Adult,North,56,No,2023,10
2023-10-26 18:39:27.197266436,P027,M,S04,Autumn,Senior,North,62,No,2023,10
2023-10-26 20:50:51.854321192,P028,L,S08,Spring,Senior,East,56,No,2023,10
2023-10-26 23:02:16.511375948,P022,XL,S01,Autumn,Young Adult,South,51,No,2023,10
2023-10-27 01:13:41.168430700,P014,L,S01,Autumn,Young Adult,South,56,No,2023,10
2023-10-27 03:25:05.825485456,P007,M,S05,Summer,Teen,North,62,No,2023,10
2023-10-27 05:36:30.482540212,P005,M,S10,Autumn,Young Adult,West,61,No,2023,10
2023-10-27 07:47:55.139594964,P029,S,S09,Autumn,Teen,East,36,No,2023,10
2023-10-27 09:59:19.796649720,P022,M,S02,Spring,Adult,South,63,No,2023,10
2023-10-27 12:10:44.453704476,P005,L,S11,Autumn,Adult,West,55,No,2023,10
2023-10-27 14:22:09.110759228,P030,S,S03,Summer,Adult,South,48,No,2023,10
2023-10-27 16:33:33.767813984,P023,M,S08,Autumn,Young Adult,East,55,No,2023,10
2023-10-27 18:44:58.424868736,P002,L,S05,Winter,Young Adult,North,75,Yes,2023,10
2023-10-27 20:56:23.081923492,P030,L,S03,Winter,Adult,South,68,No,2023,10
2023-10-27 23:07:47.738978248,P027,M,S06,Spring,Senior,North,69,No,2023,10
2023-10-28 01:19:12.396033000,P021,L,S06,Spring,Adult,North,54,No,2023,10
2023-10-28 03:30:37.053087756,P022,M,S05,Winter,Teen,North,75,No,2023,10
2023-10-28 05:42:01.710142512,P006,M,S05,Autumn,Senior,North,57,Yes,2023,10
2023-10-28 07:53:26.367197264,P015,M,S06,Autumn,Senior,North,55,No,2023,10
2023-10-28 10:04:51.024252020,P021,L,S02,Spring,Young Adult,South,58,Yes,2023,10
2023-10-28 12:16:15.681306776,P010,XL,S06,Summer,Young Adult,North,52,No,2023,10
2023-10-28 14:27:40.338361528,P023,S,S02,Autumn,Teen,South,32,No,2023,10
2023-10-28 16:39:04.995416284,P026,L,S03,Winter,Adult,South,54,No,2023,10
2023-10-28 18:50:29.652471040,P024,M,S02,Summer,Adult,South,63,No,2023,10
2023-10-28 21:01:54.309525792,P007,L,S01,Summer,Young Adult,South,64,No,2023,10
2023-10-28 23:13:18.966580548,P005,S,S12,Autumn,Young Adult,West,39,No,2023,10
2023-10-29 01:24:43.623635300,P001,M,S01,Summer,Adult,South,74,Yes,2023,10
2023-10-29 03:36:08.280690056,P013,XL,S09,Spring,Senior,East,46,No,2023,10
2023-10-29 05:47:32.937744812,P021,L,S04,Summer,Teen,North,56,No,2023,10
2023-10-29 07:58:57.594799564,P026,M,S05,Spring,Teen,North,59,No,2023,10
2023-10-29 10:10:22.251854320,P018,M,S10,Autumn,Teen,West,66,No,2023,10
2023-10-29 12:21:46.908909076,P013,M,S07,Summer,Young Adult,East,61,No,2023,10
2023-10-29 14:33:11.565963828,P021,M,S02,Winter,Senior,South,62,No,2023,10
2023-10-29 16:44:36.223018584,P021,XL,S12,Winter,Teen,West,50,No,2023,10
2023-10-29 18:56:00.880073340,P018,XXL,S11,Spring,Senior,West,36,No,2023,10
2023-10-29 21:07:25.537128092,P005,M,S10,Spring,Young Adult,West,60,No,2023,10
2023-10-29 23:18:50.194182848,P013,M,S09,Autumn,Young Adult,East,59,No,2023,10
2023-10-30 01:30:14.851237600,P004,XL,S12,Summer,Adult,West,61,No,2023,10
2023-10-30 03:41:39.508292356,P017,M,S04,Spring,Senior,North,64,No,2023,10
2023-10-30 05:53:04.165347112,P003,L,S10,Spring,Senior,West,56,No,2023,10
2023-10-30 08:04:28.822401864,P017,M,S10,Autumn,Senior,West,62,No,2023,10
2023-10-30 10:15:53.479456620,P028,L,S01,Summer,Adult,South,65,No,2023,10
2023-10-30 12:27:18.136511376,P011,L,S08,Summer,Teen,East,64,No,2023,10
2023-10-30 14:38:42.793566128,P021,XL,S04,Spring,Teen,North,39,No,2023,10
2023-10-30 16:50:07.450620884,P020,L,S07,Summer,Young Adult,East,63,No,2023,10
2023-10-30 19:01:32.107675640,P023,M,S03,Summer,Adult,South,69,No,2023,10
2023-10-30 21:12:56.764730392,P021,L,S11,Summer,Senior,West,56,No,2023,10
2023-10-30 23:24:21.421785148,P026,XL,S12,Winter,Adult,West,50,No,2023,10
2023-10-31 01:35:46.078839904,P030,M,S09,Summer,Young Adult,East,68,Yes,2023,10
2023-10-31 03:47:10.735894656,P004,M,S05,Winter,Teen,North,63,No,2023,10
2023-10-31 05:58:35.392949412,P002,S,S05,Summer,Teen,North,43,No,2023,10
2023-10-31 08:10:00.050004164,P020,M,S03,Summer,Young Adult,South,74,No,2023,10
2023-10-31 10:21:24.707058920,P016,M,S11,Summer,Adult,West,74,No,2023,10
2023-10-31 12:32:49.364113676,P028,L,S09,Spring,Young Adult,East,58,No,2023,10
2023-10-31 14:44:14.021168428,P018,M,S03,Spring,Senior,South,59,No,2023,10
2023-10-31 16:55:38.678223184,P008,XL,S02,Winter,Senior,South,55,No,2023,10
2023-10-31 19:07:03.335277940,P003,M,S11,Summer,Young Adult,West,73,Yes,2023,10
2023-10-31 21:18:27.992332692,P009,M,S09,Winter,Senior,East,57,No,2023,10
2023-10-31 23:29:52.649387448,P029,M,S12,Summer,Senior,West,67,No,2023,10
2023-11-01 01:41:17.306442204,P020,M,S12,Autumn,Teen,West,53,No,2023,11
2023-11-01 03:52:41.963496956,P029,M,S09,Winter,Adult,East,65,No,2023,11
2023-11-01 06:04:06.620551712,P006,M,S10,Spring,Teen,West,66,No,2023,11
2023-11-01 08:15:31.277606464,P010,M,S12,Autumn,Teen,West,68,No,2023,11
2023-11-01 10:26:55.934661220,P021,L,S04,Spring,Adult,North,50,No,2023,11
2023-11-01 12:38:20.591715976,P010,L,S04,Autumn,Teen,North,51,No,2023,11
2023-11-01 14:49:45.248770728,P013,M,S11,Autumn,Senior,West,65,No,2023,11
2023-11-01 17:01:09.905825484,P017,L,S10,Autumn,Young Adult,West,66,No,2023,11
2023-11-01 19:12:34.562880240,P009,L,S06,Winter,Young Adult,North,67,No,2023,11
2023-11-01 21:23:59.219934992,P017,S,S09,Winter,Adult,East,58,No,2023,11
2023-11-01 23:35:23.876989748,P024,XXL,S08,Spring,Young Adult,East,43,No,2023,11
2023-11-02 01:46:48.534044504,P009,XL,S10,Winter,Young Adult,West,54,No,2023,11
2023-11-02 03:58:13.191099256,P009,M,S03,Spring,Young Adult,South,67,No,2023,11
2023-11-02 06:09:37.848154012,P001,M,S06,Summer,Young Adult,North,72,No,2023,11
2023-11-02 08:21:02.505208768,P002,S,S07,Spring,Teen,East,49,No,2023,11
2023-11-02 10:32:27.162263520,P028,S,S06,Spring,Senior,North,40,No,2023,11
2023-11-02 12:43:51.819318276,P016,L,S03,Winter,Senior,South,65,No,2023,11
2023-11-02 14:55:16.476373028,P029,M,S09,Spring,Young Adult,East,65,No,2023,11
2023-11-02 17:06:41.133427784,P001,L,S04,Winter,Adult,North,71,No,2023,11
2023-11-02 19:18:05.790482540,P010,L,S02,Spring,Teen,South,58,No,2023,11
2023-11-02 21:29:30.447537292,P018,L,S09,Summer,Young Adult,East,65,No,2023,11
2023-11-02 23:40:55.104592048,P026,L,S03,Winter,Young Adult,South,58,No,2023,11
2023-11-03 01:52:19.761646804,P028,S,S06,Winter,Adult,North,45,No,2023,11
2023-11-03 04:03:44.418701556,P008,M,S05,Summer,Teen,North,67,No,2023,11
2023-11-03 06:15:09.075756312,P021,L,S02,Winter,Young Adult,South,65,No,2023,11
2023-11-03 08:26:33.732811068,P028,S,S01,Spring,Adult,South,48,No,2023,11
2023-11-03 10:37:58.389865820,P011,S,S09,Autumn,Teen,East,44,No,2023,11
2023-11-03 12:49:23.046920576,P023,XL,S03,Winter,Teen,South,43,No,2023,11
2023-11-03 15:00:47.703975328,P002,L,S07,Autumn,Young Adult,East,58,No,2023,11
2023-11-03 17:12:12.361030084,P008,M,S09,Spring,Adult,East,60,No,2023,11
2023-11-03 19:23:37.018084840,P027,L,S09,Summer,Adult,East,57,No,2023,11
2023-11-03 21:35:01.675139592,P022,L,S12,Winter,Young Adult,West,74,No,2023,11
2023-11-03 23:46:26.332194348,P008,M,S10,Autumn,Young Adult,West,60,No,2023,11
2023-11-04 01:57:50.989249104,P017,S,S06,Summer,Young Adult,North,53,No,2023,11
2023-11-04 04:09:15.646303856,P015,XL,S08,Summer,Adult,East,54,No,2023,11
2023-11-04 06:20:40.303358612,P017,M,S09,Winter,Teen,East,75,No,2023,11
2023-11-04 08:32:04.960413368,P028,S,S03,Autumn,Young Adult,South,44,No,2023,11
2023-11-04 10:43:29.617468120,P023,M,S06,Winter,Senior,North,60,No,2023,11
2023-11-04 12:54:54.274522876,P024,L,S05,Spring,Senior,North,51,No,2023,11
2023-11-04 15:06:18.931577632,P013,M,S07,Summer,Young Adult,East,59,No,2023,11
2023-11-04 17:17:43.588632384,P019,M,S07,Autumn,Senior,East,52,No,2023,11
2023-11-04 19:29:08.245687140,P005,M,S09,Winter,Teen,East,62,No,2023,11
2023-11-04 21:40:32.902741892,P012,XXL,S01,Summer,Teen,South,46,No,2023,11
2023-11-04 23:51:57.559796648,P001,M,S06,Winter,Senior,North,63,No,2023,11
2023-11-05 02:03:22.216851404,P023,L,S05,Autumn,Adult,North,51,No,2023,11
2023-11-05 04:14:46.873906156,P005,XL,S04,Spring,Young Adult,North,51,No,2023,11
2023-11-05 06:26:11.530960912,P008,S,S10,Spring,Adult,West,45,No,2023,11
2023-11-05 08:37:36.188015668,P013,XXL,S12,Spring,Teen,West,29,Yes,2023,11
2023-11-05 10:49:00.845070420,P008,XL,S11,Winter,Senior,West,42,Yes,2023,11
2023-11-05 13:00:25.502125176,P025,XL,S01,Summer,Young Adult,South,48,No,2023,11
2023-11-05 15:11:50.159179932,P023,M,S04,Spring,Senior,North,52,No,2023,11
2023-11-05 17:23:14.816234684,P011,L,S10,Spring,Senior,West,59,No,2023,11
2023-11-05 19:34:39.473289440,P001,L,S11,Spring,Adult,West,66,No,2023,11
2023-11-05 21:46:04.130344196,P013,XXL,S07,Spring,Adult,East,38,No,2023,11
2023-11-05 23:57:28.787398948,P019,M,S04,Autumn,Senior,North,56,Yes,2023,11
2023-11-06 02:08:53.444453704,P024,L,S01,Autumn,Teen,South,56,No,2023,11
2023-11-06 04:20:18.101508456,P003,M,S10,Summer,Young Adult,West,73,No,2023,11
2023-11-06 06:31:42.758563212,P024,M,S01,Autumn,Senior,South,66,No,2023,11
2023-11-06 08:43:07.415617968,P017,M,S01,Autumn,Senior,South,68,No,2023,11
2023-11-06 10:54:32.072672720,P005,L,S11,Autumn,Senior,West,44,No,2023,11
2023-11-06 13:05:56.729727476,P020,M,S10,Winter,Senior,West,61,Yes,2023,11
2023-11-06 15:17:21.386782232,P021,L,S05,Autumn,Adult,North,51,No,2023,11
2023-11-06 17:28:46.043836984,P008,XXL,S07,Winter,Adult,East,39,Yes,2023,11
2023-11-06 19:40:10.700891740,P026,M,S09,Winter,Teen,East,53,No,2023,11
2023-11-06 21:51:35.357946496,P014,L,S08,Autumn,Young Adult,East,56,No,2023,11
2023-11-07 00:03:00.015001248,P004,M,S02,Winter,Senior,South,68,No,2023,11
2023-11-07 02:14:24.672056004,P011,M,S09,Spring,Teen,East,59,No,2023,11
2023-11-07 04:25:49.329110756,P020,L,S04,Summer,Adult,North,60,No,2023,11
2023-11-07 06:37:13.986165512,P015,XL,S12,Autumn,Young Adult,West,49,No,2023,11
2023-11-07 08:48:38.643220268,P019,L,S10,Autumn,Teen,West,48,No,2023,11
2023-11-07 11:00:03.300275020,P007,L,S11,Summer,Young Adult,West,68,No,2023,11
2023-11-07 13:11:27.957329776,P019,S,S05,Autumn,Young Adult,North,44,No,2023,11
2023-11-07 15:22:52.614384532,P028,M,S12,Autumn,Young Adult,West,61,No,2023,11
2023-11-07 17:34:17.271439284,P019,L,S11,Summer,Adult,West,63,No,2023,11
2023-11-07 19:45:41.928494040,P011,S,S05,Winter,Senior,North,46,No,2023,11
2023-11-07 21:57:06.585548796,P026,M,S04,Spring,Young Adult,North,61,No,2023,11
2023-11-08 00:08:31.242603548,P005,L,S06,Winter,Teen,North,56,No,2023,11
2023-11-08 02:19:55.899658304,P005,S,S01,Spring,Young Adult,South,41,No,2023,11
2023-11-08 04:31:20.556713060,P030,M,S02,Summer,Young Adult,South,75,No,2023,11
2023-11-08 06:42:45.213767812,P022,L,S04,Winter,Adult,North,66,No,2023,11
2023-11-08 08:54:09.870822568,P008,L,S04,Winter,Teen,North,62,Yes,2023,11
2023-11-08 11:05:34.527877320,P010,XL,S08,Spring,Young Adult,East,48,No,2023,11
2023-11-08 13:16:59.184932076,P006,L,S09,Spring,Adult,East,55,No,2023,11
2023-11-08 15:28:23.841986832,P015,M,S12,Spring,Adult,West,58,No,2023,11
2023-11-08 17:39:48.499041584,P016,XL,S04,Spring,Senior,North,42,No,2023,11
2023-11-08 19:51:13.156096340,P028,L,S06,Autumn,Senior,North,52,No,2023,11
2023-11-08 22:02:37.813151096,P017,M,S04,Summer,Senior,North,61,No,2023,11
2023-11-09 00:14:02.470205848,P008,S,S04,Spring,Young Adult,North,50,No,2023,11
2023-11-09 02:25:27.127260604,P008,L,S12,Winter,Young Adult,West,64,No,2023,11
2023-11-09 04:36:51.784315360,P025,L,S11,Winter,Young Adult,West,59,No,2023,11
2023-11-09 06:48:16.441370112,P009,L,S12,Winter,Adult,West,61,No,2023,11
2023-11-09 08:59:41.098424868,P002,L,S09,Spring,Young Adult,East,61,No,2023,11
2023-11-09 11:11:05.755479624,P015,L,S04,Summer,Adult,North,64,No,2023,11
2023-11-09 13:22:30.412534376,P018,XXL,S06,Autumn,Teen,North,24,No,2023,11
2023-11-09 15:33:55.069589132,P003,L,S09,Spring,Young Adult,East,55,No,2023,11
2023-11-09 17:45:19.726643884,P017,S,S03,Spring,Teen,South,50,No,2023,11
2023-11-09 19:56:44.383698640,P004,XL,S07,Autumn,Senior,East,42,No,2023,11
2023-11-09 22:08:09.040753396,P030,M,S07,Summer,Teen,East,69,No,2023,11
2023-11-10 00:19:33.697808148,P004,L,S01,Spring,Teen,South,65,No,2023,11
2023-11-10 02:30:58.354862904,P014,XXL,S11,Winter,Adult,West,43,No,2023,11
2023-11-10 04:42:23.011917660,P009,L,S02,Winter,Adult,South,67,No,2023,11
2023-11-10 06:53:47.668972412,P009,L,S05,Spring,Adult,North,57,No,2023,11
2023-11-10 09:05:12.326027168,P025,M,S08,Summer,Adult,East,60,No,2023,11
2023-11-10 11:16:36.983081924,P026,M,S06,Winter,Senior,North,56,No,2023,11
2023-11-10 13:28:01.640136676,P023,M,S07,Winter,Teen,East,65,No,2023,11
2023-11-10 15:39:26.297191432,P030,L,S03,Autumn,Senior,South,63,No,2023,11
2023-11-10 17:50:50.954246184,P018,L,S06,Summer,Senior,North,49,No,2023,11
2023-11-10 20:02:15.611300940,P010,L,S09,Spring,Adult,East,58,No,2023,11
2023-11-10 22:13:40.268355696,P021,M,S03,Autumn,Teen,South,57,No,2023,11
2023-11-11 00:25:04.925410448,P004,M,S06,Autumn,Teen,North,57,No,2023,11
2023-11-11 02:36:29.582465204,P012,L,S07,Autumn,Senior,East,50,No,2023,11
2023-11-11 04:47:54.239519960,P027,M,S05,Summer,Adult,North,74,No,2023,11
2023-11-11 06:59:18.896574712,P008,L,S10,Summer,Senior,West,63,No,2023,11
2023-11-11 09:10:43.553629468,P002,L,S08,Summer,Teen,East,67,No,2023,11
2023-11-11 11:22:08.210684224,P022,L,S08,Spring,Adult,East,54,No,2023,11
2023-11-11 13:33:32.867738976,P013,M,S06,Summer,Senior,North,57,No,2023,11
2023-11-11 15:44:57.524793732,P021,XL,S07,Autumn,Teen,East,35,No,2023,11
2023-11-11 17:56:22.181848488,P016,M,S03,Winter,Young Adult,South,72,No,2023,11
2023-11-11 20:07:46.838903240,P028,XXL,S07,Spring,Adult,East,32,No,2023,11
2023-11-11 22:19:11.495957996,P002,S,S07,Spring,Teen,East,36,No,2023,11
2023-11-12 00:30:36.153012748,P011,S,S04,Spring,Adult,North,48,No,2023,11
2023-11-12 02:42:00.810067504,P010,XL,S10,Autumn,Teen,West,50,No,2023,11
2023-11-12 04:53:25.467122260,P015,M,S04,Summer,Adult,North,59,No,2023,11
2023-11-12 07:04:50.124177012,P017,L,S03,Autumn,Young Adult,South,62,No,2023,11
2023-11-12 09:16:14.781231768,P008,XL,S10,Winter,Senior,West,48,No,2023,11
2023-11-12 11:27:39.438286524,P018,XL,S07,Summer,Senior,East,52,No,2023,11
2023-11-12 13:39:04.095341276,P023,XXL,S05,Winter,Senior,North,29,Yes,2023,11
2023-11-12 15:50:28.752396032,P009,M,S03,Spring,Young Adult,South,67,No,2023,11
2023-11-12 18:01:53.409450788,P025,L,S06,Spring,Adult,North,62,No,2023,11
2023-11-12 20:13:18.066505540,P008,S,S12,Autumn,Adult,West,47,No,2023,11
2023-11-12 22:24:42.723560296,P027,M,S06,Summer,Teen,North,74,No,2023,11
2023-11-13 00:36:07.380615048,P014,XL,S06,Spring,Teen,North,39,No,2023,11
2023-11-13 02:47:32.037669804,P028,M,S02,Autumn,Adult,South,65,No,2023,11
2023-11-13 04:58:56.694724560,P026,L,S11,Winter,Young Adult,West,59,No,2023,11
2023-11-13 07:10:21.351779312,P025,L,S10,Autumn,Young Adult,West,53,No,2023,11
2023-11-13 09:21:46.008834068,P018,L,S12,Summer,Senior,West,57,No,2023,11
2023-11-13 11:33:10.665888824,P022,XXL,S07,Summer,Senior,East,43,No,2023,11
2023-11-13 13:44:35.322943576,P020,S,S07,Summer,Senior,East,32,No,2023,11
2023-11-13 15:55:59.979998332,P030,L,S10,Spring,Adult,West,64,No,2023,11
2023-11-13 18:07:24.637053088,P020,XL,S12,Autumn,Teen,West,40,No,2023,11
2023-11-13 20:18:49.294107840,P021,M,S04,Winter,Adult,North,70,No,2023,11
2023-11-13 22:30:13.951162596,P012,S,S11,Summer,Adult,West,44,No,2023,11
2023-11-14 00:41:38.608217352,P019,L,S06,Autumn,Young Adult,North,54,No,2023,11
2023-11-14 02:53:03.265272104,P014,M,S04,Spring,Young Adult,North,68,No,2023,11
2023-11-14 05:04:27.922326860,P017,M,S04,Winter,Teen,North,68,No,2023,11
2023-11-14 07:15:52.579381612,P024,XL,S06,Winter,Teen,North,42,No,2023,11
2023-11-14 09:27:17.236436368,P021,L,S09,Winter,Adult,East,55,No,2023,11
2023-11-14 11:38:41.893491124,P003,XL,S12,Spring,Adult,West,43,No,2023,11
2023-11-14 13:50:06.550545876,P026,XL,S07,Summer,Adult,East,41,No,2023,11
2023-11-14 16:01:31.207600632,P030,L,S02,Spring,Adult,South,66,No,2023,11
2023-11-14 18:12:55.864655388,P023,S,S06,Winter,Young Adult,North,42,No,2023,11
2023-11-14 20:24:20.521710140,P007,M,S05,Autumn,Senior,North,63,No,2023,11
2023-11-14 22:35:45.178764896,P017,M,S06,Winter,Senior,North,69,No,2023,11
2023-11-15 00:47:09.835819652,P012,XL,S08,Autumn,Senior,East,41,Yes,2023,11
2023-11-15 02:58:34.492874404,P009,M,S08,Spring,Teen,East,57,Yes,2023,11
2023-11-15 05:09:59.149929160,P015,M,S03,Spring,Teen,South,63,No,2023,11
2023-11-15 07:21:23.806983912,P018,L,S09,Spring,Teen,East,56,No,2023,11
2023-11-15 09:32:48.464038668,P021,M,S06,Autumn,Teen,North,51,No,2023,11
2023-11-15 11:44:13.121093424,P013,M,S07,Spring,Young Adult,East,68,No,2023,11
2023-11-15 13:55:37.778148176,P030,L,S09,Summer,Adult,East,55,No,2023,11
2023-11-15 16:07:02.435202932,P021,S,S07,Winter,Teen,East,44,No,2023,11
2023-11-15 18:18:27.092257688,P030,S,S10,Summer,Senior,West,38,No,2023,11
2023-11-15 20:29:51.749312440,P008,M,S09,Autumn,Teen,East,57,No,2023,11
2023-11-15 22:41:16.406367196,P014,L,S01,Spring,Senior,South,65,No,2023,11
2023-11-16 00:52:41.063421952,P008,L,S01,Winter,Adult,South,63,Yes,2023,11
2023-11-16 03:04:05.720476704,P014,M,S03,Spring,Young Adult,South,63,Yes,2023,11
2023-11-16 05:15:30.377531460,P007,L,S09,Spring,Young Adult,East,56,No,2023,11
2023-11-16 07:26:55.034586216,P023,M,S01,Winter,Teen,South,70,No,2023,11
2023-11-16 09:38:19.691640968,P012,XL,S01,Winter,Teen,South,46,No,2023,11
2023-11-16 11:49:44.348695724,P011,S,S05,Summer,Senior,North,36,No,2023,11
2023-11-16 14:01:09.005750476,P022,L,S08,Summer,Teen,East,65,No,2023,11
2023-11-16 16:12:33.662805232,P022,XL,S02,Summer,Young Adult,South,59,No,2023,11
2023-11-16 18:23:58.319859988,P011,XL,S04,Summer,Teen,North,45,No,2023,11
2023-11-16 20:35:22.976914740,P025,M,S06,Summer,Senior,North,69,No,2023,11
2023-11-16 22:46:47.633969496,P022,M,S01,Autumn,Adult,South,63,No,2023,11
2023-11-17 00:58:12.291024252,P028,L,S04,Autumn,Young Adult,North,52,No,2023,11
2023-11-17 03:09:36.948079004,P029,S,S04,Spring,Young Adult,North,53,No,2023,11
2023-11-17 05:21:01.605133760,P013,XL,S09,Spring,Adult,East,51,Yes,2023,11
2023-11-17 07:32:26.262188516,P018,L,S09,Summer,Adult,East,59,No,2023,11
2023-11-17 09:43:50.919243268,P002,L,S06,Spring,Young Adult,North,63,No,2023,11
2023-11-17 11:55:15.576298024,P029,S,S08,Autumn,Senior,East,48,No,2023,11
2023-11-17 14:06:40.233352780,P021,L,S12,Autumn,Senior,West,57,No,2023,11
2023-11-17 16:18:04.890407532,P015,L,S10,Spring,Teen,West,60,No,2023,11
2023-11-17 18:29:29.547462288,P020,XL,S04,Summer,Senior,North,41,No,2023,11
2023-11-17 20:40:54.204517040,P027,S,S10,Autumn,Young Adult,West,44,Yes,2023,11
2023-11-17 22:52:18.861571796,P018,S,S08,Winter,Teen,East,47,No,2023,11
2023-11-18 01:03:43.518626552,P015,M,S03,Winter,Senior,South,72,No,2023,11
2023-11-18 03:15:08.175681304,P019,S,S02,Spring,Adult,South,37,No,2023,11
2023-11-18 05:26:32.832736060,P023,L,S06,Summer,Senior,North,50,No,2023,11
2023-11-18 07:37:57.489790816,P024,XL,S05,Spring,Teen,North,37,No,2023,11
2023-11-18 09:49:22.146845568,P012,M,S08,Summer,Adult,East,70,No,2023,11
2023-11-18 12:00:46.803900324,P013,XL,S01,Summer,Teen,South,47,No,2023,11
2023-11-18 14:12:11.460955080,P022,S,S11,Winter,Teen,West,57,No,2023,11
2023-11-18 16:23:36.118009832,P011,M,S12,Autumn,Adult,West,67,Yes,2023,11
2023-11-18 18:35:00.775064588,P005,S,S10,Autumn,Teen,West,31,No,2023,11
2023-11-18 20:46:25.432119340,P029,M,S03,Spring,Young Adult,South,79,No,2023,11
2023-11-18 22:57:50.089174096,P001,XL,S07,Spring,Teen,East,47,No,2023,11
2023-11-19 01:09:14.746228852,P024,S,S10,Summer,Young Adult,West,54,No,2023,11
2023-11-19 03:20:39.403283604,P003,L,S12,Autumn,Adult,West,59,No,2023,11
2023-11-19 05:32:04.060338360,P022,M,S04,Summer,Teen,North,60,No,2023,11
2023-11-19 07:43:28.717393116,P019,XL,S10,Winter,Senior,West,42,No,2023,11
2023-11-19 09:54:53.374447868,P023,S,S05,Winter,Teen,North,39,No,2023,11
2023-11-19 12:06:18.031502624,P029,M,S08,Summer,Young Adult,East,67,No,2023,11
2023-11-19 14:17:42.688557380,P030,S,S01,Summer,Young Adult,South,50,No,2023,11
2023-11-19 16:29:07.345612132,P007,M,S01,Summer,Senior,South,73,No,2023,11
2023-11-19 18:40:32.002666888,P012,M,S12,Summer,Adult,West,69,No,2023,11
2023-11-19 20:51:56.659721644,P015,XL,S07,Summer,Young Adult,East,52,No,2023,11
2023-11-19 23:03:21.316776396,P025,L,S12,Winter,Young Adult,West,68,No,2023,11
2023-11-20 01:14:45.973831152,P005,L,S09,Winter,Young Adult,East,54,No,2023,11
2023-11-20 03:26:10.630885904,P015,L,S04,Winter,Teen,North,54,No,2023,11
2023-11-20 05:37:35.287940660,P008,S,S08,Spring,Teen,East,34,Yes,2023,11
2023-11-20 07:48:59.944995416,P010,M,S10,Winter,Teen,West,74,No,2023,11
2023-11-20 10:00:24.602050168,P026,XXL,S07,Autumn,Teen,East,27,No,2023,11
2023-11-20 12:11:49.259104924,P016,XL,S02,Autumn,Teen,South,46,No,2023,11
2023-11-20 14:23:13.916159680,P008,XL,S05,Summer,Senior,North,49,No,2023,11
2023-11-20 16:34:38.573214432,P001,XL,S09,Winter,Young Adult,East,59,No,2023,11
2023-11-20 18:46:03.230269188,P012,S,S09,Summer,Senior,East,42,No,2023,11
2023-11-20 20:57:27.887323944,P005,M,S03,Summer,Young Adult,South,62,No,2023,11
2023-11-20 23:08:52.544378696,P003,S,S11,Autumn,Teen,West,34,No,2023,11
2023-11-21 01:20:17.201433452,P001,M,S12,Autumn,Teen,West,73,No,2023,11
2023-11-21 03:31:41.858488208,P004,S,S03,Summer,Adult,South,47,Yes,2023,11
2023-11-21 05:43:06.515542960,P008,M,S02,Autumn,Adult,South,61,No,2023,11
2023-11-21 07:54:31.172597716,P003,L,S07,Summer,Senior,East,57,No,2023,11
2023-11-21 10:05:55.829652468,P010,XL,S06,Summer,Young Adult,North,61,No,2023,11
2023-11-21 12:17:20.486707224,P002,L,S05,Summer,Senior,North,62,No,2023,11
2023-11-21 14:28:45.143761980,P011,XL,S07,Spring,Adult,East,43,Yes,2023,11
2023-11-21 16:40:09.800816732,P025,S,S04,Autumn,Young Adult,North,47,No,2023,11
2023-11-21 18:51:34.457871488,P010,S,S05,Autumn,Senior,North,36,No,2023,11
2023-11-21 21:02:59.114926244,P021,L,S09,Winter,Adult,East,59,No,2023,11
2023-11-21 23:14:23.771980996,P014,M,S11,Autumn,Teen,West,65,No,2023,11
2023-11-22 01:25:48.429035752,P007,M,S09,Winter,Senior,East,72,No,2023,11
2023-11-22 03:37:13.086090508,P027,M,S04,Summer,Teen,North,68,No,2023,11
2023-11-22 05:48:37.743145260,P027,M,S06,Spring,Senior,North,61,No,2023,11
2023-11-22 08:00:02.400200016,P002,L,S02,Summer,Young Adult,South,62,No,2023,11
2023-11-22 10:11:27.057254768,P009,M,S03,Summer,Young Adult,South,67,No,2023,11
2023-11-22 12:22:51.714309524,P016,L,S09,Summer,Young Adult,East,65,No,2023,11
2023-11-22 14:34:16.371364280,P013,L,S06,Winter,Young Adult,North,66,No,2023,11
2023-11-22 16:45:41.028419032,P009,M,S08,Spring,Adult,East,68,No,2023,11
2023-11-22 18:57:05.685473788,P020,M,S11,Summer,Teen,West,55,No,2023,11
2023-11-22 21:08:30.342528544,P004,M,S05,Winter,Adult,North,75,No,2023,11
2023-11-22 23:19:54.999583296,P022,M,S02,Summer,Senior,South,69,No,2023,11
2023-11-23 01:31:19.656638052,P010,L,S07,Spring,Senior,East,53,No,2023,11
2023-11-23 03:42:44.313692808,P026,L,S06,Summer,Teen,North,47,No,2023,11
2023-11-23 05:54:08.970747560,P026,L,S11,Summer,Teen,West,51,No,2023,11
2023-11-23 08:05:33.627802316,P022,M,S02,Autumn,Adult,South,75,No,2023,11
2023-11-23 10:16:58.284857072,P012,L,S06,Winter,Young Adult,North,59,No,2023,11
2023-11-23 12:28:22.941911824,P017,L,S08,Spring,Adult,East,59,No,2023,11
2023-11-23 14:39:47.598966580,P014,M,S01,Winter,Adult,South,71,No,2023,11
2023-11-23 16:51:12.256021332,P014,L,S04,Autumn,Senior,North,61,No,2023,11
2023-11-23 19:02:36.913076088,P025,M,S01,Summer,Adult,South,72,No,2023,11
2023-11-23 21:14:01.570130844,P002,L,S02,Spring,Teen,South,60,No,2023,11
2023-11-23 23:25:26.227185596,P021,L,S01,Spring,Young Adult,South,59,No,2023,11
2023-11-24 01:36:50.884240352,P025,S,S06,Winter,Senior,North,47,No,2023,11
2023-11-24 03:48:15.541295108,P020,L,S11,Summer,Teen,West,57,No,2023,11
2023-11-24 05:59:40.198349860,P011,S,S06,Autumn,Senior,North,35,No,2023,11
2023-11-24 08:11:04.855404616,P016,S,S01,Summer,Adult,South,51,No,2023,11
2023-11-24 10:22:29.512459372,P019,XXL,S04,Winter,Adult,North,38,No,2023,11
2023-11-24 12:33:54.169514124,P023,XXL,S04,Spring,Teen,North,32,No,2023,11
2023-11-24 14:45:18.826568880,P006,S,S08,Spring,Teen,East,32,No,2023,11
2023-11-24 16:56:43.483623632,P024,M,S06,Summer,Senior,North,69,No,2023,11
2023-11-24 19:08:08.140678388,P019,M,S02,Summer,Young Adult,South,68,No,2023,11
2023-11-24 21:19:32.797733144,P005,M,S05,Summer,Senior,North,57,No,2023,11
2023-11-24 23:30:57.454787896,P026,XL,S04,Summer,Adult,North,53,No,2023,11
2023-11-25 01:42:22.111842652,P004,XXL,S10,Autumn,Teen,West,38,No,2023,11
2023-11-25 03:53:46.768897408,P015,L,S04,Autumn,Teen,North,47,No,2023,11
2023-11-25 06:05:11.425952160,P029,M,S12,Autumn,Senior,West,63,No,2023,11
2023-11-25 08:16:36.083006916,P004,L,S08,Autumn,Teen,East,58,No,2023,11
2023-11-25 10:28:00.740061672,P020,M,S05,Winter,Teen,North,65,No,2023,11
2023-11-25 12:39:25.397116424,P010,XL,S03,Spring,Adult,South,58,No,2023,11
2023-11-25 14:50:50.054171180,P024,XL,S10,Spring,Young Adult,West,54,No,2023,11
2023-11-25 17:02:14.711225936,P022,L,S12,Winter,Teen,West,66,No,2023,11
2023-11-25 19:13:39.368280688,P003,M,S04,Winter,Teen,North,66,No,2023,11
2023-11-25 21:25:04.025335444,P026,M,S01,Autumn,Senior,South,54,No,2023,11
2023-11-25 23:36:28.682390196,P005,S,S06,Summer,Young Adult,North,41,No,2023,11
2023-11-26 01:47:53.339444952,P006,XL,S11,Spring,Adult,West,56,No,2023,11
2023-11-26 03:59:17.996499708,P021,M,S10,Winter,Teen,West,60,No,2023,11
2023-11-26 06:10:42.653554460,P022,M,S04,Summer,Young Adult,North,69,No,2023,11
2023-11-26 08:22:07.310609216,P008,M,S06,Autumn,Young Adult,North,61,No,2023,11
2023-11-26 10:33:31.967663972,P007,XL,S02,Winter,Senior,South,52,No,2023,11
2023-11-26 12:44:56.624718724,P021,S,S05,Spring,Adult,North,40,No,2023,11
2023-11-26 14:56:21.281773480,P010,XL,S11,Spring,Young Adult,West,62,No,2023,11
2023-11-26 17:07:45.938828236,P006,XL,S09,Spring,Adult,East,50,No,2023,11
2023-11-26 19:19:10.595882988,P014,XL,S08,Winter,Young Adult,East,58,No,2023,11
2023-11-26 21:30:35.252937744,P004,M,S03,Spring,Teen,South,67,Yes,2023,11
2023-11-26 23:41:59.909992496,P028,M,S01,Autumn,Adult,South,71,No,2023,11
2023-11-27 01:53:24.567047252,P025,M,S10,Spring,Senior,West,60,No,2023,11
2023-11-27 04:04:49.224102008,P013,M,S03,Autumn,Young Adult,South,68,No,2023,11
2023-11-27 06:16:13.881156760,P020,M,S08,Spring,Teen,East,51,No,2023,11
2023-11-27 08:27:38.538211516,P017,L,S11,Autumn,Young Adult,West,61,No,2023,11
2023-11-27 10:39:03.195266272,P023,M,S03,Winter,Teen,South,60,No,2023,11
2023-11-27 12:50:27.852321024,P007,XL,S05,Autumn,Adult,North,49,No,2023,11
2023-11-27 15:01:52.509375780,P004,S,S02,Winter,Senior,South,57,No,2023,11
2023-11-27 17:13:17.166430536,P029,L,S01,Summer,Teen,South,58,No,2023,11
2023-11-27 19:24:41.823485288,P014,L,S11,Autumn,Young Adult,West,65,No,2023,11
2023-11-27 21:36:06.480540044,P003,L,S10,Winter,Teen,West,57,No,2023,11
2023-11-27 23:47:31.137594800,P024,XL,S05,Summer,Teen,North,50,No,2023,11
2023-11-28 01:58:55.794649552,P005,L,S05,Spring,Senior,North,52,No,2023,11
2023-11-28 04:10:20.451704308,P016,XL,S06,Summer,Adult,North,47,No,2023,11
2023-11-28 06:21:45.108759060,P026,M,S02,Autumn,Teen,South,60,No,2023,11
2023-11-28 08:33:09.765813816,P023,L,S09,Summer,Teen,East,55,No,2023,11
2023-11-28 10:44:34.422868572,P020,S,S02,Spring,Young Adult,South,46,No,2023,11
2023-11-28 12:55:59.079923324,P004,S,S02,Summer,Young Adult,South,47,No,2023,11
2023-11-28 15:07:23.736978080,P024,M,S12,Autumn,Adult,West,71,No,2023,11
2023-11-28 17:18:48.394032836,P030,S,S05,Autumn,Adult,North,45,No,2023,11
2023-11-28 19:30:13.051087588,P024,M,S09,Winter,Adult,East,72,No,2023,11
2023-11-28 21:41:37.708142344,P002,M,S04,Spring,Young Adult,North,75,No,2023,11
2023-11-28 23:53:02.365197100,P030,S,S06,Spring,Teen,North,36,No,2023,11
2023-11-29 02:04:27.022251852,P018,XL,S02,Summer,Adult,South,51,No,2023,11
2023-11-29 04:15:51.679306608,P019,S,S04,Spring,Young Adult,North,46,No,2023,11
2023-11-29 06:27:16.336361364,P028,L,S12,Autumn,Young Adult,West,56,No,2023,11
2023-11-29 08:38:40.993416116,P028,M,S09,Summer,Adult,East,60,No,2023,11
2023-11-29 10:50:05.650470872,P019,XL,S02,Winter,Young Adult,South,53,No,2023,11
2023-11-29 13:01:30.307525624,P017,XL,S01,Summer,Teen,South,60,No,2023,11
2023-11-29 15:12:54.964580380,P014,L,S04,Summer,Senior,North,61,No,2023,11
2023-11-29 17:24:19.621635136,P019,L,S04,Winter,Young Adult,North,57,No,2023,11
2023-11-29 19:35:44.278689888,P022,S,S01,Summer,Young Adult,South,53,No,2023,11
2023-11-29 21:47:08.935744644,P024,XXL,S04,Spring,Senior,North,35,No,2023,11
2023-11-29 23:58:33.592799400,P013,XL,S03,Summer,Teen,South,42,No,2023,11
2023-11-30 02:09:58.249854152,P012,XL,S02,Summer,Adult,South,55,No,2023,11
2023-11-30 04:21:22.906908908,P030,L,S10,Summer,Young Adult,West,72,No,2023,11
2023-11-30 06:32:47.563963664,P026,M,S04,Autumn,Teen,North,60,No,2023,11
2023-11-30 08:44:12.221018416,P006,XL,S08,Autumn,Adult,East,47,No,2023,11
2023-11-30 10:55:36.878073172,P021,M,S07,Spring,Teen,East,49,No,2023,11
2023-11-30 13:07:01.535127924,P004,L,S09,Winter,Senior,East,56,No,2023,11
2023-11-30 15:18:26.192182680,P019,S,S08,Autumn,Young Adult,East,39,No,2023,11
2023-11-30 17:29:50.849237436,P016,XL,S01,Autumn,Teen,South,45,No,2023,11
2023-11-30 19:41:15.506292188,P013,S,S12,Spring,Adult,West,47,No,2023,11
2023-11-30 21:52:40.163346944,P004,M,S02,Spring,Adult,South,69,No,2023,11
2023-12-01 00:04:04.820401700,P030,L,S12,Winter,Adult,West,65,No,2023,12
2023-12-01 02:15:29.477456452,P023,L,S02,Summer,Senior,South,51,No,2023,12
2023-12-01 04:26:54.134511208,P017,L,S12,Summer,Teen,West,62,No,2023,12
2023-12-01 06:38:18.791565964,P023,M,S08,Winter,Teen,East,61,No,2023,12
2023-12-01 08:49:43.448620716,P001,S,S12,Winter,Adult,West,54,No,2023,12
2023-12-01 11:01:08.105675472,P018,L,S04,Winter,Adult,North,67,No,2023,12
2023-12-01 13:12:32.762730228,P020,XXL,S09,Spring,Adult,East,31,No,2023,12
2023-12-01 15:23:57.419784980,P017,XL,S02,Summer,Senior,South,54,No,2023,12
2023-12-01 17:35:22.076839736,P027,M,S04,Winter,Senior,North,62,No,2023,12
2023-12-01 19:46:46.733894488,P028,XL,S01,Winter,Young Adult,South,56,No,2023,12
2023-12-01 21:58:11.390949244,P027,M,S03,Summer,Young Adult,South,70,No,2023,12
2023-12-02 00:09:36.048004000,P015,L,S06,Summer,Young Adult,North,59,No,2023,12
2023-12-02 02:21:00.705058752,P011,M,S09,Spring,Adult,East,57,No,2023,12
2023-12-02 04:32:25.362113508,P025,M,S11,Autumn,Senior,West,53,No,2023,12
2023-12-02 06:43:50.019168264,P028,L,S01,Autumn,Senior,South,58,No,2023,12
2023-12-02 08:55:14.676223016,P022,L,S05,Spring,Young Adult,North,63,No,2023,12
2023-12-02 11:06:39.333277772,P013,M,S12,Spring,Adult,West,66,No,2023,12
2023-12-02 13:18:03.990332528,P001,M,S02,Summer,Teen,South,73,No,2023,12
2023-12-02 15:29:28.647387280,P017,S,S07,Spring,Adult,East,40,Yes,2023,12
2023-12-02 17:40:53.304442036,P006,L,S04,Spring,Adult,North,60,No,2023,12
2023-12-02 19:52:17.961496792,P004,M,S05,Winter,Young Adult,North,66,No,2023,12
2023-12-02 22:03:42.618551544,P020,S,S08,Spring,Senior,East,38,Yes,2023,12
2023-12-03 00:15:07.275606300,P016,L,S02,Spring,Senior,South,61,No,2023,12
2023-12-03 02:26:31.932661052,P015,L,S03,Winter,Teen,South,64,No,2023,12
2023-12-03 04:37:56.589715808,P027,L,S11,Summer,Senior,West,57,No,2023,12
2023-12-03 06:49:21.246770564,P015,L,S05,Summer,Senior,North,47,No,2023,12
2023-12-03 09:00:45.903825316,P006,XL,S10,Spring,Teen,West,45,No,2023,12
2023-12-03 11:12:10.560880072,P015,XL,S04,Spring,Teen,North,41,No,2023,12
2023-12-03 13:23:35.217934828,P014,XL,S05,Autumn,Young Adult,North,53,No,2023,12
2023-12-03 15:34:59.874989580,P028,L,S03,Winter,Young Adult,South,67,Yes,2023,12
2023-12-03 17:46:24.532044336,P011,M,S12,Autumn,Young Adult,West,61,No,2023,12
2023-12-03 19:57:49.189099092,P007,XXL,S09,Spring,Young Adult,East,39,No,2023,12
2023-12-03 22:09:13.846153844,P009,M,S08,Autumn,Senior,East,59,No,2023,12
2023-12-04 00:20:38.503208600,P026,M,S06,Autumn,Young Adult,North,66,No,2023,12
2023-12-04 02:32:03.160263352,P016,M,S01,Summer,Adult,South,73,No,2023,12
2023-12-04 04:43:27.817318108,P005,S,S04,Winter,Teen,North,43,No,2023,12
2023-12-04 06:54:52.474372864,P025,XXL,S07,Summer,Young Adult,East,36,No,2023,12
2023-12-04 09:06:17.131427616,P020,L,S10,Summer,Teen,West,58,No,2023,12
2023-12-04 11:17:41.788482372,P029,L,S05,Autumn,Senior,North,62,No,2023,12
2023-12-04 13:29:06.445537128,P010,L,S04,Winter,Young Adult,North,64,No,2023,12
2023-12-04 15:40:31.102591880,P018,M,S09,Spring,Adult,East,63,No,2023,12
2023-12-04 17:51:55.759646636,P003,S,S08,Winter,Teen,East,36,No,2023,12
2023-12-04 20:03:20.416701392,P013,L,S03,Summer,Young Adult,South,68,No,2023,12
2023-12-04 22:14:45.073756144,P011,L,S06,Autumn,Adult,North,63,No,2023,12
2023-12-05 00:26:09.730810900,P017,M,S12,Spring,Senior,West,61,No,2023,12
2023-12-05 02:37:34.387865656,P030,L,S12,Summer,Adult,West,57,No,2023,12
2023-12-05 04:48:59.044920408,P030,M,S04,Autumn,Senior,North,53,No,2023,12
2023-12-05 07:00:23.701975164,P022,M,S07,Summer,Teen,East,71,No,2023,12
2023-12-05 09:11:48.359029916,P013,M,S01,Autumn,Young Adult,South,61,No,2023,12
2023-12-05 11:23:13.016084672,P006,M,S01,Winter,Adult,South,73,No,2023,12
2023-12-05 13:34:37.673139428,P017,XL,S12,Summer,Adult,West,56,No,2023,12
2023-12-05 15:46:02.330194180,P027,XL,S12,Winter,Adult,West,63,No,2023,12
2023-12-05 17:57:26.987248936,P013,M,S06,Winter,Senior,North,61,No,2023,12
2023-12-05 20:08:51.644303692,P019,L,S10,Autumn,Teen,West,57,No,2023,12
2023-12-05 22:20:16.301358444,P021,L,S11,Spring,Teen,West,53,No,2023,12
2023-12-06 00:31:40.958413200,P019,M,S07,Winter,Young Adult,East,69,No,2023,12
2023-12-06 02:43:05.615467956,P010,M,S09,Summer,Young Adult,East,77,No,2023,12
2023-12-06 04:54:30.272522708,P003,XXL,S07,Summer,Teen,East,36,No,2023,12
2023-12-06 07:05:54.929577464,P014,L,S09,Autumn,Teen,East,56,Yes,2023,12
2023-12-06 09:17:19.586632216,P026,XXL,S10,Winter,Teen,West,41,No,2023,12
2023-12-06 11:28:44.243686972,P019,M,S09,Spring,Adult,East,55,No,2023,12
2023-12-06 13:40:08.900741728,P005,L,S08,Spring,Senior,East,53,No,2023,12
2023-12-06 15:51:33.557796480,P029,M,S07,Summer,Teen,East,63,No,2023,12
2023-12-06 18:02:58.214851236,P005,M,S12,Autumn,Young Adult,West,69,No,2023,12
2023-12-06 20:14:22.871905992,P020,L,S03,Winter,Senior,South,59,No,2023,12
2023-12-06 22:25:47.528960744,P017,M,S11,Summer,Adult,West,68,No,2023,12
2023-12-07 00:37:12.186015500,P021,M,S03,Autumn,Senior,South,61,No,2023,12
2023-12-07 02:48:36.843070256,P010,M,S11,Spring,Teen,West,67,No,2023,12
2023-12-07 05:00:01.500125008,P005,S,S05,Summer,Senior,North,39,No,2023,12
2023-12-07 07:11:26.157179764,P004,L,S07,Autumn,Young Adult,East,63,No,2023,12
2023-12-07 09:22:50.814234520,P006,M,S12,Spring,Senior,West,68,No,2023,12
2023-12-07 11:34:15.471289272,P026,S,S10,Autumn,Teen,West,40,No,2023,12
2023-12-07 13:45:40.128344028,P004,M,S07,Summer,Senior,East,63,No,2023,12
2023-12-07 15:57:04.785398780,P030,S,S01,Winter,Senior,South,53,No,2023,12
2023-12-07 18:08:29.442453536,P007,L,S08,Autumn,Senior,East,53,Yes,2023,12
2023-12-07 20:19:54.099508292,P007,S,S01,Winter,Young Adult,South,62,No,2023,12
2023-12-07 22:31:18.756563044,P018,L,S11,Summer,Senior,West,61,No,2023,12
2023-12-08 00:42:43.413617800,P003,S,S04,Spring,Senior,North,36,No,2023,12
2023-12-08 02:54:08.070672556,P001,M,S02,Autumn,Adult,South,68,No,2023,12
2023-12-08 05:05:32.727727308,P024,XL,S05,Spring,Senior,North,40,No,2023,12
2023-12-08 07:16:57.384782064,P025,L,S06,Winter,Senior,North,57,No,2023,12
2023-12-08 09:28:22.041836820,P004,S,S04,Winter,Adult,North,50,No,2023,12
2023-12-08 11:39:46.698891572,P006,XL,S12,Spring,Young Adult,West,50,No,2023,12
2023-12-08 13:51:11.355946328,P009,M,S04,Summer,Young Adult,North,64,No,2023,12
2023-12-08 16:02:36.013001080,P022,XL,S07,Winter,Adult,East,57,No,2023,12
2023-12-08 18:14:00.670055836,P014,L,S11,Summer,Adult,West,62,No,2023,12
2023-12-08 20:25:25.327110592,P028,L,S04,Spring,Senior,North,54,No,2023,12
2023-12-08 22:36:49.984165344,P012,XXL,S02,Summer,Young Adult,South,45,No,2023,12
2023-12-09 00:48:14.641220100,P028,M,S04,Winter,Young Adult,North,66,No,2023,12
2023-12-09 02:59:39.298274856,P025,L,S07,Spring,Senior,East,53,No,2023,12
2023-12-09 05:11:03.955329608,P020,M,S01,Summer,Teen,South,57,No,2023,12
2023-12-09 07:22:28.612384364,P024,S,S04,Summer,Senior,North,42,No,2023,12
2023-12-09 09:33:53.269439120,P025,S,S06,Autumn,Teen,North,33,No,2023,12
2023-12-09 11:45:17.926493872,P004,S,S08,Winter,Senior,East,43,No,2023,12
2023-12-09 13:56:42.583548628,P021,L,S08,Autumn,Adult,East,49,No,2023,12
2023-12-09 16:08:07.240603384,P030,L,S09,Summer,Senior,East,50,No,2023,12
2023-12-09 18:19:31.897658136,P024,L,S05,Winter,Adult,North,63,Yes,2023,12
2023-12-09 20:30:56.554712892,P012,S,S02,Spring,Teen,South,42,No,2023,12
2023-12-09 22:42:21.211767644,P010,M,S03,Spring,Teen,South,68,No,2023,12
2023-12-10 00:53:45.868822400,P030,XL,S02,Spring,Adult,South,47,No,2023,12
2023-12-10 03:05:10.525877156,P022,M,S09,Summer,Adult,East,63,No,2023,12
2023-12-10 05:16:35.182931908,P028,L,S06,Summer,Young Adult,North,58,No,2023,12
2023-12-10 07:27:59.839986664,P007,L,S11,Spring,Young Adult,West,58,No,2023,12
2023-12-10 09:39:24.497041420,P003,L,S12,Autumn,Senior,West,46,No,2023,12
2023-12-10 11:50:49.154096172,P023,L,S01,Autumn,Adult,South,55,No,2023,12
2023-12-10 14:02:13.811150928,P028,XL,S03,Winter,Teen,South,45,No,2023,12
2023-12-10 16:13:38.468205684,P014,M,S07,Winter,Young Adult,East,68,No,2023,12
2023-12-10 18:25:03.125260436,P024,XL,S07,Spring,Adult,East,48,No,2023,12
2023-12-10 20:36:27.782315192,P010,M,S05,Summer,Teen,North,69,No,2023,12
2023-12-10 22:47:52.439369948,P016,M,S03,Summer,Teen,South,62,No,2023,12
2023-12-11 00:59:17.096424700,P016,S,S07,Winter,Adult,East,50,Yes,2023,12
2023-12-11 03:10:41.753479456,P022,L,S05,Spring,Senior,North,50,No,2023,12
2023-12-11 05:22:06.410534208,P010,M,S06,Winter,Young Adult,North,72,No,2023,12
2023-12-11 07:33:31.067588964,P025,M,S03,Autumn,Young Adult,South,71,No,2023,12
2023-12-11 09:44:55.724643720,P013,M,S06,Spring,Adult,North,68,No,2023,12
2023-12-11 11:56:20.381698472,P006,XL,S07,Spring,Senior,East,36,Yes,2023,12
2023-12-11 14:07:45.038753228,P012,XL,S08,Spring,Teen,East,46,No,2023,12
2023-12-11 16:19:09.695807984,P009,L,S02,Autumn,Senior,South,49,No,2023,12
2023-12-11 18:30:34.352862736,P013,L,S02,Spring,Young Adult,South,64,No,2023,12
2023-12-11 20:41:59.009917492,P004,M,S06,Winter,Adult,North,72,No,2023,12
2023-12-11 22:53:23.666972248,P024,M,S08,Autumn,Young Adult,East,66,No,2023,12
2023-12-12 01:04:48.324027000,P011,XL,S05,Summer,Adult,North,53,No,2023,12
2023-12-12 03:16:12.981081756,P020,S,S01,Winter,Senior,South,47,No,2023,12
2023-12-12 05:27:37.638136508,P018,M,S11,Winter,Young Adult,West,73,No,2023,12
2023-12-12 07:39:02.295191264,P026,M,S01,Winter,Senior,South,56,No,2023,12
2023-12-12 09:50:26.952246020,P011,M,S10,Autumn,Young Adult,West,63,No,2023,12
2023-12-12 12:01:51.609300772,P025,M,S09,Winter,Senior,East,60,No,2023,12
2023-12-12 14:13:16.266355528,P021,L,S04,Autumn,Young Adult,North,58,No,2023,12
2023-12-12 16:24:40.923410284,P004,S,S12,Spring,Adult,West,42,No,2023,12
2023-12-12 18:36:05.580465036,P018,L,S10,Summer,Senior,West,61,No,2023,12
2023-12-12 20:47:30.237519792,P001,M,S01,Spring,Senior,South,68,No,2023,12
2023-12-12 22:58:54.894574548,P027,M,S11,Winter,Adult,West,75,No,2023,12
2023-12-13 01:10:19.551629300,P007,S,S08,Autumn,Teen,East,43,No,2023,12
2023-12-13 03:21:44.208684056,P006,L,S02,Autumn,Young Adult,South,61,No,2023,12
2023-12-13 05:33:08.865738812,P015,M,S12,Spring,Young Adult,West,63,No,2023,12
2023-12-13 07:44:33.522793564,P018,L,S02,Winter,Adult,South,58,No,2023,12
2023-12-13 09:55:58.179848320,P024,L,S01,Summer,Young Adult,South,71,No,2023,12
2023-12-13 12:07:22.836903072,P011,L,S01,Autumn,Senior,South,58,No,2023,12
2023-12-13 14:18:47.493957828,P020,M,S09,Autumn,Senior,East,51,No,2023,12
2023-12-13 16:30:12.151012584,P024,M,S01,Winter,Adult,South,71,No,2023,12
2023-12-13 18:41:36.808067336,P015,M,S06,Autumn,Senior,North,60,No,2023,12
2023-12-13 20:53:01.465122092,P016,L,S12,Winter,Teen,West,68,No,2023,12
2023-12-13 23:04:26.122176848,P007,M,S07,Winter,Young Adult,East,69,No,2023,12
2023-12-14 01:15:50.779231600,P021,XL,S04,Summer,Adult,North,46,No,2023,12
2023-12-14 03:27:15.436286356,P010,XL,S05,Winter,Adult,North,55,No,2023,12
2023-12-14 05:38:40.093341112,P026,M,S04,Spring,Young Adult,North,54,No,2023,12
2023-12-14 07:50:04.750395864,P012,S,S04,Summer,Teen,North,37,No,2023,12
2023-12-14 10:01:29.407450620,P024,L,S10,Winter,Adult,West,59,No,2023,12
2023-12-14 12:12:54.064505376,P014,M,S01,Winter,Young Adult,South,68,No,2023,12
2023-12-14 14:24:18.721560128,P025,S,S06,Summer,Teen,North,39,No,2023,12
2023-12-14 16:35:43.378614884,P005,XL,S10,Autumn,Adult,West,39,No,2023,12
2023-12-14 18:47:08.035669636,P026,M,S10,Summer,Teen,West,60,No,2023,12
2023-12-14 20:58:32.692724392,P021,XL,S07,Autumn,Adult,East,44,No,2023,12
2023-12-14 23:09:57.349779148,P018,L,S07,Summer,Young Adult,East,62,No,2023,12
2023-12-15 01:21:22.006833900,P005,L,S08,Summer,Young Adult,East,64,No,2023,12
2023-12-15 03:32:46.663888656,P003,M,S07,Spring,Young Adult,East,62,No,2023,12
2023-12-15 05:44:11.320943412,P023,M,S06,Summer,Teen,North,62,No,2023,12
2023-12-15 07:55:35.977998164,P026,L,S12,Spring,Senior,West,48,No,2023,12
2023-12-15 10:07:00.635052920,P005,M,S08,Winter,Teen,East,53,No,2023,12
2023-12-15 12:18:25.292107676,P024,M,S03,Autumn,Young Adult,South,64,No,2023,12
2023-12-15 14:29:49.949162428,P017,M,S09,Autumn,Adult,East,59,No,2023,12
2023-12-15 16:41:14.606217184,P019,M,S03,Spring,Senior,South,58,No,2023,12
2023-12-15 18:52:39.263271936,P019,M,S04,Autumn,Teen,North,62,No,2023,12
2023-12-15 21:04:03.920326692,P025,L,S10,Autumn,Teen,West,55,No,2023,12
2023-12-15 23:15:28.577381448,P021,M,S06,Summer,Adult,North,61,No,2023,12
2023-12-16 01:26:53.234436200,P012,S,S12,Spring,Adult,West,39,No,2023,12
2023-12-16 03:38:17.891490956,P025,L,S12,Autumn,Young Adult,West,60,No,2023,12
2023-12-16 05:49:42.548545712,P029,XXL,S08,Winter,Teen,East,44,No,2023,12
2023-12-16 08:01:07.205600464,P009,M,S03,Spring,Adult,South,73,No,2023,12
2023-12-16 10:12:31.862655220,P001,S,S10,Summer,Adult,West,59,No,2023,12
2023-12-16 12:23:56.519709976,P018,L,S06,Winter,Senior,North,64,No,2023,12
2023-12-16 14:35:21.176764728,P021,XL,S05,Autumn,Young Adult,North,45,No,2023,12
2023-12-16 16:46:45.833819484,P004,L,S05,Autumn,Young Adult,North,65,No,2023,12
2023-12-16 18:58:10.490874240,P010,L,S05,Spring,Teen,North,61,No,2023,12
2023-12-16 21:09:35.147928992,P025,M,S09,Autumn,Adult,East,67,No,2023,12
2023-12-16 23:20:59.804983748,P007,L,S07,Spring,Young Adult,East,56,No,2023,12
2023-12-17 01:32:24.462038500,P022,S,S12,Autumn,Teen,West,37,No,2023,12
2023-12-17 03:43:49.119093256,P023,L,S09,Winter,Young Adult,East,57,No,2023,12
2023-12-17 05:55:13.776148012,P001,L,S09,Summer,Teen,East,65,No,2023,12
2023-12-17 08:06:38.433202764,P017,XXL,S06,Winter,Adult,North,41,No,2023,12
2023-12-17 10:18:03.090257520,P024,M,S06,Summer,Young Adult,North,74,No,2023,12
2023-12-17 12:29:27.747312276,P029,S,S04,Spring,Teen,North,43,No,2023,12
2023-12-17 14:40:52.404367028,P029,L,S08,Autumn,Teen,East,51,No,2023,12
2023-12-17 16:52:17.061421784,P002,L,S02,Winter,Adult,South,64,No,2023,12
2023-12-17 19:03:41.718476540,P028,L,S05,Autumn,Young Adult,North,64,No,2023,12
2023-12-17 21:15:06.375531292,P026,M,S01,Spring,Teen,South,59,Yes,2023,12
2023-12-17 23:26:31.032586048,P011,M,S10,Summer,Teen,West,65,No,2023,12
2023-12-18 01:37:55.689640800,P009,L,S02,Winter,Teen,South,60,No,2023,12
2023-12-18 03:49:20.346695556,P007,M,S01,Summer,Teen,South,65,No,2023,12
2023-12-18 06:00:45.003750312,P022,XL,S06,Summer,Young Adult,North,48,No,2023,12
2023-12-18 08:12:09.660805064,P017,M,S02,Spring,Senior,South,70,No,2023,12
2023-12-18 10:23:34.317859820,P017,L,S12,Summer,Young Adult,West,64,No,2023,12
2023-12-18 12:34:58.974914576,P002,L,S04,Spring,Teen,North,65,No,2023,12
2023-12-18 14:46:23.631969328,P006,L,S05,Summer,Young Adult,North,63,Yes,2023,12
2023-12-18 16:57:48.289024084,P014,M,S07,Summer,Young Adult,East,62,No,2023,12
2023-12-18 19:09:12.946078840,P006,XL,S10,Winter,Adult,West,61,No,2023,12
2023-12-18 21:20:37.603133592,P002,M,S01,Spring,Adult,South,67,No,2023,12
2023-12-18 23:32:02.260188348,P001,L,S12,Autumn,Teen,West,56,No,2023,12
2023-12-19 01:43:26.917243104,P010,M,S11,Autumn,Senior,West,68,No,2023,12
2023-12-19 03:54:51.574297856,P021,M,S05,Autumn,Adult,North,64,No,2023,12
2023-12-19 06:06:16.231352612,P005,M,S04,Winter,Young Adult,North,64,No,2023,12
2023-12-19 08:17:40.888407364,P002,M,S07,Winter,Teen,East,62,No,2023,12
2023-12-19 10:29:05.545462120,P022,XXL,S10,Summer,Senior,West,35,No,2023,12
2023-12-19 12:40:30.202516876,P016,M,S07,Summer,Adult,East,67,No,2023,12
2023-12-19 14:51:54.859571628,P025,L,S08,Autumn,Teen,East,58,No,2023,12
2023-12-19 17:03:19.516626384,P002,XXL,S04,Summer,Senior,North,45,No,2023,12
2023-12-19 19:14:44.173681140,P010,S,S04,Summer,Teen,North,51,No,2023,12
2023-12-19 21:26:08.830735892,P002,L,S10,Winter,Senior,West,61,No,2023,12
2023-12-19 23:37:33.487790648,P016,M,S05,Autumn,Adult,North,70,No,2023,12
2023-12-20 01:48:58.144845404,P016,S,S05,Spring,Young Adult,North,46,No,2023,12
2023-12-20 04:00:22.801900156,P019,M,S11,Autumn,Young Adult,West,58,Yes,2023,12
2023-12-20 06:11:47.458954912,P029,XL,S03,Winter,Adult,South,63,Yes,2023,12
2023-12-20 08:23:12.116009664,P007,S,S05,Autumn,Adult,North,49,No,2023,12
2023-12-20 10:34:36.773064420,P022,L,S05,Spring,Adult,North,61,Yes,2023,12
2023-12-20 12:46:01.430119176,P012,L,S08,Summer,Senior,East,60,No,2023,12
2023-12-20 14:57:26.087173928,P024,XL,S07,Autumn,Senior,East,40,No,2023,12
2023-12-20 17:08:50.744228684,P015,S,S08,Winter,Senior,East,40,No,2023,12
2023-12-20 19:20:15.401283440,P008,L,S05,Winter,Senior,North,50,No,2023,12
2023-12-20 21:31:40.058338192,P006,L,S12,Autumn,Senior,West,54,No,2023,12
2023-12-20 23:43:04.715392948,P028,L,S11,Summer,Senior,West,59,No,2023,12
2023-12-21 01:54:29.372447704,P027,XL,S02,Summer,Senior,South,55,No,2023,12
2023-12-21 04:05:54.029502456,P010,XL,S08,Winter,Adult,East,59,No,2023,12
2023-12-21 06:17:18.686557212,P003,S,S09,Winter,Senior,East,46,No,2023,12
2023-12-21 08:28:43.343611968,P019,M,S02,Spring,Teen,South,58,No,2023,12
2023-12-21 10:40:08.000666720,P017,M,S01,Summer,Senior,South,77,No,2023,12
2023-12-21 12:51:32.657721476,P007,M,S12,Autumn,Young Adult,West,65,No,2023,12
2023-12-21 15:02:57.314776228,P021,M,S06,Winter,Young Adult,North,72,No,2023,12
2023-12-21 17:14:21.971830984,P020,M,S03,Winter,Adult,South,63,No,2023,12
2023-12-21 19:25:46.628885740,P026,M,S01,Winter,Young Adult,South,74,No,2023,12
2023-12-21 21:37:11.285940492,P004,XXL,S06,Winter,Young Adult,North,50,Yes,2023,12
2023-12-21 23:48:35.942995248,P014,S,S12,Summer,Young Adult,West,50,No,2023,12
2023-12-22 02:00:00.600050004,P020,XL,S08,Winter,Adult,East,54,No,2023,12
2023-12-22 04:11:25.257104756,P022,M,S09,Summer,Adult,East,61,No,2023,12
2023-12-22 06:22:49.914159512,P015,L,S06,Spring,Senior,North,53,No,2023,12
2023-12-22 08:34:14.571214268,P024,XL,S12,Spring,Young Adult,West,54,No,2023,12
2023-12-22 10:45:39.228269020,P008,M,S06,Autumn,Senior,North,57,No,2023,12
2023-12-22 12:57:03.885323776,P021,M,S01,Winter,Adult,South,65,No,2023,12
2023-12-22 15:08:28.542378532,P015,M,S05,Autumn,Senior,North,57,No,2023,12
2023-12-22 17:19:53.199433284,P022,M,S03,Summer,Senior,South,63,No,2023,12
2023-12-22 19:31:17.856488040,P020,XL,S07,Autumn,Young Adult,East,46,No,2023,12
2023-12-22 21:42:42.513542792,P028,XL,S12,Autumn,Adult,West,53,No,2023,12
2023-12-22 23:54:07.170597548,P014,S,S09,Winter,Young Adult,East,46,No,2023,12
2023-12-23 02:05:31.827652304,P027,S,S11,Summer,Senior,West,50,No,2023,12
2023-12-23 04:16:56.484707056,P029,M,S06,Summer,Adult,North,75,No,2023,12
2023-12-23 06:28:21.141761812,P009,S,S05,Winter,Senior,North,44,No,2023,12
2023-12-23 08:39:45.798816568,P008,L,S07,Summer,Senior,East,60,No,2023,12
2023-12-23 10:51:10.455871320,P026,S,S11,Spring,Young Adult,West,42,Yes,2023,12
2023-12-23 13:02:35.112926076,P028,L,S09,Winter,Adult,East,57,No,2023,12
2023-12-23 15:13:59.769980832,P026,S,S05,Winter,Adult,North,47,Yes,2023,12
2023-12-23 17:25:24.427035584,P017,M,S05,Winter,Young Adult,North,82,No,2023,12
2023-12-23 19:36:49.084090340,P002,L,S10,Spring,Teen,West,66,No,2023,12
2023-12-23 21:48:13.741145092,P025,M,S04,Summer,Young Adult,North,68,Yes,2023,12
2023-12-23 23:59:38.398199848,P024,XXL,S05,Spring,Young Adult,North,40,No,2023,12
2023-12-24 02:11:03.055254604,P030,XL,S07,Spring,Teen,East,50,No,2023,12
2023-12-24 04:22:27.712309356,P003,M,S03,Spring,Adult,South,59,No,2023,12
2023-12-24 06:33:52.369364112,P008,S,S04,Autumn,Teen,North,30,No,2023,12
2023-12-24 08:45:17.026418868,P012,XL,S09,Summer,Senior,East,39,No,2023,12
2023-12-24 10:56:41.683473620,P001,XL,S12,Summer,Senior,West,47,No,2023,12
2023-12-24 13:08:06.340528376,P010,XL,S02,Winter,Young Adult,South,65,No,2023,12
2023-12-24 15:19:30.997583132,P020,S,S08,Winter,Senior,East,43,No,2023,12
2023-12-24 17:30:55.654637884,P003,XXL,S09,Autumn,Teen,East,27,No,2023,12
2023-12-24 19:42:20.311692640,P006,M,S05,Spring,Senior,North,59,No,2023,12
2023-12-24 21:53:44.968747396,P007,L,S07,Winter,Adult,East,60,No,2023,12
2023-12-25 00:05:09.625802148,P020,XL,S06,Summer,Young Adult,North,53,No,2023,12
2023-12-25 02:16:34.282856904,P023,M,S01,Winter,Young Adult,South,67,No,2023,12
2023-12-25 04:27:58.939911656,P025,XL,S08,Spring,Adult,East,46,No,2023,12
2023-12-25 06:39:23.596966412,P027,M,S09,Autumn,Adult,East,66,No,2023,12
2023-12-25 08:50:48.254021168,P018,XXL,S10,Spring,Young Adult,West,39,No,2023,12
2023-12-25 11:02:12.911075920,P011,M,S11,Winter,Adult,West,70,No,2023,12
2023-12-25 13:13:37.568130676,P019,XXL,S01,Autumn,Senior,South,27,No,2023,12
2023-12-25 15:25:02.225185432,P005,S,S08,Autumn,Senior,East,28,No,2023,12
2023-12-25 17:36:26.882240184,P019,L,S03,Spring,Senior,South,53,No,2023,12
2023-12-25 19:47:51.539294940,P011,L,S12,Winter,Senior,West,54,No,2023,12
2023-12-25 21:59:16.196349696,P024,M,S06,Spring,Teen,North,59,Yes,2023,12
2023-12-26 00:10:40.853404448,P012,M,S10,Winter,Teen,West,66,No,2023,12
2023-12-26 02:22:05.510459204,P010,L,S08,Winter,Teen,East,58,No,2023,12
2023-12-26 04:33:30.167513960,P008,M,S05,Summer,Teen,North,67,No,2023,12
2023-12-26 06:44:54.824568712,P024,L,S08,Autumn,Senior,East,46,No,2023,12
2023-12-26 08:56:19.481623468,P028,M,S07,Winter,Senior,East,57,No,2023,12
2023-12-26 11:07:44.138678220,P028,XXL,S07,Spring,Adult,East,27,No,2023,12
2023-12-26 13:19:08.795732976,P009,S,S07,Spring,Teen,East,43,No,2023,12
2023-12-26 15:30:33.452787732,P004,M,S09,Summer,Teen,East,62,No,2023,12
2023-12-26 17:41:58.109842484,P005,M,S06,Summer,Young Adult,North,69,No,2023,12
2023-12-26 19:53:22.766897240,P021,M,S06,Summer,Adult,North,61,No,2023,12
2023-12-26 22:04:47.423951996,P008,M,S11,Autumn,Senior,West,57,No,2023,12
2023-12-27 00:16:12.081006748,P023,M,S09,Summer,Adult,East,59,No,2023,12
2023-12-27 02:27:36.738061504,P009,XL,S06,Autumn,Adult,North,50,No,2023,12
2023-12-27 04:39:01.395116260,P015,L,S07,Summer,Young Adult,East,66,No,2023,12
2023-12-27 06:50:26.052171012,P015,L,S07,Autumn,Young Adult,East,57,No,2023,12
2023-12-27 09:01:50.709225768,P016,S,S02,Winter,Adult,South,50,No,2023,12
2023-12-27 11:13:15.366280520,P014,L,S12,Summer,Teen,West,64,No,2023,12
2023-12-27 13:24:40.023335276,P008,M,S08,Autumn,Senior,East,54,No,2023,12
2023-12-27 15:36:04.680390032,P018,L,S12,Winter,Young Adult,West,73,No,2023,12
2023-12-27 17:47:29.337444784,P010,M,S11,Summer,Young Adult,West,75,No,2023,12
2023-12-27 19:58:53.994499540,P028,M,S06,Winter,Senior,North,61,No,2023,12
2023-12-27 22:10:18.651554296,P020,M,S04,Summer,Young Adult,North,58,No,2023,12
2023-12-28 00:21:43.308609048,P006,XL,S11,Spring,Adult,West,48,No,2023,12
2023-12-28 02:33:07.965663804,P012,S,S07,Autumn,Senior,East,32,No,2023,12
2023-12-28 04:44:32.622718560,P002,L,S08,Spring,Teen,East,60,No,2023,12
2023-12-28 06:55:57.279773312,P007,S,S01,Autumn,Young Adult,South,58,No,2023,12
2023-12-28 09:07:21.936828068,P016,L,S10,Spring,Young Adult,West,59,No,2023,12
2023-12-28 11:18:46.593882824,P003,XL,S04,Summer,Adult,North,48,No,2023,12
2023-12-28 13:30:11.250937576,P013,M,S04,Spring,Teen,North,58,No,2023,12
2023-12-28 15:41:35.907992332,P003,M,S10,Summer,Young Adult,West,70,No,2023,12
2023-12-28 17:53:00.565047084,P027,XL,S09,Autumn,Senior,East,42,No,2023,12
2023-12-28 20:04:25.222101840,P018,L,S06,Summer,Senior,North,54,No,2023,12
2023-12-28 22:15:49.879156596,P011,M,S04,Spring,Adult,North,66,No,2023,12
2023-12-29 00:27:14.536211348,P008,L,S01,Winter,Adult,South,69,No,2023,12
2023-12-29 02:38:39.193266104,P006,L,S08,Autumn,Young Adult,East,61,No,2023,12
2023-12-29 04:50:03.850320860,P001,S,S11,Winter,Adult,West,58,No,2023,12
2023-12-29 07:01:28.507375612,P028,XL,S09,Winter,Senior,East,45,No,2023,12
2023-12-29 09:12:53.164430368,P001,M,S05,Winter,Adult,North,66,No,2023,12
2023-12-29 11:24:17.821485124,P023,S,S05,Winter,Senior,North,42,No,2023,12
2023-12-29 13:35:42.478539876,P008,L,S10,Winter,Young Adult,West,63,No,2023,12
2023-12-29 15:47:07.135594632,P005,M,S08,Spring,Senior,East,61,No,2023,12
2023-12-29 17:58:31.792649384,P028,S,S08,Summer,Adult,East,47,No,2023,12
2023-12-29 20:09:56.449704140,P016,L,S05,Summer,Senior,North,64,No,2023,12
2023-12-29 22:21:21.106758896,P011,XL,S04,Winter,Senior,North,48,No,2023,12
2023-12-30 00:32:45.763813648,P005,XL,S06,Spring,Teen,North,36,No,2023,12
2023-12-30 02:44:10.420868404,P004,XXL,S10,Winter,Teen,West,38,No,2023,12
2023-12-30 04:55:35.077923160,P030,XL,S05,Winter,Young Adult,North,58,Yes,2023,12
2023-12-30 07:06:59.734977912,P006,S,S08,Autumn,Senior,East,35,No,2023,12
2023-12-30 09:18:24.392032668,P014,M,S09,Spring,Senior,East,55,No,2023,12
2023-12-30 11:29:49.049087424,P022,XL,S01,Winter,Senior,South,60,No,2023,12
2023-12-30 13:41:13.706142176,P019,M,S09,Summer,Teen,East,66,No,2023,12
2023-12-30 15:52:38.363196932,P009,L,S09,Autumn,Senior,East,59,No,2023,12
2023-12-30 18:04:03.020251688,P012,L,S06,Winter,Teen,North,62,No,2023,12
2023-12-30 20:15:27.677306440,P011,M,S11,Winter,Young Adult,West,71,No,2023,12
2023-12-30 22:26:52.334361196,P014,XL,S10,Winter,Senior,West,55,Yes,2023,12
2023-12-31 00:38:16.991415948,P023,L,S05,Spring,Senior,North,52,No,2023,12
2023-12-31 02:49:41.648470704,P016,M,S07,Winter,Adult,East,64,No,2023,12
2023-12-31 05:01:06.305525460,P001,XXL,S11,Summer,Teen,West,44,No,2023,12
2023-12-31 07:12:30.962580212,P013,M,S08,Autumn,Adult,East,60,No,2023,12
2023-12-31 09:23:55.619634968,P023,M,S09,Spring,Young Adult,East,57,No,2023,12
2023-12-31 11:35:20.276689724,P021,L,S09,Autumn,Teen,East,53,No,2023,12
2023-12-31 13:46:44.933744476,P021,XL,S10,Summer,Senior,West,44,No,2023,12
2023-12-31 15:58:09.590799232,P030,L,S11,Winter,Senior,West,62,No,2023,12
2023-12-31 18:09:34.247853988,P013,L,S03,Spring,Senior,South,51,No,2023,12
2023-12-31 20:20:58.904908740,P002,L,S08,Winter,Senior,East,54,Yes,2023,12
2023-12-31 22:32:23.561963496,P004,M,S01,Spring,Young Adult,South,73,No,2023,12
2024-01-01 00:43:48.219018248,P028,XL,S07,Winter,Senior,East,46,No,2024,1
2024-01-01 02:55:12.876073004,P006,XL,S12,Summer,Senior,West,53,No,2024,1
2024-01-01 05:06:37.533127760,P026,M,S05,Summer,Senior,North,57,No,2024,1
2024-01-01 07:18:02.190182512,P027,S,S02,Winter,Adult,South,52,No,2024,1
2024-01-01 09:29:26.847237268,P023,XXL,S02,Summer,Young Adult,South,36,No,2024,1
2024-01-01 11:40:51.504292024,P027,XL,S08,Winter,Teen,East,45,No,2024,1
2024-01-01 13:52:16.161346776,P005,XL,S05,Spring,Young Adult,North,52,No,2024,1
2024-01-01 16:03:40.818401532,P025,XL,S12,Summer,Young Adult,West,49,No,2024,1
2024-01-01 18:15:05.475456288,P003,L,S11,Spring,Young Adult,West,53,No,2024,1
2024-01-01 20:26:30.132511040,P001,L,S03,Winter,Senior,South,65,Yes,2024,1
2024-01-01 22:37:54.789565796,P004,L,S01,Spring,Adult,South,60,No,2024,1
2024-01-02 00:49:19.446620552,P025,S,S11,Autumn,Adult,West,48,No,2024,1
2024-01-02 03:00:44.103675304,P020,L,S07,Winter,Adult,East,54,No,2024,1
2024-01-02 05:12:08.760730060,P002,L,S11,Summer,Adult,West,72,No,2024,1
2024-01-02 07:23:33.417784812,P026,L,S12,Summer,Teen,West,54,No,2024,1
2024-01-02 09:34:58.074839568,P030,L,S03,Autumn,Adult,South,61,Yes,2024,1
2024-01-02 11:46:22.731894324,P030,M,S07,Winter,Senior,East,62,No,2024,1
2024-01-02 13:57:47.388949076,P005,M,S12,Winter,Senior,West,68,No,2024,1
2024-01-02 16:09:12.046003832,P003,M,S02,Winter,Adult,South,71,No,2024,1
2024-01-02 18:20:36.703058588,P029,M,S04,Winter,Teen,North,67,No,2024,1
2024-01-02 20:32:01.360113340,P028,M,S02,Spring,Adult,South,68,Yes,2024,1
2024-01-02 22:43:26.017168096,P029,XXL,S04,Winter,Senior,North,41,No,2024,1
2024-01-03 00:54:50.674222852,P009,M,S05,Spring,Senior,North,58,No,2024,1
2024-01-03 03:06:15.331277604,P020,M,S08,Spring,Senior,East,61,No,2024,1
2024-01-03 05:17:39.988332360,P006,L,S02,Summer,Young Adult,South,66,No,2024,1
2024-01-03 07:29:04.645387116,P018,L,S10,Winter,Senior,West,65,No,2024,1
2024-01-03 09:40:29.302441868,P006,M,S03,Spring,Adult,South,72,No,2024,1
2024-01-03 11:51:53.959496624,P019,L,S10,Winter,Senior,West,53,No,2024,1
2024-01-03 14:03:18.616551376,P028,L,S12,Autumn,Teen,West,52,No,2024,1
2024-01-03 16:14:43.273606132,P012,M,S05,Spring,Young Adult,North,69,No,2024,1
2024-01-03 18:26:07.930660888,P025,M,S11,Summer,Teen,West,62,No,2024,1
2024-01-03 20:37:32.587715640,P011,XL,S12,Winter,Senior,West,58,Yes,2024,1
2024-01-03 22:48:57.244770396,P002,XL,S12,Summer,Young Adult,West,63,No,2024,1
2024-01-04 01:00:21.901825152,P015,L,S09,Spring,Young Adult,East,58,No,2024,1
2024-01-04 03:11:46.558879904,P012,S,S10,Spring,Young Adult,West,54,No,2024,1
2024-01-04 05:23:11.215934660,P012,M,S11,Summer,Senior,West,65,No,2024,1
2024-01-04 07:34:35.872989416,P009,L,S05,Winter,Teen,North,67,No,2024,1
2024-01-04 09:46:00.530044168,P021,M,S09,Spring,Senior,East,57,No,2024,1
2024-01-04 11:57:25.187098924,P024,M,S04,Autumn,Young Adult,North,69,No,2024,1
2024-01-04 14:08:49.844153676,P002,L,S10,Summer,Senior,West,67,No,2024,1
2024-01-04 16:20:14.501208432,P022,M,S05,Spring,Young Adult,North,71,No,2024,1
2024-01-04 18:31:39.158263188,P003,L,S09,Winter,Young Adult,East,61,No,2024,1
2024-01-04 20:43:03.815317940,P012,XL,S04,Spring,Young Adult,North,44,No,2024,1
2024-01-04 22:54:28.472372696,P028,M,S05,Winter,Senior,North,67,No,2024,1
2024-01-05 01:05:53.129427452,P030,XL,S05,Winter,Senior,North,43,No,2024,1
2024-01-05 03:17:17.786482204,P026,S,S04,Spring,Young Adult,North,40,No,2024,1
2024-01-05 05:28:42.443536960,P016,XL,S04,Autumn,Adult,North,49,No,2024,1
2024-01-05 07:40:07.100591716,P021,M,S11,Winter,Teen,West,67,No,2024,1
2024-01-05 09:51:31.757646468,P028,S,S05,Summer,Young Adult,North,50,No,2024,1
2024-01-05 12:02:56.414701224,P024,L,S12,Winter,Young Adult,West,62,No,2024,1
2024-01-05 14:14:21.071755980,P026,M,S06,Winter,Young Adult,North,64,No,2024,1
2024-01-05 16:25:45.728810732,P030,XL,S07,Autumn,Young Adult,East,49,No,2024,1
2024-01-05 18:37:10.385865488,P001,M,S06,Winter,Young Adult,North,77,No,2024,1
2024-01-05 20:48:35.042920240,P021,M,S01,Spring,Adult,South,65,No,2024,1
2024-01-05 22:59:59.699974996,P003,L,S02,Autumn,Senior,South,50,No,2024,1
2024-01-06 01:11:24.357029752,P020,M,S07,Winter,Adult,East,71,No,2024,1
2024-01-06 03:22:49.014084504,P002,M,S03,Spring,Young Adult,South,71,No,2024,1
2024-01-06 05:34:13.671139260,P009,L,S12,Spring,Young Adult,West,63,No,2024,1
2024-01-06 07:45:38.328194016,P019,L,S10,Winter,Young Adult,West,70,Yes,2024,1
2024-01-06 09:57:02.985248768,P015,XL,S11,Summer,Senior,West,39,No,2024,1
2024-01-06 12:08:27.642303524,P018,XXL,S02,Summer,Teen,South,40,No,2024,1
2024-01-06 14:19:52.299358280,P026,M,S06,Winter,Teen,North,64,No,2024,1
2024-01-06 16:31:16.956413032,P011,L,S11,Winter,Adult,West,59,Yes,2024,1
2024-01-06 18:42:41.613467788,P025,M,S04,Spring,Adult,North,68,No,2024,1
2024-01-06 20:54:06.270522544,P023,L,S12,Winter,Teen,West,58,No,2024,1
2024-01-06 23:05:30.927577296,P016,M,S11,Winter,Young Adult,West,78,No,2024,1
2024-01-07 01:16:55.584632052,P022,XXL,S05,Spring,Senior,North,31,No,2024,1
2024-01-07 03:28:20.241686804,P017,L,S06,Winter,Adult,North,63,No,2024,1
2024-01-07 05:39:44.898741560,P005,XXL,S03,Winter,Senior,South,34,No,2024,1
2024-01-07 07:51:09.555796316,P012,XL,S01,Winter,Young Adult,South,55,No,2024,1
2024-01-07 10:02:34.212851068,P011,XL,S03,Spring,Young Adult,South,46,No,2024,1
2024-01-07 12:13:58.869905824,P030,XL,S03,Winter,Adult,South,57,No,2024,1
2024-01-07 14:25:23.526960580,P015,M,S06,Summer,Teen,North,61,No,2024,1
2024-01-07 16:36:48.184015332,P027,M,S04,Winter,Teen,North,64,No,2024,1
2024-01-07 18:48:12.841070088,P003,M,S07,Summer,Teen,East,63,No,2024,1
2024-01-07 20:59:37.498124844,P001,S,S11,Winter,Young Adult,West,52,No,2024,1
2024-01-07 23:11:02.155179596,P020,L,S02,Spring,Young Adult,South,54,No,2024,1
2024-01-08 01:22:26.812234352,P029,L,S12,Summer,Senior,West,61,No,2024,1
2024-01-08 03:33:51.469289104,P016,L,S04,Winter,Senior,North,53,No,2024,1
2024-01-08 05:45:16.126343860,P002,XXL,S08,Winter,Senior,East,40,No,2024,1
2024-01-08 07:56:40.783398616,P002,XL,S11,Winter,Young Adult,West,56,No,2024,1
2024-01-08 10:08:05.440453368,P003,M,S06,Winter,Teen,North,63,No,2024,1
2024-01-08 12:19:30.097508124,P008,M,S10,Spring,Young Adult,West,65,Yes,2024,1
2024-01-08 14:30:54.754562880,P024,M,S03,Autumn,Senior,South,58,No,2024,1
2024-01-08 16:42:19.411617632,P028,M,S10,Summer,Senior,West,64,No,2024,1
2024-01-08 18:53:44.068672388,P015,L,S12,Winter,Senior,West,54,No,2024,1
2024-01-08 21:05:08.725727144,P007,L,S02,Spring,Senior,South,65,No,2024,1
2024-01-08 23:16:33.382781896,P006,L,S03,Autumn,Adult,South,61,No,2024,1
2024-01-09 01:27:58.039836652,P009,XL,S01,Spring,Senior,South,41,No,2024,1
2024-01-09 03:39:22.696891408,P020,XL,S01,Winter,Young Adult,South,49,No,2024,1
2024-01-09 05:50:47.353946160,P028,S,S02,Autumn,Adult,South,51,No,2024,1
2024-01-09 08:02:12.011000916,P001,L,S03,Summer,Teen,South,63,No,2024,1
2024-01-09 10:13:36.668055668,P008,M,S09,Summer,Young Adult,East,67,No,2024,1
2024-01-09 12:25:01.325110424,P023,M,S08,Spring,Young Adult,East,65,No,2024,1
2024-01-09 14:36:25.982165180,P023,S,S12,Summer,Teen,West,39,No,2024,1
2024-01-09 16:47:50.639219932,P003,M,S11,Summer,Young Adult,West,73,No,2024,1
2024-01-09 18:59:15.296274688,P004,M,S11,Autumn,Adult,West,74,No,2024,1
2024-01-09 21:10:39.953329444,P026,M,S09,Summer,Teen,East,62,No,2024,1
2024-01-09 23:22:04.610384196,P025,L,S07,Autumn,Adult,East,59,No,2024,1
2024-01-10 01:33:29.267438952,P015,L,S07,Autumn,Senior,East,55,No,2024,1
2024-01-10 03:44:53.924493708,P006,M,S05,Autumn,Teen,North,58,No,2024,1
2024-01-10 05:56:18.581548460,P015,S,S07,Summer,Adult,East,47,No,2024,1
2024-01-10 08:07:43.238603216,P021,XL,S04,Spring,Senior,North,42,No,2024,1
2024-01-10 10:19:07.895657968,P003,S,S05,Spring,Adult,North,48,No,2024,1
2024-01-10 12:30:32.552712724,P025,XL,S12,Summer,Adult,West,48,No,2024,1
2024-01-10 14:41:57.209767480,P021,L,S01,Autumn,Young Adult,South,62,No,2024,1
2024-01-10 16:53:21.866822232,P021,M,S11,Summer,Senior,West,60,No,2024,1
2024-01-10 19:04:46.523876988,P014,M,S04,Winter,Young Adult,North,72,No,2024,1
2024-01-10 21:16:11.180931744,P020,S,S03,Spring,Senior,South,42,No,2024,1
2024-01-10 23:27:35.837986496,P014,M,S02,Autumn,Senior,South,62,No,2024,1
2024-01-11 01:39:00.495041252,P004,S,S02,Summer,Young Adult,South,49,No,2024,1
2024-01-11 03:50:25.152096008,P012,L,S08,Autumn,Young Adult,East,64,No,2024,1
2024-01-11 06:01:49.809150760,P017,M,S01,Winter,Young Adult,South,73,No,2024,1
2024-01-11 08:13:14.466205516,P007,L,S08,Autumn,Senior,East,49,No,2024,1
2024-01-11 10:24:39.123260272,P009,L,S09,Winter,Senior,East,61,No,2024,1
2024-01-11 12:36:03.780315024,P003,M,S06,Spring,Senior,North,63,No,2024,1
2024-01-11 14:47:28.437369780,P028,S,S01,Autumn,Senior,South,40,No,2024,1
2024-01-11 16:58:53.094424532,P013,S,S10,Summer,Senior,West,49,No,2024,1
2024-01-11 19:10:17.751479288,P015,S,S12,Autumn,Senior,West,36,No,2024,1
2024-01-11 21:21:42.408534044,P018,L,S07,Autumn,Adult,East,59,No,2024,1
2024-01-11 23:33:07.065588796,P019,M,S05,Winter,Young Adult,North,67,No,2024,1
2024-01-12 01:44:31.722643552,P001,L,S09,Winter,Senior,East,56,No,2024,1
2024-01-12 03:55:56.379698308,P006,M,S07,Summer,Adult,East,61,No,2024,1
2024-01-12 06:07:21.036753060,P027,M,S05,Spring,Teen,North,57,No,2024,1
2024-01-12 08:18:45.693807816,P027,L,S02,Spring,Adult,South,58,Yes,2024,1
2024-01-12 10:30:10.350862572,P023,L,S04,Winter,Young Adult,North,59,No,2024,1
2024-01-12 12:41:35.007917324,P027,M,S02,Summer,Teen,South,67,No,2024,1
2024-01-12 14:52:59.664972080,P027,S,S09,Autumn,Senior,East,43,No,2024,1
2024-01-12 17:04:24.322026832,P002,L,S02,Summer,Young Adult,South,64,No,2024,1
2024-01-12 19:15:48.979081588,P024,M,S02,Summer,Teen,South,60,No,2024,1
2024-01-12 21:27:13.636136344,P014,M,S02,Summer,Adult,South,66,No,2024,1
2024-01-12 23:38:38.293191096,P006,L,S01,Spring,Teen,South,53,No,2024,1
2024-01-13 01:50:02.950245852,P014,M,S09,Autumn,Young Adult,East,67,No,2024,1
2024-01-13 04:01:27.607300608,P004,L,S08,Summer,Teen,East,61,No,2024,1
2024-01-13 06:12:52.264355360,P021,L,S02,Spring,Adult,South,53,No,2024,1
2024-01-13 08:24:16.921410116,P008,L,S02,Spring,Teen,South,55,No,2024,1
2024-01-13 10:35:41.578464872,P030,L,S05,Winter,Adult,North,64,No,2024,1
2024-01-13 12:47:06.235519624,P003,L,S12,Autumn,Teen,West,48,No,2024,1
2024-01-13 14:58:30.892574380,P019,L,S12,Summer,Adult,West,64,No,2024,1
2024-01-13 17:09:55.549629136,P030,XL,S04,Autumn,Adult,North,42,No,2024,1
2024-01-13 19:21:20.206683888,P014,M,S02,Winter,Adult,South,69,No,2024,1
2024-01-13 21:32:44.863738644,P027,M,S08,Winter,Senior,East,66,No,2024,1
2024-01-13 23:44:09.520793396,P020,L,S08,Summer,Adult,East,62,No,2024,1
2024-01-14 01:55:34.177848152,P017,L,S04,Spring,Young Adult,North,62,No,2024,1
2024-01-14 04:06:58.834902908,P025,S,S04,Winter,Adult,North,53,No,2024,1
2024-01-14 06:18:23.491957660,P008,XL,S09,Spring,Senior,East,38,No,2024,1
2024-01-14 08:29:48.149012416,P024,S,S04,Winter,Senior,North,46,No,2024,1
2024-01-14 10:41:12.806067172,P014,L,S10,Autumn,Young Adult,West,61,No,2024,1
2024-01-14 12:52:37.463121924,P026,L,S11,Summer,Adult,West,51,No,2024,1
2024-01-14 15:04:02.120176680,P006,XXL,S09,Winter,Senior,East,35,No,2024,1
2024-01-14 17:15:26.777231436,P023,S,S03,Autumn,Senior,South,38,No,2024,1
2024-01-14 19:26:51.434286188,P022,L,S02,Winter,Teen,South,59,No,2024,1
2024-01-14 21:38:16.091340944,P016,M,S11,Summer,Teen,West,59,No,2024,1
2024-01-14 23:49:40.748395700,P025,M,S08,Autumn,Young Adult,East,59,No,2024,1
2024-01-15 02:01:05.405450452,P019,S,S12,Spring,Teen,West,43,No,2024,1
2024-01-15 04:12:30.062505208,P014,L,S03,Winter,Adult,South,61,No,2024,1
2024-01-15 06:23:54.719559960,P019,M,S02,Winter,Teen,South,64,No,2024,1
2024-01-15 08:35:19.376614716,P003,S,S11,Autumn,Senior,West,34,No,2024,1
2024-01-15 10:46:44.033669472,P010,L,S08,Summer,Young Adult,East,67,No,2024,1
2024-01-15 12:58:08.690724224,P019,L,S08,Winter,Teen,East,56,No,2024,1
2024-01-15 15:09:33.347778980,P009,L,S05,Autumn,Young Adult,North,64,No,2024,1
2024-01-15 17:20:58.004833736,P028,XL,S09,Summer,Adult,East,48,No,2024,1
2024-01-15 19:32:22.661888488,P020,M,S11,Winter,Adult,West,70,Yes,2024,1
2024-01-15 21:43:47.318943244,P013,XXL,S06,Autumn,Teen,North,29,Yes,2024,1
2024-01-15 23:55:11.975998000,P007,XL,S05,Summer,Teen,North,50,No,2024,1
2024-01-16 02:06:36.633052752,P014,M,S12,Winter,Teen,West,66,No,2024,1
2024-01-16 04:18:01.290107508,P009,M,S03,Winter,Senior,South,68,No,2024,1
2024-01-16 06:29:25.947162260,P027,M,S07,Summer,Adult,East,65,No,2024,1
2024-01-16 08:40:50.604217016,P028,M,S09,Summer,Senior,East,58,No,2024,1
2024-01-16 10:52:15.261271772,P023,L,S04,Autumn,Teen,North,44,No,2024,1
2024-01-16 13:03:39.918326524,P025,L,S11,Winter,Adult,West,59,No,2024,1
2024-01-16 15:15:04.575381280,P028,L,S07,Winter,Senior,East,51,No,2024,1
2024-01-16 17:26:29.232436036,P019,L,S12,Autumn,Senior,West,58,No,2024,1
2024-01-16 19:37:53.889490788,P015,S,S03,Winter,Young Adult,South,48,No,2024,1
2024-01-16 21:49:18.546545544,P020,XL,S11,Winter,Senior,West,51,Yes,2024,1
2024-01-17 00:00:43.203600300,P014,M,S02,Winter,Teen,South,64,No,2024,1
2024-01-17 02:12:07.860655052,P024,XXL,S11,Spring,Teen,West,36,No,2024,1
2024-01-17 04:23:32.517709808,P006,S,S01,Summer,Senior,South,41,No,2024,1
2024-01-17 06:34:57.174764564,P021,XXL,S06,Spring,Young Adult,North,35,Yes,2024,1
2024-01-17 08:46:21.831819316,P029,S,S05,Spring,Young Adult,North,53,No,2024,1
2024-01-17 10:57:46.488874072,P004,M,S02,Summer,Young Adult,South,67,No,2024,1
2024-01-17 13:09:11.145928824,P008,S,S03,Spring,Senior,South,34,No,2024,1
2024-01-17 15:20:35.802983580,P017,L,S09,Autumn,Senior,East,59,No,2024,1
2024-01-17 17:32:00.460038336,P030,XL,S03,Spring,Young Adult,South,46,No,2024,1
2024-01-17 19:43:25.117093088,P009,M,S07,Autumn,Senior,East,52,No,2024,1
2024-01-17 21:54:49.774147844,P001,XL,S01,Summer,Adult,South,54,No,2024,1
2024-01-18 00:06:14.431202600,P024,L,S07,Winter,Teen,East,51,No,2024,1
2024-01-18 02:17:39.088257352,P020,L,S09,Summer,Senior,East,50,No,2024,1
2024-01-18 04:29:03.745312108,P025,XL,S12,Summer,Adult,West,45,No,2024,1
2024-01-18 06:40:28.402366864,P014,M,S11,Spring,Senior,West,58,No,2024,1
2024-01-18 08:51:53.059421616,P011,M,S08,Summer,Adult,East,60,No,2024,1
2024-01-18 11:03:17.716476372,P021,XL,S07,Summer,Young Adult,East,41,No,2024,1
2024-01-18 13:14:42.373531128,P003,XL,S10,Autumn,Teen,West,40,No,2024,1
2024-01-18 15:26:07.030585880,P009,XXL,S08,Winter,Senior,East,37,No,2024,1
2024-01-18 17:37:31.687640636,P027,XL,S04,Spring,Adult,North,46,No,2024,1
2024-01-18 19:48:56.344695388,P014,S,S02,Winter,Adult,South,57,No,2024,1
2024-01-18 22:00:21.001750144,P030,XL,S11,Winter,Young Adult,West,55,Yes,2024,1
2024-01-19 00:11:45.658804900,P009,M,S09,Winter,Teen,East,69,No,2024,1
2024-01-19 02:23:10.315859652,P004,XXL,S03,Spring,Teen,South,41,No,2024,1
2024-01-19 04:34:34.972914408,P027,M,S11,Summer,Teen,West,71,No,2024,1
2024-01-19 06:45:59.629969164,P004,L,S04,Winter,Adult,North,60,No,2024,1
2024-01-19 08:57:24.287023916,P028,L,S07,Spring,Senior,East,54,No,2024,1
2024-01-19 11:08:48.944078672,P008,M,S02,Summer,Senior,South,60,No,2024,1
2024-01-19 13:20:13.601133428,P002,S,S08,Winter,Young Adult,East,54,No,2024,1
2024-01-19 15:31:38.258188180,P009,XL,S12,Autumn,Teen,West,41,No,2024,1
2024-01-19 17:43:02.915242936,P029,XL,S10,Spring,Senior,West,49,No,2024,1
2024-01-19 19:54:27.572297688,P014,S,S08,Winter,Adult,East,47,No,2024,1
2024-01-19 22:05:52.229352444,P022,L,S12,Spring,Adult,West,68,No,2024,1
2024-01-20 00:17:16.886407200,P009,L,S05,Autumn,Teen,North,61,No,2024,1
2024-01-20 02:28:41.543461952,P024,M,S09,Spring,Young Adult,East,68,No,2024,1
2024-01-20 04:40:06.200516708,P023,M,S08,Summer,Young Adult,East,63,No,2024,1
2024-01-20 06:51:30.857571464,P016,XL,S01,Winter,Teen,South,47,No,2024,1
2024-01-20 09:02:55.514626216,P029,L,S09,Spring,Adult,East,61,No,2024,1
2024-01-20 11:14:20.171680972,P030,L,S05,Spring,Young Adult,North,66,No,2024,1
2024-01-20 13:25:44.828735728,P017,L,S09,Winter,Adult,East,59,No,2024,1
2024-01-20 15:37:09.485790480,P016,S,S09,Autumn,Adult,East,37,No,2024,1
2024-01-20 17:48:34.142845236,P030,M,S10,Autumn,Senior,West,57,No,2024,1
2024-01-20 19:59:58.799899992,P012,M,S10,Winter,Young Adult,West,71,No,2024,1
2024-01-20 22:11:23.456954744,P003,M,S03,Winter,Adult,South,73,No,2024,1
2024-01-21 00:22:48.114009500,P011,L,S08,Summer,Senior,East,52,No,2024,1
2024-01-21 02:34:12.771064252,P014,XL,S07,Spring,Adult,East,53,No,2024,1
2024-01-21 04:45:37.428119008,P018,M,S07,Spring,Teen,East,62,No,2024,1
2024-01-21 06:57:02.085173764,P021,M,S12,Autumn,Young Adult,West,69,No,2024,1
2024-01-21 09:08:26.742228516,P021,L,S10,Summer,Adult,West,52,No,2024,1
2024-01-21 11:19:51.399283272,P005,XL,S02,Spring,Young Adult,South,43,Yes,2024,1
2024-01-21 13:31:16.056338028,P016,L,S02,Summer,Senior,South,55,Yes,2024,1
2024-01-21 15:42:40.713392780,P020,XL,S02,Winter,Young Adult,South,52,No,2024,1
2024-01-21 17:54:05.370447536,P005,L,S11,Spring,Adult,West,62,No,2024,1
2024-01-21 20:05:30.027502292,P003,L,S02,Winter,Young Adult,South,63,No,2024,1
2024-01-21 22:16:54.684557044,P012,S,S04,Autumn,Teen,North,46,No,2024,1
2024-01-22 00:28:19.341611800,P001,M,S07,Autumn,Teen,East,60,No,2024,1
2024-01-22 02:39:43.998666552,P021,M,S02,Winter,Senior,South,69,No,2024,1
2024-01-22 04:51:08.655721308,P029,L,S05,Autumn,Adult,North,63,No,2024,1
2024-01-22 07:02:33.312776064,P009,XL,S07,Winter,Young Adult,East,50,No,2024,1
2024-01-22 09:13:57.969830816,P029,XL,S09,Winter,Senior,East,56,No,2024,1
2024-01-22 11:25:22.626885572,P009,S,S08,Winter,Senior,East,49,No,2024,1
2024-01-22 13:36:47.283940328,P004,M,S09,Autumn,Adult,East,60,No,2024,1
2024-01-22 15:48:11.940995080,P003,M,S07,Autumn,Young Adult,East,63,No,2024,1
2024-01-22 17:59:36.598049836,P017,M,S03,Autumn,Senior,South,65,No,2024,1
2024-01-22 20:11:01.255104592,P002,L,S01,Winter,Senior,South,70,No,2024,1
2024-01-22 22:22:25.912159344,P024,XL,S10,Summer,Adult,West,57,No,2024,1
2024-01-23 00:33:50.569214100,P001,XXL,S07,Autumn,Adult,East,42,No,2024,1
2024-01-23 02:45:15.226268856,P008,L,S11,Summer,Senior,West,56,No,2024,1
2024-01-23 04:56:39.883323608,P013,XL,S06,Autumn,Young Adult,North,43,Yes,2024,1
2024-01-23 07:08:04.540378364,P023,L,S02,Spring,Senior,South,55,No,2024,1
2024-01-23 09:19:29.197433116,P015,M,S01,Spring,Teen,South,68,No,2024,1
2024-01-23 11:30:53.854487872,P008,L,S12,Spring,Adult,West,52,No,2024,1
2024-01-23 13:42:18.511542628,P012,L,S10,Summer,Teen,West,53,No,2024,1
2024-01-23 15:53:43.168597380,P022,L,S04,Autumn,Young Adult,North,62,Yes,2024,1
2024-01-23 18:05:07.825652136,P012,M,S04,Winter,Adult,North,70,No,2024,1
2024-01-23 20:16:32.482706892,P014,M,S06,Summer,Young Adult,North,64,No,2024,1
2024-01-23 22:27:57.139761644,P015,M,S11,Autumn,Teen,West,55,No,2024,1
2024-01-24 00:39:21.796816400,P015,XXL,S05,Spring,Young Adult,North,40,No,2024,1
2024-01-24 02:50:46.453871156,P009,M,S09,Summer,Adult,East,62,No,2024,1
2024-01-24 05:02:11.110925908,P019,L,S08,Autumn,Teen,East,54,No,2024,1
2024-01-24 07:13:35.767980664,P026,L,S09,Winter,Adult,East,50,No,2024,1
2024-01-24 09:25:00.425035416,P020,M,S10,Summer,Teen,West,66,No,2024,1
2024-01-24 11:36:25.082090172,P029,L,S07,Winter,Senior,East,55,Yes,2024,1
2024-01-24 13:47:49.739144928,P022,XL,S09,Summer,Young Adult,East,60,No,2024,1
2024-01-24 15:59:14.396199680,P008,M,S03,Spring,Young Adult,South,71,No,2024,1
2024-01-24 18:10:39.053254436,P021,XL,S09,Spring,Adult,East,42,No,2024,1
2024-01-24 20:22:03.710309192,P019,M,S02,Spring,Senior,South,58,No,2024,1
2024-01-24 22:33:28.367363944,P006,S,S09,Winter,Adult,East,40,No,2024,1
2024-01-25 00:44:53.024418700,P020,XL,S06,Spring,Adult,North,43,No,2024,1
2024-01-25 02:56:17.681473456,P025,XL,S04,Winter,Teen,North,52,No,2024,1
2024-01-25 05:07:42.338528208,P029,XXL,S12,Winter,Senior,West,49,No,2024,1
2024-01-25 07:19:06.995582964,P019,L,S12,Winter,Teen,West,58,No,2024,1
2024-01-25 09:30:31.652637720,P004,XL,S11,Spring,Adult,West,50,No,2024,1
2024-01-25 11:41:56.309692472,P023,XL,S02,Autumn,Teen,South,47,No,2024,1
2024-01-25 13:53:20.966747228,P007,XL,S10,Winter,Teen,West,61,No,2024,1
2024-01-25 16:04:45.623801980,P028,L,S03,Autumn,Young Adult,South,64,No,2024,1
2024-01-25 18:16:10.280856736,P028,M,S05,Winter,Senior,North,64,No,2024,1
2024-01-25 20:27:34.937911492,P004,XL,S09,Spring,Young Adult,East,54,No,2024,1
2024-01-25 22:38:59.594966244,P022,M,S07,Spring,Senior,East,65,No,2024,1
2024-01-26 00:50:24.252021000,P012,L,S11,Spring,Young Adult,West,59,No,2024,1
2024-01-26 03:01:48.909075756,P013,M,S12,Summer,Adult,West,61,No,2024,1
2024-01-26 05:13:13.566130508,P003,L,S11,Spring,Young Adult,West,56,No,2024,1
2024-01-26 07:24:38.223185264,P022,M,S03,Autumn,Senior,South,67,No,2024,1
2024-01-26 09:36:02.880240020,P012,S,S04,Winter,Senior,North,51,No,2024,1
2024-01-26 11:47:27.537294772,P002,XL,S12,Autumn,Senior,West,48,No,2024,1
2024-01-26 13:58:52.194349528,P024,M,S11,Summer,Young Adult,West,75,No,2024,1
2024-01-26 16:10:16.851404284,P002,L,S02,Autumn,Teen,South,60,No,2024,1
2024-01-26 18:21:41.508459036,P027,S,S08,Winter,Young Adult,East,57,No,2024,1
2024-01-26 20:33:06.165513792,P023,S,S06,Winter,Teen,North,38,No,2024,1
2024-01-26 22:44:30.822568544,P009,M,S03,Spring,Young Adult,South,67,No,2024,1
2024-01-27 00:55:55.479623300,P001,L,S05,Summer,Adult,North,66,No,2024,1
2024-01-27 03:07:20.136678056,P008,S,S05,Summer,Adult,North,46,Yes,2024,1
2024-01-27 05:18:44.793732808,P023,XL,S12,Autumn,Young Adult,West,48,No,2024,1
2024-01-27 07:30:09.450787564,P006,M,S01,Spring,Young Adult,South,70,No,2024,1
2024-01-27 09:41:34.107842320,P006,M,S05,Spring,Young Adult,North,68,No,2024,1
2024-01-27 11:52:58.764897072,P022,M,S06,Spring,Adult,North,69,No,2024,1
2024-01-27 14:04:23.421951828,P025,S,S10,Winter,Teen,West,41,No,2024,1
2024-01-27 16:15:48.079006584,P018,L,S10,Summer,Senior,West,55,No,2024,1
2024-01-27 18:27:12.736061336,P017,XL,S11,Autumn,Teen,West,51,No,2024,1
2024-01-27 20:38:37.393116092,P029,L,S11,Autumn,Young Adult,West,59,No,2024,1
2024-01-27 22:50:02.050170844,P012,M,S11,Autumn,Adult,West,63,No,2024,1
2024-01-28 01:01:26.707225600,P006,M,S02,Spring,Senior,South,58,No,2024,1
2024-01-28 03:12:51.364280356,P026,M,S03,Summer,Teen,South,58,No,2024,1
2024-01-28 05:24:16.021335108,P027,XXL,S10,Summer,Young Adult,West,41,No,2024,1
2024-01-28 07:35:40.678389864,P008,M,S05,Winter,Adult,North,68,No,2024,1
2024-01-28 09:47:05.335444620,P019,L,S03,Winter,Adult,South,68,No,2024,1
2024-01-28 11:58:29.992499372,P028,M,S05,Winter,Senior,North,57,No,2024,1
2024-01-28 14:09:54.649554128,P010,M,S05,Autumn,Teen,North,68,No,2024,1
2024-01-28 16:21:19.306608884,P001,M,S08,Autumn,Adult,East,69,No,2024,1
2024-01-28 18:32:43.963663636,P025,S,S10,Summer,Young Adult,West,50,No,2024,1
2024-01-28 20:44:08.620718392,P029,L,S09,Winter,Young Adult,East,64,Yes,2024,1
2024-01-28 22:55:33.277773148,P013,M,S08,Autumn,Senior,East,50,No,2024,1
2024-01-29 01:06:57.934827900,P017,L,S12,Winter,Teen,West,59,No,2024,1
2024-01-29 03:18:22.591882656,P003,S,S03,Winter,Adult,South,43,No,2024,1
2024-01-29 05:29:47.248937408,P008,XXL,S01,Summer,Senior,South,31,No,2024,1
2024-01-29 07:41:11.905992164,P014,M,S03,Summer,Teen,South,75,No,2024,1
2024-01-29 09:52:36.563046920,P003,XL,S01,Autumn,Teen,South,41,No,2024,1
2024-01-29 12:04:01.220101672,P016,XL,S11,Summer,Adult,West,51,No,2024,1
2024-01-29 14:15:25.877156428,P013,XXL,S09,Winter,Senior,East,37,No,2024,1
2024-01-29 16:26:50.534211184,P020,M,S12,Summer,Senior,West,60,No,2024,1
2024-01-29 18:38:15.191265936,P024,L,S03,Winter,Senior,South,54,No,2024,1
2024-01-29 20:49:39.848320692,P017,M,S08,Winter,Senior,East,70,No,2024,1
2024-01-29 23:01:04.505375448,P013,M,S06,Autumn,Teen,North,52,No,2024,1
2024-01-30 01:12:29.162430200,P029,M,S03,Autumn,Senior,South,72,No,2024,1
2024-01-30 03:23:53.819484956,P006,M,S09,Autumn,Senior,East,52,No,2024,1
2024-01-30 05:35:18.476539712,P017,XXL,S08,Winter,Adult,East,45,No,2024,1
2024-01-30 07:46:43.133594464,P014,S,S03,Summer,Young Adult,South,49,No,2024,1
2024-01-30 09:58:07.790649220,P017,L,S07,Autumn,Teen,East,55,No,2024,1
2024-01-30 12:09:32.447703972,P030,L,S05,Autumn,Adult,North,51,No,2024,1
2024-01-30 14:20:57.104758728,P008,L,S02,Summer,Adult,South,66,No,2024,1
2024-01-30 16:32:21.761813484,P011,L,S08,Summer,Adult,East,63,No,2024,1
2024-01-30 18:43:46.418868236,P020,S,S01,Autumn,Teen,South,33,No,2024,1
2024-01-30 20:55:11.075922992,P028,L,S04,Winter,Young Adult,North,69,No,2024,1
2024-01-30 23:06:35.732977748,P001,M,S11,Winter,Teen,West,79,No,2024,1
2024-01-31 01:18:00.390032500,P026,XL,S11,Autumn,Senior,West,45,No,2024,1
2024-01-31 03:29:25.047087256,P007,L,S12,Summer,Young Adult,West,62,No,2024,1
2024-01-31 05:40:49.704142012,P021,XXL,S04,Winter,Teen,North,36,No,2024,1
2024-01-31 07:52:14.361196764,P021,S,S10,Summer,Teen,West,38,No,2024,1
2024-01-31 10:03:39.018251520,P017,M,S05,Spring,Senior,North,69,Yes,2024,1
2024-01-31 12:15:03.675306272,P030,M,S04,Summer,Teen,North,65,No,2024,1
2024-01-31 14:26:28.332361028,P010,S,S01,Summer,Young Adult,South,62,No,2024,1
2024-01-31 16:37:52.989415784,P011,M,S07,Spring,Adult,East,61,No,2024,1
2024-01-31 18:49:17.646470536,P022,L,S10,Winter,Teen,West,70,No,2024,1
2024-01-31 21:00:42.303525292,P030,M,S11,Winter,Teen,West,69,No,2024,1
2024-01-31 23:12:06.960580048,P009,L,S02,Winter,Young Adult,South,66,No,2024,1
2024-02-01 01:23:31.617634800,P009,XL,S10,Autumn,Teen,West,47,No,2024,2
2024-02-01 03:34:56.274689556,P024,L,S03,Spring,Adult,South,65,No,2024,2
2024-02-01 05:46:20.931744312,P005,M,S05,Summer,Senior,North,55,No,2024,2
2024-02-01 07:57:45.588799064,P017,M,S08,Spring,Senior,East,66,No,2024,2
2024-02-01 10:09:10.245853820,P009,M,S10,Spring,Senior,West,66,No,2024,2
2024-02-01 12:20:34.902908576,P017,M,S08,Spring,Adult,East,60,No,2024,2
2024-02-01 14:31:59.559963328,P024,L,S02,Spring,Senior,South,54,No,2024,2
2024-02-01 16:43:24.217018084,P021,M,S09,Spring,Young Adult,East,56,No,2024,2
2024-02-01 18:54:48.874072836,P019,XL,S06,Spring,Young Adult,North,48,No,2024,2
2024-02-01 21:06:13.531127592,P027,L,S09,Autumn,Adult,East,57,No,2024,2
2024-02-01 23:17:38.188182348,P007,L,S04,Spring,Adult,North,68,No,2024,2
2024-02-02 01:29:02.845237100,P023,M,S03,Spring,Adult,South,69,No,2024,2
2024-02-02 03:40:27.502291856,P009,M,S05,Winter,Young Adult,North,64,No,2024,2
2024-02-02 05:51:52.159346612,P007,L,S05,Spring,Adult,North,59,No,2024,2
2024-02-02 08:03:16.816401364,P013,M,S04,Spring,Adult,North,57,No,2024,2
2024-02-02 10:14:41.473456120,P011,M,S07,Winter,Senior,East,59,No,2024,2
2024-02-02 12:26:06.130510876,P014,M,S08,Winter,Adult,East,68,No,2024,2
2024-02-02 14:37:30.787565628,P019,M,S05,Winter,Teen,North,57,No,2024,2
2024-02-02 16:48:55.444620384,P011,L,S09,Summer,Senior,East,57,No,2024,2
2024-02-02 19:00:20.101675136,P013,M,S07,Spring,Young Adult,East,64,No,2024,2
2024-02-02 21:11:44.758729892,P014,L,S07,Spring,Young Adult,East,59,No,2024,2
2024-02-02 23:23:09.415784648,P013,M,S08,Spring,Young Adult,East,64,Yes,2024,2
2024-02-03 01:34:34.072839400,P001,L,S12,Winter,Senior,West,68,No,2024,2
2024-02-03 03:45:58.729894156,P008,XL,S04,Autumn,Young Adult,North,44,No,2024,2
2024-02-03 05:57:23.386948912,P012,XL,S10,Spring,Senior,West,47,No,2024,2
2024-02-03 08:08:48.044003664,P019,M,S06,Winter,Senior,North,64,No,2024,2
2024-02-03 10:20:12.701058420,P012,S,S05,Winter,Teen,North,51,No,2024,2
2024-02-03 12:31:37.358113176,P008,M,S01,Winter,Teen,South,60,No,2024,2
2024-02-03 14:43:02.015167928,P008,L,S09,Summer,Teen,East,60,No,2024,2
2024-02-03 16:54:26.672222684,P029,L,S02,Winter,Teen,South,63,No,2024,2
2024-02-03 19:05:51.329277440,P021,L,S06,Autumn,Teen,North,52,No,2024,2
2024-02-03 21:17:15.986332192,P013,M,S08,Summer,Young Adult,East,73,No,2024,2
2024-02-03 23:28:40.643386948,P012,L,S03,Winter,Young Adult,South,66,No,2024,2
2024-02-04 01:40:05.300441700,P029,M,S05,Autumn,Young Adult,North,72,No,2024,2
2024-02-04 03:51:29.957496456,P016,L,S07,Autumn,Teen,East,51,No,2024,2
2024-02-04 06:02:54.614551212,P001,M,S04,Spring,Adult,North,71,No,2024,2
2024-02-04 08:14:19.271605964,P013,L,S12,Winter,Young Adult,West,61,No,2024,2
2024-02-04 10:25:43.928660720,P026,S,S05,Winter,Young Adult,North,51,No,2024,2
2024-02-04 12:37:08.585715476,P007,M,S01,Spring,Adult,South,66,No,2024,2
2024-02-04 14:48:33.242770228,P028,L,S04,Autumn,Teen,North,50,No,2024,2
2024-02-04 16:59:57.899824984,P026,M,S07,Winter,Senior,East,57,No,2024,2
2024-02-04 19:11:22.556879740,P005,L,S12,Spring,Adult,West,59,No,2024,2
2024-02-04 21:22:47.213934492,P008,L,S10,Spring,Adult,West,62,No,2024,2
2024-02-04 23:34:11.870989248,P025,L,S07,Autumn,Young Adult,East,63,No,2024,2
2024-02-05 01:45:36.528044000,P027,M,S10,Autumn,Young Adult,West,70,No,2024,2
2024-02-05 03:57:01.185098756,P014,M,S10,Winter,Teen,West,73,No,2024,2
2024-02-05 06:08:25.842153512,P023,L,S04,Winter,Senior,North,59,No,2024,2
2024-02-05 08:19:50.499208264,P030,M,S12,Summer,Senior,West,67,No,2024,2
2024-02-05 10:31:15.156263020,P013,L,S06,Autumn,Adult,North,48,No,2024,2
2024-02-05 12:42:39.813317776,P015,M,S05,Summer,Teen,North,61,No,2024,2
2024-02-05 14:54:04.470372528,P023,M,S01,Summer,Senior,South,55,No,2024,2
2024-02-05 17:05:29.127427284,P017,M,S08,Spring,Adult,East,70,No,2024,2
2024-02-05 19:16:53.784482040,P015,S,S12,Spring,Young Adult,West,52,No,2024,2
2024-02-05 21:28:18.441536792,P020,M,S07,Winter,Senior,East,59,No,2024,2
2024-02-05 23:39:43.098591548,P018,L,S05,Autumn,Adult,North,52,No,2024,2
2024-02-06 01:51:07.755646304,P018,L,S10,Autumn,Senior,West,61,No,2024,2
2024-02-06 04:02:32.412701056,P002,M,S10,Summer,Teen,West,69,No,2024,2
2024-02-06 06:13:57.069755812,P004,XXL,S07,Summer,Adult,East,38,No,2024,2
2024-02-06 08:25:21.726810564,P030,L,S10,Winter,Teen,West,59,No,2024,2
2024-02-06 10:36:46.383865320,P001,XL,S03,Spring,Adult,South,57,No,2024,2
2024-02-06 12:48:11.040920076,P004,L,S08,Autumn,Young Adult,East,62,No,2024,2
2024-02-06 14:59:35.697974828,P018,L,S05,Autumn,Senior,North,58,No,2024,2
2024-02-06 17:11:00.355029584,P005,S,S02,Autumn,Young Adult,South,40,No,2024,2
2024-02-06 19:22:25.012084340,P019,M,S02,Autumn,Teen,South,56,No,2024,2
2024-02-06 21:33:49.669139092,P015,S,S04,Spring,Senior,North,43,No,2024,2
2024-02-06 23:45:14.326193848,P028,L,S07,Winter,Young Adult,East,58,No,2024,2
2024-02-07 01:56:38.983248604,P008,M,S10,Winter,Adult,West,63,No,2024,2
2024-02-07 04:08:03.640303356,P020,L,S04,Spring,Adult,North,60,No,2024,2
2024-02-07 06:19:28.297358112,P017,M,S09,Winter,Young Adult,East,69,Yes,2024,2
2024-02-07 08:30:52.954412868,P001,XL,S02,Winter,Senior,South,55,No,2024,2
2024-02-07 10:42:17.611467620,P012,S,S06,Summer,Teen,North,44,No,2024,2
2024-02-07 12:53:42.268522376,P026,M,S04,Spring,Adult,North,64,No,2024,2
2024-02-07 15:05:06.925577128,P019,M,S06,Winter,Teen,North,63,No,2024,2
2024-02-07 17:16:31.582631884,P015,M,S10,Summer,Senior,West,56,No,2024,2
2024-02-07 19:27:56.239686640,P009,M,S09,Spring,Senior,East,65,No,2024,2
2024-02-07 21:39:20.896741392,P007,L,S10,Spring,Adult,West,58,No,2024,2
2024-02-07 23:50:45.553796148,P002,S,S12,Autumn,Teen,West,39,No,2024,2
2024-02-08 02:02:10.210850904,P029,M,S09,Summer,Senior,East,63,No,2024,2
2024-02-08 04:13:34.867905656,P009,XL,S09,Summer,Teen,East,50,No,2024,2
2024-02-08 06:24:59.524960412,P010,S,S09,Summer,Adult,East,45,No,2024,2
2024-02-08 08:36:24.182015168,P002,XL,S03,Spring,Adult,South,52,No,2024,2
2024-02-08 10:47:48.839069920,P019,XXL,S12,Autumn,Senior,West,26,No,2024,2
2024-02-08 12:59:13.496124676,P011,S,S11,Spring,Senior,West,47,No,2024,2
2024-02-08 15:10:38.153179428,P013,M,S09,Winter,Teen,East,67,No,2024,2
2024-02-08 17:22:02.810234184,P010,M,S03,Winter,Senior,South,79,No,2024,2
2024-02-08 19:33:27.467288940,P014,L,S10,Winter,Adult,West,68,No,2024,2
2024-02-08 21:44:52.124343692,P018,L,S03,Autumn,Senior,South,62,No,2024,2
2024-02-08 23:56:16.781398448,P019,L,S05,Spring,Young Adult,North,59,No,2024,2
2024-02-09 02:07:41.438453204,P022,L,S06,Summer,Adult,North,61,No,2024,2
2024-02-09 04:19:06.095507956,P009,S,S09,Winter,Teen,East,50,No,2024,2
2024-02-09 06:30:30.752562712,P025,XL,S01,Winter,Senior,South,46,No,2024,2
2024-02-09 08:41:55.409617468,P007,L,S08,Spring,Senior,East,53,No,2024,2
2024-02-09 10:53:20.066672220,P028,L,S04,Summer,Adult,North,60,No,2024,2
2024-02-09 13:04:44.723726976,P003,XL,S10,Autumn,Adult,West,42,No,2024,2
2024-02-09 15:16:09.380781732,P020,L,S07,Winter,Teen,East,56,No,2024,2
2024-02-09 17:27:34.037836484,P006,M,S06,Winter,Adult,North,75,No,2024,2
2024-02-09 19:38:58.694891240,P027,M,S06,Winter,Teen,North,70,No,2024,2
2024-02-09 21:50:23.351945992,P021,M,S07,Summer,Senior,East,62,No,2024,2
2024-02-10 00:01:48.009000748,P002,S,S04,Winter,Teen,North,48,No,2024,2
2024-02-10 02:13:12.666055504,P029,XXL,S06,Summer,Teen,North,39,Yes,2024,2
2024-02-10 04:24:37.323110256,P006,S,S03,Winter,Teen,South,49,No,2024,2
2024-02-10 06:36:01.980165012,P003,L,S05,Winter,Senior,North,50,No,2024,2
2024-02-10 08:47:26.637219768,P016,L,S02,Summer,Young Adult,South,73,No,2024,2
2024-02-10 10:58:51.294274520,P030,S,S03,Summer,Young Adult,South,51,No,2024,2
2024-02-10 13:10:15.951329276,P008,XL,S09,Autumn,Teen,East,42,No,2024,2
2024-02-10 15:21:40.608384032,P002,XL,S06,Spring,Adult,North,46,No,2024,2
2024-02-10 17:33:05.265438784,P017,L,S03,Winter,Young Adult,South,70,No,2024,2
2024-02-10 19:44:29.922493540,P009,M,S02,Winter,Senior,South,69,No,2024,2
2024-02-10 21:55:54.579548296,P030,S,S05,Spring,Teen,North,45,No,2024,2
2024-02-11 00:07:19.236603048,P012,M,S10,Spring,Young Adult,West,75,No,2024,2
2024-02-11 02:18:43.893657804,P003,M,S05,Spring,Senior,North,60,No,2024,2
2024-02-11 04:30:08.550712556,P011,L,S01,Winter,Teen,South,66,No,2024,2
2024-02-11 06:41:33.207767312,P001,XXL,S03,Winter,Young Adult,South,50,No,2024,2
2024-02-11 08:52:57.864822068,P023,L,S07,Winter,Teen,East,48,No,2024,2
2024-02-11 11:04:22.521876820,P013,XL,S09,Summer,Young Adult,East,46,Yes,2024,2
2024-02-11 13:15:47.178931576,P015,L,S05,Autumn,Young Adult,North,62,No,2024,2
2024-02-11 15:27:11.835986332,P026,M,S04,Autumn,Adult,North,61,No,2024,2
2024-02-11 17:38:36.493041084,P005,XL,S03,Spring,Young Adult,South,45,No,2024,2
2024-02-11 19:50:01.150095840,P021,M,S10,Spring,Adult,West,66,No,2024,2
2024-02-11 22:01:25.807150596,P030,XL,S09,Winter,Senior,East,50,Yes,2024,2
2024-02-12 00:12:50.464205348,P017,M,S07,Autumn,Young Adult,East,66,No,2024,2
2024-02-12 02:24:15.121260104,P025,S,S12,Autumn,Teen,West,46,No,2024,2
2024-02-12 04:35:39.778314856,P023,XL,S07,Summer,Adult,East,44,No,2024,2
2024-02-12 06:47:04.435369612,P024,L,S08,Winter,Young Adult,East,66,No,2024,2
2024-02-12 08:58:29.092424368,P025,XL,S10,Winter,Adult,West,50,No,2024,2
2024-02-12 11:09:53.749479120,P006,XL,S01,Autumn,Teen,South,42,No,2024,2
2024-02-12 13:21:18.406533876,P028,S,S11,Autumn,Teen,West,38,No,2024,2
2024-02-12 15:32:43.063588632,P021,L,S04,Summer,Teen,North,54,Yes,2024,2
2024-02-12 17:44:07.720643384,P022,M,S05,Summer,Senior,North,66,No,2024,2
2024-02-12 19:55:32.377698140,P011,L,S05,Winter,Senior,North,65,No,2024,2
2024-02-12 22:06:57.034752896,P018,L,S01,Summer,Teen,South,53,No,2024,2
2024-02-13 00:18:21.691807648,P004,M,S03,Autumn,Senior,South,69,No,2024,2
2024-02-13 02:29:46.348862404,P003,L,S02,Winter,Senior,South,57,No,2024,2
2024-02-13 04:41:11.005917160,P013,L,S12,Autumn,Senior,West,50,No,2024,2
2024-02-13 06:52:35.662971912,P023,S,S07,Winter,Senior,East,38,No,2024,2
2024-02-13 09:04:00.320026668,P009,XL,S05,Winter,Senior,North,49,No,2024,2
2024-02-13 11:15:24.977081420,P021,L,S03,Autumn,Senior,South,46,No,2024,2
2024-02-13 13:26:49.634136176,P006,XL,S11,Winter,Teen,West,44,No,2024,2
2024-02-13 15:38:14.291190932,P026,M,S08,Winter,Senior,East,53,Yes,2024,2
2024-02-13 17:49:38.948245684,P030,S,S01,Summer,Senior,South,44,No,2024,2
2024-02-13 20:01:03.605300440,P028,L,S01,Autumn,Adult,South,62,No,2024,2
2024-02-13 22:12:28.262355196,P012,S,S06,Autumn,Adult,North,49,Yes,2024,2
2024-02-14 00:23:52.919409948,P002,XXL,S01,Summer,Senior,South,39,No,2024,2
2024-02-14 02:35:17.576464704,P003,S,S04,Winter,Young Adult,North,52,No,2024,2
2024-02-14 04:46:42.233519460,P003,L,S06,Spring,Young Adult,North,63,No,2024,2
2024-02-14 06:58:06.890574212,P028,L,S01,Spring,Senior,South,53,Yes,2024,2
2024-02-14 09:09:31.547628968,P012,M,S09,Autumn,Teen,East,62,No,2024,2
2024-02-14 11:20:56.204683720,P015,S,S04,Summer,Teen,North,38,No,2024,2
2024-02-14 13:32:20.861738476,P009,L,S09,Winter,Adult,East,63,No,2024,2
2024-02-14 15:43:45.518793232,P023,L,S09,Summer,Teen,East,55,No,2024,2
2024-02-14 17:55:10.175847984,P008,M,S06,Winter,Teen,North,70,No,2024,2
2024-02-14 20:06:34.832902740,P011,XL,S07,Autumn,Teen,East,42,No,2024,2
2024-02-14 22:17:59.489957496,P016,M,S01,Autumn,Senior,South,60,No,2024,2
2024-02-15 00:29:24.147012248,P026,M,S05,Spring,Senior,North,62,No,2024,2
2024-02-15 02:40:48.804067004,P027,L,S03,Summer,Young Adult,South,72,No,2024,2
2024-02-15 04:52:13.461121760,P025,S,S10,Autumn,Adult,West,43,No,2024,2
2024-02-15 07:03:38.118176512,P022,XL,S10,Summer,Young Adult,West,52,No,2024,2
2024-02-15 09:15:02.775231268,P004,M,S06,Autumn,Teen,North,67,No,2024,2
2024-02-15 11:26:27.432286024,P028,S,S04,Winter,Teen,North,44,No,2024,2
2024-02-15 13:37:52.089340776,P001,M,S09,Winter,Young Adult,East,69,No,2024,2
2024-02-15 15:49:16.746395532,P024,L,S07,Spring,Young Adult,East,58,No,2024,2
2024-02-15 18:00:41.403450284,P007,L,S04,Autumn,Senior,North,58,No,2024,2
2024-02-15 20:12:06.060505040,P002,L,S11,Spring,Senior,West,61,No,2024,2
2024-02-15 22:23:30.717559796,P024,S,S06,Spring,Adult,North,44,No,2024,2
2024-02-16 00:34:55.374614548,P028,M,S02,Autumn,Senior,South,56,No,2024,2
2024-02-16 02:46:20.031669304,P005,XL,S03,Autumn,Teen,South,41,No,2024,2
2024-02-16 04:57:44.688724060,P007,S,S11,Winter,Teen,West,51,No,2024,2
2024-02-16 07:09:09.345778812,P004,XL,S07,Spring,Young Adult,East,46,No,2024,2
2024-02-16 09:20:34.002833568,P005,S,S11,Winter,Adult,West,44,No,2024,2
2024-02-16 11:31:58.659888324,P024,XL,S12,Summer,Senior,West,53,Yes,2024,2
2024-02-16 13:43:23.316943076,P001,M,S04,Summer,Adult,North,77,No,2024,2
2024-02-16 15:54:47.973997832,P001,L,S12,Spring,Teen,West,60,No,2024,2
2024-02-16 18:06:12.631052584,P015,M,S10,Spring,Teen,West,56,No,2024,2
2024-02-16 20:17:37.288107340,P020,S,S07,Autumn,Senior,East,32,No,2024,2
2024-02-16 22:29:01.945162096,P019,M,S09,Autumn,Senior,East,54,No,2024,2
2024-02-17 00:40:26.602216848,P029,S,S05,Spring,Senior,North,47,No,2024,2
2024-02-17 02:51:51.259271604,P010,M,S01,Spring,Young Adult,South,72,No,2024,2
2024-02-17 05:03:15.916326360,P028,L,S05,Summer,Teen,North,60,No,2024,2
2024-02-17 07:14:40.573381112,P018,L,S06,Winter,Young Adult,North,57,No,2024,2
2024-02-17 09:26:05.230435868,P028,L,S11,Summer,Teen,West,53,No,2024,2
2024-02-17 11:37:29.887490624,P003,L,S02,Summer,Senior,South,61,No,2024,2
2024-02-17 13:48:54.544545376,P011,L,S08,Winter,Teen,East,62,No,2024,2
2024-02-17 16:00:19.201600132,P015,M,S02,Spring,Teen,South,54,No,2024,2
2024-02-17 18:11:43.858654888,P027,M,S09,Spring,Adult,East,67,No,2024,2
2024-02-17 20:23:08.515709640,P030,M,S02,Summer,Teen,South,71,Yes,2024,2
2024-02-17 22:34:33.172764396,P011,XL,S03,Summer,Teen,South,50,No,2024,2
2024-02-18 00:45:57.829819148,P017,M,S08,Winter,Adult,East,75,No,2024,2
2024-02-18 02:57:22.486873904,P017,S,S11,Autumn,Senior,West,44,No,2024,2
2024-02-18 05:08:47.143928660,P006,L,S06,Autumn,Adult,North,51,No,2024,2
2024-02-18 07:20:11.800983412,P005,M,S01,Spring,Senior,South,55,No,2024,2
2024-02-18 09:31:36.458038168,P008,XL,S04,Autumn,Senior,North,34,No,2024,2
2024-02-18 11:43:01.115092924,P002,XL,S05,Spring,Senior,North,44,Yes,2024,2
2024-02-18 13:54:25.772147676,P016,S,S11,Spring,Teen,West,43,No,2024,2
2024-02-18 16:05:50.429202432,P020,S,S03,Spring,Adult,South,48,No,2024,2
2024-02-18 18:17:15.086257188,P024,M,S01,Winter,Adult,South,73,No,2024,2
2024-02-18 20:28:39.743311940,P012,L,S03,Summer,Adult,South,59,No,2024,2
2024-02-18 22:40:04.400366696,P006,M,S09,Autumn,Adult,East,57,No,2024,2
2024-02-19 00:51:29.057421452,P001,L,S02,Winter,Young Adult,South,72,No,2024,2
2024-02-19 03:02:53.714476204,P004,L,S01,Autumn,Teen,South,66,No,2024,2
2024-02-19 05:14:18.371530960,P017,M,S07,Winter,Young Adult,East,68,No,2024,2
2024-02-19 07:25:43.028585712,P013,S,S07,Autumn,Teen,East,30,No,2024,2
2024-02-19 09:37:07.685640468,P018,L,S05,Autumn,Adult,North,51,No,2024,2
2024-02-19 11:48:32.342695224,P005,M,S02,Summer,Young Adult,South,61,Yes,2024,2
2024-02-19 13:59:56.999749976,P030,XL,S01,Autumn,Senior,South,48,No,2024,2
2024-02-19 16:11:21.656804732,P024,M,S05,Winter,Adult,North,74,No,2024,2
2024-02-19 18:22:46.313859488,P024,L,S10,Autumn,Adult,West,65,Yes,2024,2
2024-02-19 20:34:10.970914240,P027,XL,S04,Summer,Senior,North,44,No,2024,2
2024-02-19 22:45:35.627968996,P003,XL,S09,Autumn,Adult,East,40,No,2024,2
2024-02-20 00:57:00.285023752,P011,M,S05,Winter,Teen,North,71,No,2024,2
2024-02-20 03:08:24.942078504,P013,M,S11,Autumn,Adult,West,68,No,2024,2
2024-02-20 05:19:49.599133260,P004,L,S10,Summer,Teen,West,60,No,2024,2
2024-02-20 07:31:14.256188012,P026,M,S12,Summer,Teen,West,63,No,2024,2
2024-02-20 09:42:38.913242768,P027,M,S12,Summer,Adult,West,74,No,2024,2
2024-02-20 11:54:03.570297524,P014,XL,S02,Summer,Senior,South,48,No,2024,2
2024-02-20 14:05:28.227352276,P022,M,S04,Spring,Teen,North,59,No,2024,2
2024-02-20 16:16:52.884407032,P011,S,S12,Summer,Young Adult,West,51,No,2024,2
2024-02-20 18:28:17.541461788,P027,S,S09,Autumn,Teen,East,45,No,2024,2
2024-02-20 20:39:42.198516540,P010,L,S08,Autumn,Senior,East,53,No,2024,2
2024-02-20 22:51:06.855571296,P019,L,S03,Autumn,Adult,South,51,No,2024,2
2024-02-21 01:02:31.512626052,P018,M,S08,Autumn,Senior,East,53,No,2024,2
2024-02-21 03:13:56.169680804,P006,M,S02,Spring,Senior,South,61,No,2024,2
2024-02-21 05:25:20.826735560,P027,M,S03,Spring,Adult,South,66,No,2024,2
2024-02-21 07:36:45.483790316,P029,L,S05,Spring,Young Adult,North,70,No,2024,2
2024-02-21 09:48:10.140845068,P015,S,S11,Autumn,Young Adult,West,42,No,2024,2
2024-02-21 11:59:34.797899824,P021,XL,S12,Winter,Teen,West,41,No,2024,2
2024-02-21 14:10:59.454954576,P030,M,S10,Winter,Teen,West,69,No,2024,2
2024-02-21 16:22:24.112009332,P010,XXL,S10,Autumn,Young Adult,West,39,No,2024,2
2024-02-21 18:33:48.769064088,P005,M,S08,Summer,Adult,East,66,No,2024,2
2024-02-21 20:45:13.426118840,P026,L,S01,Summer,Senior,South,48,No,2024,2
2024-02-21 22:56:38.083173596,P029,M,S04,Autumn,Adult,North,72,No,2024,2
2024-02-22 01:08:02.740228352,P005,S,S01,Summer,Senior,South,36,No,2024,2
2024-02-22 03:19:27.397283104,P010,XL,S01,Summer,Senior,South,59,No,2024,2
2024-02-22 05:30:52.054337856,P028,XL,S12,Winter,Young Adult,West,62,Yes,2024,2
2024-02-22 07:42:16.711392616,P005,M,S05,Autumn,Young Adult,North,59,No,2024,2
2024-02-22 09:53:41.368447368,P003,L,S06,Spring,Adult,North,62,No,2024,2
2024-02-22 12:05:06.025502120,P023,L,S01,Winter,Senior,South,63,No,2024,2
2024-02-22 14:16:30.682556880,P006,XL,S11,Autumn,Adult,West,50,No,2024,2
2024-02-22 16:27:55.339611632,P004,M,S06,Autumn,Teen,North,63,No,2024,2
2024-02-22 18:39:19.996666384,P018,L,S05,Winter,Young Adult,North,62,No,2024,2
2024-02-22 20:50:44.653721144,P028,M,S04,Summer,Young Adult,North,74,No,2024,2
2024-02-22 23:02:09.310775896,P009,M,S10,Summer,Senior,West,71,No,2024,2
2024-02-23 01:13:33.967830648,P017,XL,S05,Winter,Young Adult,North,64,No,2024,2
2024-02-23 03:24:58.624885408,P029,M,S08,Autumn,Adult,East,71,No,2024,2
2024-02-23 05:36:23.281940160,P013,S,S09,Spring,Senior,East,33,No,2024,2
2024-02-23 07:47:47.938994912,P027,L,S11,Autumn,Senior,West,52,No,2024,2
2024-02-23 09:59:12.596049672,P015,L,S12,Spring,Teen,West,55,No,2024,2
2024-02-23 12:10:37.253104424,P030,M,S02,Spring,Adult,South,71,No,2024,2
2024-02-23 14:22:01.910159176,P020,M,S06,Autumn,Senior,North,61,No,2024,2
2024-02-23 16:33:26.567213936,P017,XL,S03,Autumn,Young Adult,South,56,No,2024,2
2024-02-23 18:44:51.224268688,P013,M,S02,Autumn,Young Adult,South,65,No,2024,2
2024-02-23 20:56:15.881323440,P016,L,S12,Spring,Senior,West,50,No,2024,2
2024-02-23 23:07:40.538378200,P022,L,S01,Summer,Young Adult,South,62,No,2024,2
2024-02-24 01:19:05.195432952,P004,M,S04,Spring,Senior,North,62,No,2024,2
2024-02-24 03:30:29.852487704,P005,XL,S08,Spring,Senior,East,39,No,2024,2
2024-02-24 05:41:54.509542464,P005,L,S03,Spring,Senior,South,53,No,2024,2
2024-02-24 07:53:19.166597216,P009,M,S05,Winter,Young Adult,North,71,No,2024,2
2024-02-24 10:04:43.823651968,P017,L,S10,Summer,Young Adult,West,62,Yes,2024,2
2024-02-24 12:16:08.480706720,P013,L,S05,Spring,Adult,North,53,No,2024,2
2024-02-24 14:27:33.137761480,P002,L,S05,Spring,Teen,North,57,No,2024,2
2024-02-24 16:38:57.794816232,P013,XL,S11,Winter,Young Adult,West,57,No,2024,2
2024-02-24 18:50:22.451870984,P022,M,S09,Spring,Senior,East,59,No,2024,2
2024-02-24 21:01:47.108925744,P021,M,S08,Summer,Young Adult,East,66,No,2024,2
2024-02-24 23:13:11.765980496,P027,M,S08,Spring,Young Adult,East,72,No,2024,2
2024-02-25 01:24:36.423035248,P023,S,S01,Summer,Senior,South,34,No,2024,2
2024-02-25 03:36:01.080090008,P019,S,S01,Summer,Adult,South,49,No,2024,2
2024-02-25 05:47:25.737144760,P003,XL,S02,Autumn,Senior,South,51,No,2024,2
2024-02-25 07:58:50.394199512,P010,L,S08,Winter,Adult,East,64,No,2024,2
2024-02-25 10:10:15.051254272,P002,L,S10,Winter,Young Adult,West,66,No,2024,2
2024-02-25 12:21:39.708309024,P013,L,S01,Winter,Senior,South,55,No,2024,2
2024-02-25 14:33:04.365363776,P019,XL,S04,Autumn,Young Adult,North,42,No,2024,2
2024-02-25 16:44:29.022418536,P026,M,S09,Autumn,Senior,East,53,No,2024,2
2024-02-25 18:55:53.679473288,P017,XL,S02,Summer,Young Adult,South,63,No,2024,2
2024-02-25 21:07:18.336528040,P021,M,S03,Winter,Young Adult,South,67,No,2024,2
2024-02-25 23:18:42.993582800,P014,XL,S11,Autumn,Young Adult,West,53,No,2024,2
2024-02-26 01:30:07.650637552,P012,L,S06,Autumn,Senior,North,50,No,2024,2
2024-02-26 03:41:32.307692304,P021,M,S11,Autumn,Adult,West,63,No,2024,2
2024-02-26 05:52:56.964747064,P012,L,S10,Summer,Young Adult,West,66,No,2024,2
2024-02-26 08:04:21.621801816,P011,L,S03,Spring,Senior,South,53,No,2024,2
2024-02-26 10:15:46.278856568,P007,S,S04,Autumn,Senior,North,48,No,2024,2
2024-02-26 12:27:10.935911328,P004,L,S09,Autumn,Young Adult,East,67,No,2024,2
2024-02-26 14:38:35.592966080,P019,M,S09,Autumn,Young Adult,East,65,No,2024,2
2024-02-26 16:50:00.250020832,P001,S,S10,Winter,Adult,West,51,No,2024,2
2024-02-26 19:01:24.907075584,P028,XL,S05,Winter,Young Adult,North,52,No,2024,2
2024-02-26 21:12:49.564130344,P024,L,S07,Autumn,Adult,East,61,No,2024,2
2024-02-26 23:24:14.221185096,P029,XL,S09,Summer,Teen,East,55,No,2024,2
2024-02-27 01:35:38.878239848,P003,L,S08,Spring,Senior,East,53,No,2024,2
2024-02-27 03:47:03.535294608,P013,M,S11,Winter,Adult,West,72,No,2024,2
2024-02-27 05:58:28.192349360,P015,L,S07,Spring,Young Adult,East,55,No,2024,2
2024-02-27 08:09:52.849404112,P002,L,S12,Autumn,Adult,West,68,No,2024,2
2024-02-27 10:21:17.506458872,P011,XXL,S08,Winter,Young Adult,East,36,No,2024,2
2024-02-27 12:32:42.163513624,P004,M,S05,Spring,Adult,North,62,No,2024,2
2024-02-27 14:44:06.820568376,P019,XL,S05,Autumn,Senior,North,47,No,2024,2
2024-02-27 16:55:31.477623136,P029,XL,S05,Winter,Adult,North,61,Yes,2024,2
2024-02-27 19:06:56.134677888,P017,L,S01,Autumn,Teen,South,61,No,2024,2
2024-02-27 21:18:20.791732640,P003,XL,S06,Winter,Senior,North,48,No,2024,2
2024-02-27 23:29:45.448787400,P028,M,S05,Spring,Adult,North,60,No,2024,2
2024-02-28 01:41:10.105842152,P018,XXL,S08,Spring,Teen,East,29,No,2024,2
2024-02-28 03:52:34.762896904,P008,L,S08,Winter,Teen,East,58,No,2024,2
2024-02-28 06:03:59.419951664,P022,S,S02,Summer,Adult,South,56,No,2024,2
2024-02-28 08:15:24.077006416,P025,XL,S11,Autumn,Senior,West,43,No,2024,2
2024-02-28 10:26:48.734061168,P024,M,S06,Spring,Adult,North,62,No,2024,2
2024-02-28 12:38:13.391115928,P026,M,S12,Summer,Senior,West,67,No,2024,2
2024-02-28 14:49:38.048170680,P019,L,S11,Winter,Senior,West,53,No,2024,2
2024-02-28 17:01:02.705225432,P005,S,S10,Spring,Adult,West,46,No,2024,2
2024-02-28 19:12:27.362280192,P007,M,S10,Spring,Teen,West,60,No,2024,2
2024-02-28 21:23:52.019334944,P021,XL,S06,Autumn,Senior,North,40,No,2024,2
2024-02-28 23:35:16.676389696,P008,S,S03,Summer,Young Adult,South,49,No,2024,2
2024-02-29 01:46:41.333444448,P028,M,S01,Autumn,Young Adult,South,68,No,2024,2
2024-02-29 03:58:05.990499208,P005,S,S07,Winter,Teen,East,43,No,2024,2
2024-02-29 06:09:30.647553960,P017,M,S10,Spring,Teen,West,67,No,2024,2
2024-02-29 08:20:55.304608712,P005,L,S05,Summer,Adult,North,56,No,2024,2
2024-02-29 10:32:19.961663472,P004,L,S12,Autumn,Senior,West,64,No,2024,2
2024-02-29 12:43:44.618718224,P022,XL,S12,Summer,Adult,West,49,No,2024,2
2024-02-29 14:55:09.275772976,P019,L,S10,Winter,Young Adult,West,67,No,2024,2
2024-02-29 17:06:33.932827736,P027,M,S05,Spring,Young Adult,North,65,No,2024,2
2024-02-29 19:17:58.589882488,P021,XL,S11,Summer,Senior,West,42,No,2024,2
2024-02-29 21:29:23.246937240,P002,L,S08,Winter,Senior,East,61,No,2024,2
2024-02-29 23:40:47.903992000,P011,L,S12,Winter,Young Adult,West,72,No,2024,2
2024-03-01 01:52:12.561046752,P022,L,S05,Spring,Adult,North,54,Yes,2024,3
2024-03-01 04:03:37.218101504,P013,XL,S05,Autumn,Senior,North,45,No,2024,3
2024-03-01 06:15:01.875156264,P015,L,S01,Spring,Adult,South,58,Yes,2024,3
2024-03-01 08:26:26.532211016,P012,M,S02,Spring,Senior,South,56,No,2024,3
2024-03-01 10:37:51.189265768,P022,L,S05,Summer,Teen,North,63,No,2024,3
2024-03-01 12:49:15.846320528,P021,S,S07,Summer,Adult,East,39,No,2024,3
2024-03-01 15:00:40.503375280,P022,M,S03,Autumn,Young Adult,South,70,No,2024,3
2024-03-01 17:12:05.160430032,P011,M,S12,Winter,Teen,West,68,No,2024,3
2024-03-01 19:23:29.817484792,P007,M,S01,Summer,Adult,South,77,No,2024,3
2024-03-01 21:34:54.474539544,P028,S,S11,Autumn,Senior,West,43,No,2024,3
2024-03-01 23:46:19.131594296,P005,S,S12,Spring,Young Adult,West,42,No,2024,3
2024-03-02 01:57:43.788649056,P017,L,S02,Winter,Senior,South,65,No,2024,3
2024-03-02 04:09:08.445703808,P024,XL,S03,Spring,Adult,South,56,No,2024,3
2024-03-02 06:20:33.102758560,P020,XXL,S12,Winter,Teen,West,39,No,2024,3
2024-03-02 08:31:57.759813312,P009,M,S09,Summer,Adult,East,68,Yes,2024,3
2024-03-02 10:43:22.416868072,P014,L,S08,Spring,Young Adult,East,63,No,2024,3
2024-03-02 12:54:47.073922824,P026,XL,S04,Spring,Teen,North,44,No,2024,3
2024-03-02 15:06:11.730977576,P012,M,S08,Winter,Young Adult,East,71,No,2024,3
2024-03-02 17:17:36.388032336,P006,L,S09,Autumn,Senior,East,45,No,2024,3
2024-03-02 19:29:01.045087088,P017,L,S03,Winter,Teen,South,72,No,2024,3
2024-03-02 21:40:25.702141840,P019,S,S06,Summer,Adult,North,37,No,2024,3
2024-03-02 23:51:50.359196600,P019,XL,S08,Autumn,Senior,East,43,No,2024,3
2024-03-03 02:03:15.016251352,P026,XL,S10,Spring,Senior,West,35,No,2024,3
2024-03-03 04:14:39.673306104,P016,S,S07,Spring,Adult,East,49,No,2024,3
2024-03-03 06:26:04.330360864,P012,S,S09,Spring,Senior,East,45,No,2024,3
2024-03-03 08:37:28.987415616,P012,S,S07,Summer,Young Adult,East,43,No,2024,3
2024-03-03 10:48:53.644470368,P020,M,S01,Spring,Adult,South,70,No,2024,3
2024-03-03 13:00:18.301525128,P006,L,S09,Spring,Senior,East,53,No,2024,3
2024-03-03 15:11:42.958579880,P023,L,S12,Autumn,Teen,West,53,No,2024,3
2024-03-03 17:23:07.615634632,P026,M,S05,Summer,Adult,North,67,No,2024,3
2024-03-03 19:34:32.272689392,P004,XL,S06,Spring,Adult,North,49,No,2024,3
2024-03-03 21:45:56.929744144,P006,M,S02,Autumn,Senior,South,58,No,2024,3
2024-03-03 23:57:21.586798896,P011,S,S02,Spring,Adult,South,44,No,2024,3
2024-03-04 02:08:46.243853656,P001,M,S04,Autumn,Adult,North,65,No,2024,3
2024-03-04 04:20:10.900908408,P030,L,S04,Spring,Adult,North,52,No,2024,3
2024-03-04 06:31:35.557963160,P024,M,S05,Summer,Adult,North,59,No,2024,3
2024-03-04 08:43:00.215017920,P023,M,S07,Winter,Adult,East,66,No,2024,3
2024-03-04 10:54:24.872072672,P015,S,S11,Summer,Adult,West,39,No,2024,3
2024-03-04 13:05:49.529127424,P027,XL,S12,Autumn,Young Adult,West,49,No,2024,3
2024-03-04 15:17:14.186182184,P011,XXL,S01,Spring,Senior,South,28,No,2024,3
2024-03-04 17:28:38.843236936,P025,M,S10,Summer,Young Adult,West,71,No,2024,3
2024-03-04 19:40:03.500291688,P019,M,S04,Spring,Senior,North,59,No,2024,3
2024-03-04 21:51:28.157346440,P018,L,S09,Summer,Adult,East,64,No,2024,3
2024-03-05 00:02:52.814401200,P017,L,S08,Autumn,Senior,East,63,No,2024,3
2024-03-05 02:14:17.471455952,P019,M,S03,Winter,Young Adult,South,76,No,2024,3
2024-03-05 04:25:42.128510704,P021,XL,S06,Summer,Senior,North,47,Yes,2024,3
2024-03-05 06:37:06.785565464,P014,L,S11,Spring,Adult,West,68,No,2024,3
2024-03-05 08:48:31.442620216,P027,M,S09,Spring,Adult,East,63,No,2024,3
2024-03-05 10:59:56.099674968,P018,L,S08,Spring,Adult,East,57,No,2024,3
2024-03-05 13:11:20.756729728,P028,XXL,S07,Autumn,Young Adult,East,32,Yes,2024,3
2024-03-05 15:22:45.413784480,P019,L,S07,Autumn,Teen,East,43,Yes,2024,3
2024-03-05 17:34:10.070839232,P015,S,S01,Winter,Adult,South,52,No,2024,3
2024-03-05 19:45:34.727893992,P015,M,S05,Spring,Adult,North,65,No,2024,3
2024-03-05 21:56:59.384948744,P004,M,S07,Winter,Senior,East,65,No,2024,3
2024-03-06 00:08:24.042003496,P007,M,S02,Spring,Teen,South,66,No,2024,3
2024-03-06 02:19:48.699058256,P013,L,S06,Summer,Senior,North,51,No,2024,3
2024-03-06 04:31:13.356113008,P003,XL,S02,Summer,Young Adult,South,49,No,2024,3
2024-03-06 06:42:38.013167760,P016,L,S03,Summer,Teen,South,54,No,2024,3
2024-03-06 08:54:02.670222520,P009,XXL,S01,Spring,Adult,South,38,No,2024,3
2024-03-06 11:05:27.327277272,P008,M,S03,Summer,Teen,South,61,No,2024,3
2024-03-06 13:16:51.984332024,P020,XL,S07,Spring,Adult,East,45,No,2024,3
2024-03-06 15:28:16.641386784,P013,L,S05,Winter,Young Adult,North,56,No,2024,3
2024-03-06 17:39:41.298441536,P017,M,S04,Autumn,Senior,North,56,No,2024,3
2024-03-06 19:51:05.955496288,P017,L,S12,Summer,Young Adult,West,76,No,2024,3
2024-03-06 22:02:30.612551048,P017,S,S08,Spring,Young Adult,East,44,No,2024,3
2024-03-07 00:13:55.269605800,P001,L,S08,Spring,Adult,East,56,No,2024,3
2024-03-07 02:25:19.926660552,P008,L,S01,Winter,Senior,South,53,No,2024,3
2024-03-07 04:36:44.583715304,P019,M,S09,Winter,Young Adult,East,67,No,2024,3
2024-03-07 06:48:09.240770064,P006,L,S09,Autumn,Teen,East,57,No,2024,3
2024-03-07 08:59:33.897824816,P003,L,S02,Winter,Young Adult,South,70,No,2024,3
2024-03-07 11:10:58.554879568,P027,M,S02,Autumn,Adult,South,69,No,2024,3
2024-03-07 13:22:23.211934328,P005,S,S08,Autumn,Teen,East,32,No,2024,3
2024-03-07 15:33:47.868989080,P013,M,S12,Winter,Teen,West,63,Yes,2024,3
2024-03-07 17:45:12.526043832,P015,L,S11,Autumn,Senior,West,57,No,2024,3
2024-03-07 19:56:37.183098592,P014,XL,S06,Summer,Teen,North,55,No,2024,3
2024-03-07 22:08:01.840153344,P029,XL,S03,Autumn,Teen,South,48,Yes,2024,3
2024-03-08 00:19:26.497208096,P023,L,S12,Spring,Adult,West,48,No,2024,3
2024-03-08 02:30:51.154262856,P016,L,S02,Spring,Senior,South,51,No,2024,3
2024-03-08 04:42:15.811317608,P018,M,S05,Spring,Young Adult,North,64,No,2024,3
2024-03-08 06:53:40.468372360,P022,L,S08,Winter,Teen,East,54,No,2024,3
2024-03-08 09:05:05.125427120,P029,M,S06,Spring,Young Adult,North,69,No,2024,3
2024-03-08 11:16:29.782481872,P022,M,S12,Winter,Young Adult,West,70,No,2024,3
2024-03-08 13:27:54.439536624,P011,L,S03,Spring,Young Adult,South,69,No,2024,3
2024-03-08 15:39:19.096591384,P003,S,S12,Autumn,Senior,West,35,No,2024,3
2024-03-08 17:50:43.753646136,P022,L,S12,Winter,Young Adult,West,68,No,2024,3
2024-03-08 20:02:08.410700888,P010,XL,S09,Spring,Adult,East,53,No,2024,3
2024-03-08 22:13:33.067755648,P010,M,S08,Autumn,Senior,East,61,No,2024,3
2024-03-09 00:24:57.724810400,P030,M,S10,Winter,Senior,West,61,No,2024,3
2024-03-09 02:36:22.381865152,P021,XL,S06,Autumn,Senior,North,35,No,2024,3
2024-03-09 04:47:47.038919912,P016,L,S01,Autumn,Senior,South,56,No,2024,3
2024-03-09 06:59:11.695974664,P012,M,S02,Autumn,Teen,South,64,No,2024,3
2024-03-09 09:10:36.353029416,P002,M,S04,Winter,Teen,North,74,No,2024,3
2024-03-09 11:22:01.010084168,P009,L,S02,Winter,Young Adult,South,65,No,2024,3
2024-03-09 13:33:25.667138928,P024,L,S03,Summer,Teen,South,54,No,2024,3
2024-03-09 15:44:50.324193680,P003,M,S08,Summer,Senior,East,56,No,2024,3
2024-03-09 17:56:14.981248432,P024,M,S09,Summer,Young Adult,East,70,No,2024,3
2024-03-09 20:07:39.638303192,P030,XL,S06,Summer,Adult,North,48,No,2024,3
2024-03-09 22:19:04.295357944,P025,L,S04,Winter,Teen,North,57,No,2024,3
2024-03-10 00:30:28.952412696,P030,XXL,S11,Summer,Senior,West,41,No,2024,3
2024-03-10 02:41:53.609467456,P015,L,S02,Spring,Young Adult,South,58,No,2024,3
2024-03-10 04:53:18.266522208,P003,XL,S07,Summer,Teen,East,50,No,2024,3
2024-03-10 07:04:42.923576960,P019,M,S10,Spring,Senior,West,63,No,2024,3
2024-03-10 09:16:07.580631720,P018,L,S11,Spring,Young Adult,West,54,No,2024,3
2024-03-10 11:27:32.237686472,P008,S,S07,Autumn,Teen,East,34,No,2024,3
2024-03-10 13:38:56.894741224,P026,L,S10,Autumn,Adult,West,57,No,2024,3
2024-03-10 15:50:21.551795984,P017,M,S09,Autumn,Teen,East,65,No,2024,3
2024-03-10 18:01:46.208850736,P008,M,S05,Summer,Senior,North,53,No,2024,3
2024-03-10 20:13:10.865905488,P007,XL,S10,Winter,Senior,West,59,No,2024,3
2024-03-10 22:24:35.522960248,P030,XL,S04,Spring,Adult,North,45,No,2024,3
2024-03-11 00:36:00.180015000,P007,S,S10,Winter,Adult,West,57,No,2024,3
2024-03-11 02:47:24.837069752,P003,L,S06,Winter,Young Adult,North,70,Yes,2024,3
2024-03-11 04:58:49.494124512,P001,M,S12,Summer,Young Adult,West,74,No,2024,3
2024-03-11 07:10:14.151179264,P004,M,S02,Winter,Senior,South,76,No,2024,3
2024-03-11 09:21:38.808234016,P025,XL,S02,Winter,Teen,South,58,Yes,2024,3
2024-03-11 11:33:03.465288776,P005,M,S12,Autumn,Adult,West,60,No,2024,3
2024-03-11 13:44:28.122343528,P001,XL,S09,Autumn,Young Adult,East,55,No,2024,3
2024-03-11 15:55:52.779398280,P015,M,S07,Spring,Senior,East,59,No,2024,3
2024-03-11 18:07:17.436453032,P005,L,S07,Spring,Senior,East,53,No,2024,3
2024-03-11 20:18:42.093507792,P013,L,S05,Autumn,Senior,North,48,No,2024,3
2024-03-11 22:30:06.750562544,P008,M,S07,Summer,Adult,East,57,No,2024,3
2024-03-12 00:41:31.407617296,P008,M,S09,Summer,Adult,East,58,No,2024,3
2024-03-12 02:52:56.064672056,P005,XL,S10,Spring,Adult,West,49,No,2024,3
2024-03-12 05:04:20.721726808,P028,L,S05,Autumn,Teen,North,52,No,2024,3
2024-03-12 07:15:45.378781560,P009,M,S09,Summer,Adult,East,68,No,2024,3
2024-03-12 09:27:10.035836320,P001,L,S01,Winter,Senior,South,62,No,2024,3
2024-03-12 11:38:34.692891072,P004,S,S12,Spring,Adult,West,55,No,2024,3
2024-03-12 13:49:59.349945824,P003,M,S03,Spring,Teen,South,55,No,2024,3
2024-03-12 16:01:24.007000584,P002,M,S07,Winter,Teen,East,63,No,2024,3
2024-03-12 18:12:48.664055336,P008,S,S04,Winter,Senior,North,44,No,2024,3
2024-03-12 20:24:13.321110088,P023,XL,S02,Spring,Young Adult,South,54,No,2024,3
2024-03-12 22:35:37.978164848,P009,L,S12,Winter,Adult,West,72,No,2024,3
2024-03-13 00:47:02.635219600,P002,XL,S03,Summer,Adult,South,51,No,2024,3
2024-03-13 02:58:27.292274352,P014,L,S07,Spring,Teen,East,56,No,2024,3
2024-03-13 05:09:51.949329112,P014,XL,S08,Summer,Teen,East,41,Yes,2024,3
2024-03-13 07:21:16.606383864,P004,L,S11,Spring,Young Adult,West,65,Yes,2024,3
2024-03-13 09:32:41.263438616,P030,L,S09,Summer,Teen,East,64,No,2024,3
2024-03-13 11:44:05.920493376,P006,XXL,S06,Autumn,Teen,North,33,Yes,2024,3
2024-03-13 13:55:30.577548128,P011,L,S10,Summer,Teen,West,57,No,2024,3
2024-03-13 16:06:55.234602880,P003,S,S09,Winter,Teen,East,47,No,2024,3
2024-03-13 18:18:19.891657640,P008,L,S04,Autumn,Young Adult,North,54,No,2024,3
2024-03-13 20:29:44.548712392,P003,XL,S12,Spring,Adult,West,46,No,2024,3
2024-03-13 22:41:09.205767144,P014,L,S05,Summer,Adult,North,66,No,2024,3
2024-03-14 00:52:33.862821904,P028,L,S01,Spring,Adult,South,58,No,2024,3
2024-03-14 03:03:58.519876656,P013,L,S09,Autumn,Adult,East,55,No,2024,3
2024-03-14 05:15:23.176931408,P013,XXL,S09,Winter,Adult,East,44,No,2024,3
2024-03-14 07:26:47.833986160,P002,S,S09,Winter,Senior,East,52,No,2024,3
2024-03-14 09:38:12.491040920,P013,L,S03,Winter,Senior,South,65,No,2024,3
2024-03-14 11:49:37.148095672,P029,M,S10,Spring,Teen,West,67,No,2024,3
2024-03-14 14:01:01.805150424,P019,L,S10,Winter,Senior,West,61,No,2024,3
2024-03-14 16:12:26.462205184,P027,L,S10,Winter,Adult,West,70,No,2024,3
2024-03-14 18:23:51.119259936,P006,M,S08,Spring,Teen,East,58,No,2024,3
2024-03-14 20:35:15.776314688,P016,M,S03,Spring,Adult,South,62,No,2024,3
2024-03-14 22:46:40.433369448,P002,L,S06,Autumn,Adult,North,67,No,2024,3
2024-03-15 00:58:05.090424200,P008,S,S05,Winter,Teen,North,42,No,2024,3
2024-03-15 03:09:29.747478952,P017,M,S08,Autumn,Adult,East,63,No,2024,3
2024-03-15 05:20:54.404533712,P023,XL,S03,Summer,Senior,South,46,No,2024,3
2024-03-15 07:32:19.061588464,P002,M,S01,Summer,Teen,South,70,No,2024,3
2024-03-15 09:43:43.718643216,P010,M,S12,Summer,Young Adult,West,77,No,2024,3
2024-03-15 11:55:08.375697976,P028,XL,S09,Summer,Young Adult,East,55,No,2024,3
2024-03-15 14:06:33.032752728,P016,M,S10,Spring,Young Adult,West,66,Yes,2024,3
2024-03-15 16:17:57.689807480,P006,M,S09,Autumn,Adult,East,58,Yes,2024,3
2024-03-15 18:29:22.346862240,P028,L,S03,Autumn,Adult,South,61,No,2024,3
2024-03-15 20:40:47.003916992,P002,L,S02,Spring,Adult,South,58,No,2024,3
2024-03-15 22:52:11.660971744,P002,XL,S04,Summer,Adult,North,57,No,2024,3
2024-03-16 01:03:36.318026504,P026,XL,S08,Autumn,Teen,East,42,No,2024,3
2024-03-16 03:15:00.975081256,P013,L,S06,Winter,Young Adult,North,58,No,2024,3
2024-03-16 05:26:25.632136008,P024,M,S10,Spring,Senior,West,64,No,2024,3
2024-03-16 07:37:50.289190768,P015,S,S01,Spring,Teen,South,44,No,2024,3
2024-03-16 09:49:14.946245520,P028,M,S08,Winter,Young Adult,East,64,No,2024,3
2024-03-16 12:00:39.603300272,P002,S,S05,Summer,Young Adult,North,57,No,2024,3
2024-03-16 14:12:04.260355024,P007,L,S06,Summer,Teen,North,57,No,2024,3
2024-03-16 16:23:28.917409784,P003,L,S05,Autumn,Teen,North,47,No,2024,3
2024-03-16 18:34:53.574464536,P008,S,S10,Winter,Teen,West,44,No,2024,3
2024-03-16 20:46:18.231519288,P023,XL,S05,Autumn,Senior,North,43,No,2024,3
2024-03-16 22:57:42.888574048,P014,M,S03,Summer,Young Adult,South,80,No,2024,3
2024-03-17 01:09:07.545628800,P024,M,S04,Autumn,Senior,North,56,No,2024,3
2024-03-17 03:20:32.202683552,P030,L,S05,Winter,Senior,North,64,Yes,2024,3
2024-03-17 05:31:56.859738312,P023,M,S11,Winter,Senior,West,62,No,2024,3
2024-03-17 07:43:21.516793064,P027,M,S11,Winter,Senior,West,64,No,2024,3
2024-03-17 09:54:46.173847816,P022,S,S02,Summer,Senior,South,42,No,2024,3
2024-03-17 12:06:10.830902576,P029,M,S06,Spring,Teen,North,57,No,2024,3
2024-03-17 14:17:35.487957328,P007,L,S02,Spring,Senior,South,57,No,2024,3
2024-03-17 16:29:00.145012080,P021,XL,S04,Spring,Adult,North,42,No,2024,3
2024-03-17 18:40:24.802066840,P007,M,S12,Autumn,Teen,West,66,No,2024,3
2024-03-17 20:51:49.459121592,P001,M,S01,Winter,Young Adult,South,75,No,2024,3
2024-03-17 23:03:14.116176344,P017,L,S04,Summer,Young Adult,North,70,No,2024,3
2024-03-18 01:14:38.773231104,P009,XL,S07,Spring,Teen,East,47,No,2024,3
2024-03-18 03:26:03.430285856,P030,M,S08,Spring,Senior,East,52,No,2024,3
2024-03-18 05:37:28.087340608,P021,M,S02,Autumn,Teen,South,53,No,2024,3
2024-03-18 07:48:52.744395368,P013,L,S03,Autumn,Young Adult,South,60,No,2024,3
2024-03-18 10:00:17.401450120,P021,L,S01,Spring,Young Adult,South,53,No,2024,3
2024-03-18 12:11:42.058504872,P019,S,S07,Winter,Teen,East,41,No,2024,3
2024-03-18 14:23:06.715559632,P021,L,S04,Winter,Adult,North,60,No,2024,3
2024-03-18 16:34:31.372614384,P019,M,S11,Autumn,Adult,West,57,No,2024,3
2024-03-18 18:45:56.029669136,P025,L,S10,Autumn,Adult,West,52,No,2024,3
2024-03-18 20:57:20.686723888,P025,L,S08,Winter,Young Adult,East,67,No,2024,3
2024-03-18 23:08:45.343778648,P022,XL,S05,Autumn,Adult,North,54,No,2024,3
2024-03-19 01:20:10.000833400,P017,M,S09,Autumn,Adult,East,68,No,2024,3
2024-03-19 03:31:34.657888152,P023,M,S06,Winter,Teen,North,67,No,2024,3
2024-03-19 05:42:59.314942912,P023,M,S11,Winter,Senior,West,60,No,2024,3
2024-03-19 07:54:23.971997664,P030,XL,S10,Summer,Senior,West,43,No,2024,3
2024-03-19 10:05:48.629052416,P010,M,S02,Autumn,Teen,South,69,No,2024,3
2024-03-19 12:17:13.286107176,P010,M,S01,Autumn,Senior,South,72,No,2024,3
2024-03-19 14:28:37.943161928,P004,M,S01,Summer,Adult,South,69,Yes,2024,3
2024-03-19 16:40:02.600216680,P008,L,S12,Autumn,Young Adult,West,55,Yes,2024,3
2024-03-19 18:51:27.257271440,P022,M,S12,Autumn,Adult,West,64,No,2024,3
2024-03-19 21:02:51.914326192,P020,M,S09,Spring,Teen,East,54,No,2024,3
2024-03-19 23:14:16.571380944,P020,M,S01,Spring,Senior,South,54,No,2024,3
2024-03-20 01:25:41.228435704,P018,XL,S03,Spring,Teen,South,49,No,2024,3
2024-03-20 03:37:05.885490456,P014,L,S12,Summer,Teen,West,58,No,2024,3
2024-03-20 05:48:30.542545208,P018,L,S02,Autumn,Adult,South,59,No,2024,3
2024-03-20 07:59:55.199599968,P028,XL,S12,Summer,Senior,West,44,No,2024,3
2024-03-20 10:11:19.856654720,P014,XL,S04,Summer,Young Adult,North,60,No,2024,3
2024-03-20 12:22:44.513709472,P020,M,S01,Autumn,Adult,South,59,No,2024,3
2024-03-20 14:34:09.170764232,P021,XXL,S01,Winter,Teen,South,43,No,2024,3
2024-03-20 16:45:33.827818984,P024,S,S04,Winter,Teen,North,52,No,2024,3
2024-03-20 18:56:58.484873736,P015,M,S04,Autumn,Senior,North,49,No,2024,3
2024-03-20 21:08:23.141928496,P022,XL,S07,Winter,Teen,East,44,No,2024,3
2024-03-20 23:19:47.798983248,P030,M,S08,Spring,Teen,East,60,No,2024,3
2024-03-21 01:31:12.456038000,P004,M,S08,Autumn,Adult,East,58,No,2024,3
2024-03-21 03:42:37.113092752,P013,M,S08,Summer,Senior,East,62,No,2024,3
2024-03-21 05:54:01.770147512,P027,L,S12,Spring,Adult,West,65,No,2024,3
2024-03-21 08:05:26.427202264,P023,M,S09,Summer,Young Adult,East,62,No,2024,3
2024-03-21 10:16:51.084257016,P008,L,S01,Winter,Teen,South,59,No,2024,3
2024-03-21 12:28:15.741311776,P018,XL,S09,Autumn,Adult,East,48,No,2024,3
2024-03-21 14:39:40.398366528,P012,L,S10,Spring,Adult,West,66,No,2024,3
2024-03-21 16:51:05.055421280,P023,M,S08,Autumn,Senior,East,54,No,2024,3
2024-03-21 19:02:29.712476040,P014,XL,S01,Spring,Teen,South,42,No,2024,3
2024-03-21 21:13:54.369530792,P002,M,S07,Spring,Adult,East,60,No,2024,3
2024-03-21 23:25:19.026585544,P018,S,S09,Spring,Teen,East,45,No,2024,3
2024-03-22 01:36:43.683640304,P024,S,S04,Autumn,Young Adult,North,37,No,2024,3
2024-03-22 03:48:08.340695056,P002,L,S09,Spring,Teen,East,50,No,2024,3
2024-03-22 05:59:32.997749808,P011,S,S01,Spring,Teen,South,47,No,2024,3
2024-03-22 08:10:57.654804568,P009,S,S09,Autumn,Adult,East,38,No,2024,3
2024-03-22 10:22:22.311859320,P012,M,S06,Summer,Senior,North,63,No,2024,3
2024-03-22 12:33:46.968914072,P017,M,S04,Winter,Senior,North,71,No,2024,3
2024-03-22 14:45:11.625968832,P015,L,S12,Autumn,Senior,West,52,Yes,2024,3
2024-03-22 16:56:36.283023584,P025,XL,S12,Autumn,Young Adult,West,54,No,2024,3
2024-03-22 19:08:00.940078336,P017,L,S05,Spring,Young Adult,North,68,No,2024,3
2024-03-22 21:19:25.597133096,P026,M,S07,Autumn,Adult,East,60,Yes,2024,3
2024-03-22 23:30:50.254187848,P029,M,S10,Autumn,Senior,West,71,No,2024,3
2024-03-23 01:42:14.911242600,P026,XXL,S04,Winter,Young Adult,North,39,No,2024,3
2024-03-23 03:53:39.568297360,P018,S,S08,Autumn,Senior,East,31,No,2024,3
2024-03-23 06:05:04.225352112,P022,XL,S03,Spring,Senior,South,54,No,2024,3
2024-03-23 08:16:28.882406864,P006,M,S02,Winter,Young Adult,South,72,No,2024,3
2024-03-23 10:27:53.539461616,P017,XL,S01,Autumn,Senior,South,54,No,2024,3
2024-03-23 12:39:18.196516376,P023,M,S06,Spring,Teen,North,62,No,2024,3
2024-03-23 14:50:42.853571128,P024,M,S02,Winter,Adult,South,67,No,2024,3
2024-03-23 17:02:07.510625880,P018,L,S08,Autumn,Young Adult,East,52,No,2024,3
2024-03-23 19:13:32.167680640,P008,L,S11,Spring,Young Adult,West,63,No,2024,3
2024-03-23 21:24:56.824735392,P009,M,S10,Winter,Senior,West,63,No,2024,3
2024-03-23 23:36:21.481790144,P006,L,S04,Spring,Young Adult,North,55,No,2024,3
2024-03-24 01:47:46.138844904,P005,L,S09,Winter,Teen,East,49,No,2024,3
2024-03-24 03:59:10.795899656,P012,S,S04,Autumn,Senior,North,40,No,2024,3
2024-03-24 06:10:35.452954408,P025,S,S04,Summer,Teen,North,43,No,2024,3
2024-03-24 08:22:00.110009168,P029,M,S12,Winter,Adult,West,80,No,2024,3
2024-03-24 10:33:24.767063920,P028,S,S08,Autumn,Adult,East,45,Yes,2024,3
2024-03-24 12:44:49.424118672,P011,L,S12,Winter,Teen,West,64,No,2024,3
2024-03-24 14:56:14.081173432,P025,M,S08,Summer,Senior,East,67,No,2024,3
2024-03-24 17:07:38.738228184,P001,M,S05,Spring,Adult,North,72,No,2024,3
2024-03-24 19:19:03.395282936,P011,M,S03,Summer,Senior,South,70,No,2024,3
2024-03-24 21:30:28.052337696,P019,L,S12,Summer,Senior,West,50,Yes,2024,3
2024-03-24 23:41:52.709392448,P009,S,S02,Spring,Adult,South,42,No,2024,3
2024-03-25 01:53:17.366447200,P027,S,S09,Summer,Adult,East,54,No,2024,3
2024-03-25 04:04:42.023501960,P002,S,S09,Autumn,Teen,East,44,No,2024,3
2024-03-25 06:16:06.680556712,P012,XXL,S05,Winter,Senior,North,36,No,2024,3
2024-03-25 08:27:31.337611464,P004,S,S08,Summer,Teen,East,42,No,2024,3
2024-03-25 10:38:55.994666224,P004,L,S07,Winter,Young Adult,East,59,No,2024,3
2024-03-25 12:50:20.651720976,P018,S,S03,Winter,Young Adult,South,46,No,2024,3
2024-03-25 15:01:45.308775728,P015,S,S12,Spring,Young Adult,West,49,No,2024,3
2024-03-25 17:13:09.965830480,P019,L,S05,Summer,Young Adult,North,60,Yes,2024,3
2024-03-25 19:24:34.622885240,P013,M,S09,Spring,Adult,East,59,No,2024,3
2024-03-25 21:35:59.279939992,P019,XXL,S04,Spring,Adult,North,29,No,2024,3
2024-03-25 23:47:23.936994744,P017,XL,S03,Winter,Teen,South,52,No,2024,3
2024-03-26 01:58:48.594049504,P006,L,S07,Autumn,Adult,East,60,No,2024,3
2024-03-26 04:10:13.251104256,P016,L,S08,Winter,Adult,East,63,No,2024,3
2024-03-26 06:21:37.908159008,P024,M,S05,Spring,Adult,North,64,No,2024,3
2024-03-26 08:33:02.565213768,P012,M,S08,Summer,Young Adult,East,72,No,2024,3
2024-03-26 10:44:27.222268520,P019,XL,S05,Autumn,Teen,North,37,No,2024,3
2024-03-26 12:55:51.879323272,P005,L,S09,Autumn,Senior,East,50,No,2024,3
2024-03-26 15:07:16.536378032,P017,L,S07,Summer,Senior,East,60,Yes,2024,3
2024-03-26 17:18:41.193432784,P026,M,S05,Summer,Senior,North,54,No,2024,3
2024-03-26 19:30:05.850487536,P023,S,S09,Autumn,Young Adult,East,39,No,2024,3
2024-03-26 21:41:30.507542296,P026,XL,S05,Spring,Adult,North,42,No,2024,3
2024-03-26 23:52:55.164597048,P029,M,S08,Autumn,Adult,East,71,No,2024,3
2024-03-27 02:04:19.821651800,P001,M,S12,Autumn,Senior,West,69,No,2024,3
2024-03-27 04:15:44.478706560,P028,S,S04,Autumn,Senior,North,36,No,2024,3
2024-03-27 06:27:09.135761312,P027,XL,S09,Spring,Teen,East,46,No,2024,3
2024-03-27 08:38:33.792816064,P025,S,S12,Summer,Young Adult,West,48,No,2024,3
2024-03-27 10:49:58.449870824,P024,XL,S06,Summer,Adult,North,53,Yes,2024,3
2024-03-27 13:01:23.106925576,P023,S,S06,Summer,Senior,North,42,No,2024,3
2024-03-27 15:12:47.763980328,P010,XL,S03,Spring,Senior,South,49,No,2024,3
2024-03-27 17:24:12.421035088,P015,L,S03,Spring,Teen,South,61,No,2024,3
2024-03-27 19:35:37.078089840,P023,M,S04,Summer,Adult,North,61,No,2024,3
2024-03-27 21:47:01.735144592,P021,L,S01,Winter,Adult,South,57,No,2024,3
2024-03-27 23:58:26.392199352,P021,M,S06,Winter,Teen,North,65,No,2024,3
2024-03-28 02:09:51.049254104,P011,M,S01,Summer,Teen,South,64,No,2024,3
2024-03-28 04:21:15.706308856,P013,XL,S11,Winter,Adult,West,54,No,2024,3
2024-03-28 06:32:40.363363608,P005,M,S04,Winter,Teen,North,55,No,2024,3
2024-03-28 08:44:05.020418368,P001,M,S07,Summer,Senior,East,67,No,2024,3
2024-03-28 10:55:29.677473120,P024,M,S12,Summer,Adult,West,65,No,2024,3
2024-03-28 13:06:54.334527872,P012,M,S06,Spring,Young Adult,North,68,No,2024,3
2024-03-28 15:18:18.991582632,P011,XL,S08,Winter,Adult,East,45,No,2024,3
2024-03-28 17:29:43.648637384,P017,M,S04,Winter,Teen,North,73,No,2024,3
2024-03-28 19:41:08.305692136,P004,XXL,S09,Summer,Young Adult,East,41,No,2024,3
2024-03-28 21:52:32.962746896,P015,XL,S10,Autumn,Senior,West,39,No,2024,3
2024-03-29 00:03:57.619801648,P025,S,S08,Summer,Senior,East,36,No,2024,3
2024-03-29 02:15:22.276856400,P030,M,S05,Spring,Senior,North,55,No,2024,3
2024-03-29 04:26:46.933911160,P009,XL,S06,Autumn,Teen,North,37,No,2024,3
2024-03-29 06:38:11.590965912,P021,M,S05,Autumn,Adult,North,57,No,2024,3
2024-03-29 08:49:36.248020664,P020,S,S06,Autumn,Teen,North,42,No,2024,3
2024-03-29 11:01:00.905075424,P019,M,S01,Spring,Adult,South,58,No,2024,3
2024-03-29 13:12:25.562130176,P019,L,S04,Winter,Teen,North,57,No,2024,3
2024-03-29 15:23:50.219184928,P012,L,S09,Summer,Senior,East,62,No,2024,3
2024-03-29 17:35:14.876239688,P005,S,S04,Spring,Teen,North,32,No,2024,3
2024-03-29 19:46:39.533294440,P010,S,S02,Spring,Adult,South,47,No,2024,3
2024-03-29 21:58:04.190349192,P017,XL,S06,Autumn,Senior,North,52,No,2024,3
2024-03-30 00:09:28.847403952,P005,L,S02,Autumn,Senior,South,54,No,2024,3
2024-03-30 02:20:53.504458704,P022,L,S03,Spring,Young Adult,South,62,No,2024,3
2024-03-30 04:32:18.161513456,P016,L,S07,Winter,Adult,East,63,No,2024,3
2024-03-30 06:43:42.818568216,P007,M,S04,Autumn,Young Adult,North,75,No,2024,3
2024-03-30 08:55:07.475622968,P028,L,S01,Spring,Young Adult,South,61,No,2024,3
2024-03-30 11:06:32.132677720,P009,M,S09,Autumn,Young Adult,East,59,No,2024,3
2024-03-30 13:17:56.789732472,P003,M,S06,Summer,Senior,North,57,No,2024,3
2024-03-30 15:29:21.446787232,P015,L,S09,Summer,Young Adult,East,60,No,2024,3
2024-03-30 17:40:46.103841984,P016,M,S03,Summer,Adult,South,63,No,2024,3
2024-03-30 19:52:10.760896736,P018,XXL,S05,Autumn,Adult,North,34,No,2024,3
2024-03-30 22:03:35.417951496,P014,M,S09,Autumn,Young Adult,East,65,No,2024,3
2024-03-31 00:15:00.075006248,P003,XL,S06,Winter,Young Adult,North,59,No,2024,3
2024-03-31 02:26:24.732061000,P012,XL,S02,Summer,Young Adult,South,61,No,2024,3
2024-03-31 04:37:49.389115760,P009,M,S01,Winter,Young Adult,South,73,No,2024,3
2024-03-31 06:49:14.046170512,P028,L,S09,Spring,Young Adult,East,63,No,2024,3
2024-03-31 09:00:38.703225264,P007,M,S01,Spring,Young Adult,South,70,No,2024,3
2024-03-31 11:12:03.360280024,P009,XL,S05,Summer,Teen,North,47,No,2024,3
2024-03-31 13:23:28.017334776,P013,M,S01,Winter,Senior,South,68,No,2024,3
2024-03-31 15:34:52.674389528,P018,L,S05,Autumn,Senior,North,48,No,2024,3
2024-03-31 17:46:17.331444288,P005,M,S05,Winter,Senior,North,56,No,2024,3
2024-03-31 19:57:41.988499040,P013,M,S07,Spring,Young Adult,East,60,No,2024,3
2024-03-31 22:09:06.645553792,P004,M,S07,Winter,Teen,East,63,No,2024,3
2024-04-01 00:20:31.302608552,P002,M,S11,Spring,Senior,West,61,No,2024,4
2024-04-01 02:31:55.959663304,P016,L,S10,Spring,Adult,West,61,No,2024,4
2024-04-01 04:43:20.616718056,P009,L,S01,Winter,Senior,South,60,No,2024,4
2024-04-01 06:54:45.273772816,P009,L,S09,Autumn,Senior,East,58,No,2024,4
2024-04-01 09:06:09.930827568,P006,M,S01,Spring,Senior,South,57,Yes,2024,4
2024-04-01 11:17:34.587882320,P011,M,S05,Winter,Senior,North,60,No,2024,4
2024-04-01 13:28:59.244937080,P022,S,S07,Spring,Adult,East,47,No,2024,4
2024-04-01 15:40:23.901991832,P024,XL,S12,Summer,Young Adult,West,54,No,2024,4
2024-04-01 17:51:48.559046584,P022,XXL,S08,Autumn,Adult,East,31,No,2024,4
2024-04-01 20:03:13.216101336,P001,M,S02,Summer,Adult,South,80,No,2024,4
2024-04-01 22:14:37.873156096,P004,S,S01,Spring,Young Adult,South,47,No,2024,4
2024-04-02 00:26:02.530210848,P013,M,S04,Autumn,Adult,North,59,Yes,2024,4
2024-04-02 02:37:27.187265600,P023,L,S12,Winter,Adult,West,61,No,2024,4
2024-04-02 04:48:51.844320360,P013,L,S04,Winter,Senior,North,55,No,2024,4
2024-04-02 07:00:16.501375112,P013,L,S10,Autumn,Senior,West,48,Yes,2024,4
2024-04-02 09:11:41.158429864,P002,M,S12,Summer,Young Adult,West,78,No,2024,4
2024-04-02 11:23:05.815484624,P009,L,S06,Summer,Senior,North,55,No,2024,4
2024-04-02 13:34:30.472539376,P024,L,S01,Autumn,Young Adult,South,57,No,2024,4
2024-04-02 15:45:55.129594128,P008,M,S01,Winter,Young Adult,South,68,No,2024,4
2024-04-02 17:57:19.786648888,P007,L,S03,Autumn,Teen,South,67,No,2024,4
2024-04-02 20:08:44.443703640,P004,S,S05,Summer,Young Adult,North,57,No,2024,4
2024-04-02 22:20:09.100758392,P018,M,S12,Spring,Adult,West,62,No,2024,4
2024-04-03 00:31:33.757813152,P003,XL,S06,Winter,Young Adult,North,48,No,2024,4
2024-04-03 02:42:58.414867904,P028,M,S05,Autumn,Teen,North,56,No,2024,4
2024-04-03 04:54:23.071922656,P006,XL,S05,Spring,Adult,North,51,No,2024,4
2024-04-03 07:05:47.728977416,P012,L,S09,Summer,Teen,East,61,Yes,2024,4
2024-04-03 09:17:12.386032168,P012,M,S02,Winter,Senior,South,65,No,2024,4
2024-04-03 11:28:37.043086920,P021,L,S12,Autumn,Adult,West,53,No,2024,4
2024-04-03 13:40:01.700141680,P028,L,S12,Summer,Young Adult,West,65,No,2024,4
2024-04-03 15:51:26.357196432,P008,M,S01,Autumn,Teen,South,57,No,2024,4
2024-04-03 18:02:51.014251184,P022,S,S06,Autumn,Young Adult,North,48,No,2024,4
2024-04-03 20:14:15.671305944,P022,M,S09,Winter,Senior,East,73,No,2024,4
2024-04-03 22:25:40.328360696,P001,S,S07,Summer,Adult,East,47,No,2024,4
2024-04-04 00:37:04.985415448,P004,S,S08,Summer,Young Adult,East,46,Yes,2024,4
2024-04-04 02:48:29.642470200,P021,M,S05,Spring,Senior,North,53,No,2024,4
2024-04-04 04:59:54.299524960,P028,M,S10,Summer,Young Adult,West,70,No,2024,4
2024-04-04 07:11:18.956579712,P011,XL,S04,Summer,Adult,North,47,No,2024,4
2024-04-04 09:22:43.613634464,P003,M,S06,Winter,Senior,North,60,Yes,2024,4
2024-04-04 11:34:08.270689224,P013,L,S03,Spring,Senior,South,57,No,2024,4
2024-04-04 13:45:32.927743976,P025,L,S01,Winter,Teen,South,55,No,2024,4
2024-04-04 15:56:57.584798728,P017,L,S11,Summer,Adult,West,69,No,2024,4
2024-04-04 18:08:22.241853488,P022,M,S04,Spring,Senior,North,66,No,2024,4
2024-04-04 20:19:46.898908240,P022,XL,S09,Winter,Adult,East,61,No,2024,4
2024-04-04 22:31:11.555962992,P010,L,S04,Spring,Young Adult,North,57,No,2024,4
2024-04-05 00:42:36.213017752,P021,XL,S01,Summer,Adult,South,55,No,2024,4
2024-04-05 02:54:00.870072504,P012,M,S04,Spring,Teen,North,61,No,2024,4
2024-04-05 05:05:25.527127256,P015,S,S07,Spring,Adult,East,39,No,2024,4
2024-04-05 07:16:50.184182016,P021,L,S03,Spring,Adult,South,53,No,2024,4
2024-04-05 09:28:14.841236768,P010,S,S10,Summer,Young Adult,West,56,No,2024,4
2024-04-05 11:39:39.498291520,P014,M,S06,Summer,Teen,North,58,No,2024,4
2024-04-05 13:51:04.155346280,P013,M,S01,Spring,Young Adult,South,74,No,2024,4
2024-04-05 16:02:28.812401032,P005,L,S11,Winter,Senior,West,51,Yes,2024,4
2024-04-05 18:13:53.469455784,P006,XXL,S04,Winter,Young Adult,North,40,No,2024,4
2024-04-05 20:25:18.126510544,P024,M,S03,Summer,Teen,South,59,No,2024,4
2024-04-05 22:36:42.783565296,P002,XL,S01,Autumn,Teen,South,56,Yes,2024,4
2024-04-06 00:48:07.440620048,P022,L,S03,Winter,Adult,South,72,No,2024,4
2024-04-06 02:59:32.097674808,P017,M,S04,Spring,Teen,North,63,No,2024,4
2024-04-06 05:10:56.754729560,P004,XL,S05,Autumn,Young Adult,North,45,No,2024,4
2024-04-06 07:22:21.411784312,P014,XL,S06,Summer,Teen,North,51,Yes,2024,4
2024-04-06 09:33:46.068839072,P010,L,S02,Winter,Senior,South,72,No,2024,4
2024-04-06 11:45:10.725893824,P003,M,S02,Autumn,Teen,South,58,No,2024,4
2024-04-06 13:56:35.382948576,P025,L,S06,Summer,Teen,North,60,No,2024,4
2024-04-06 16:08:00.040003328,P003,M,S05,Summer,Young Adult,North,69,No,2024,4
2024-04-06 18:19:24.697058088,P015,M,S01,Spring,Adult,South,71,No,2024,4
2024-04-06 20:30:49.354112840,P006,M,S03,Winter,Adult,South,65,No,2024,4
2024-04-06 22:42:14.011167592,P017,XL,S11,Autumn,Young Adult,West,48,No,2024,4
2024-04-07 00:53:38.668222352,P012,XL,S05,Spring,Adult,North,54,No,2024,4
2024-04-07 03:05:03.325277104,P022,M,S12,Winter,Senior,West,73,No,2024,4
2024-04-07 05:16:27.982331856,P020,S,S12,Autumn,Senior,West,43,No,2024,4
2024-04-07 07:27:52.639386616,P024,XL,S02,Summer,Adult,South,59,No,2024,4
2024-04-07 09:39:17.296441368,P029,M,S01,Summer,Young Adult,South,79,No,2024,4
2024-04-07 11:50:41.953496120,P011,L,S09,Winter,Young Adult,East,69,No,2024,4
2024-04-07 14:02:06.610550880,P025,S,S05,Spring,Adult,North,39,No,2024,4
2024-04-07 16:13:31.267605632,P004,M,S02,Autumn,Teen,South,59,No,2024,4
2024-04-07 18:24:55.924660384,P026,XXL,S10,Autumn,Adult,West,33,Yes,2024,4
2024-04-07 20:36:20.581715144,P028,S,S04,Summer,Senior,North,46,No,2024,4
2024-04-07 22:47:45.238769896,P026,M,S03,Winter,Senior,South,66,No,2024,4
2024-04-08 00:59:09.895824648,P006,M,S07,Spring,Teen,East,62,No,2024,4
2024-04-08 03:10:34.552879408,P001,XL,S01,Summer,Senior,South,49,No,2024,4
2024-04-08 05:21:59.209934160,P020,XL,S10,Summer,Young Adult,West,55,No,2024,4
2024-04-08 07:33:23.866988912,P023,M,S12,Spring,Teen,West,59,No,2024,4
2024-04-08 09:44:48.524043672,P028,S,S12,Autumn,Teen,West,37,No,2024,4
2024-04-08 11:56:13.181098424,P016,L,S04,Autumn,Teen,North,56,No,2024,4
2024-04-08 14:07:37.838153176,P015,M,S07,Winter,Young Adult,East,71,No,2024,4
2024-04-08 16:19:02.495207936,P017,L,S11,Summer,Senior,West,62,No,2024,4
2024-04-08 18:30:27.152262688,P008,S,S10,Winter,Adult,West,47,No,2024,4
2024-04-08 20:41:51.809317440,P028,S,S05,Autumn,Senior,North,36,No,2024,4
2024-04-08 22:53:16.466372192,P026,L,S04,Spring,Adult,North,53,No,2024,4
2024-04-09 01:04:41.123426952,P012,M,S04,Autumn,Teen,North,63,No,2024,4
2024-04-09 03:16:05.780481704,P027,XL,S11,Autumn,Adult,West,55,Yes,2024,4
2024-04-09 05:27:30.437536456,P022,S,S12,Summer,Senior,West,45,Yes,2024,4
2024-04-09 07:38:55.094591216,P021,M,S02,Autumn,Young Adult,South,64,No,2024,4
2024-04-09 09:50:19.751645968,P010,XXL,S08,Winter,Senior,East,37,No,2024,4
2024-04-09 12:01:44.408700720,P027,M,S12,Spring,Young Adult,West,74,No,2024,4
2024-04-09 14:13:09.065755480,P015,L,S04,Summer,Young Adult,North,55,No,2024,4
2024-04-09 16:24:33.722810232,P030,M,S02,Spring,Young Adult,South,66,No,2024,4
2024-04-09 18:35:58.379864984,P009,L,S09,Winter,Adult,East,58,No,2024,4
2024-04-09 20:47:23.036919744,P002,L,S12,Winter,Teen,West,60,No,2024,4
2024-04-09 22:58:47.693974496,P005,M,S10,Autumn,Teen,West,50,No,2024,4
2024-04-10 01:10:12.351029248,P006,XL,S07,Winter,Teen,East,48,No,2024,4
2024-04-10 03:21:37.008084008,P007,L,S03,Autumn,Young Adult,South,72,No,2024,4
2024-04-10 05:33:01.665138760,P021,M,S07,Summer,Adult,East,57,No,2024,4
2024-04-10 07:44:26.322193512,P025,L,S01,Spring,Adult,South,64,Yes,2024,4
2024-04-10 09:55:50.979248272,P001,L,S12,Autumn,Adult,West,58,No,2024,4
2024-04-10 12:07:15.636303024,P023,M,S01,Autumn,Senior,South,61,No,2024,4
2024-04-10 14:18:40.293357776,P026,M,S04,Summer,Adult,North,58,No,2024,4
2024-04-10 16:30:04.950412536,P007,M,S04,Winter,Adult,North,65,No,2024,4
2024-04-10 18:41:29.607467288,P020,M,S04,Autumn,Adult,North,63,No,2024,4
2024-04-10 20:52:54.264522040,P025,L,S09,Winter,Teen,East,56,No,2024,4
2024-04-10 23:04:18.921576800,P030,M,S06,Autumn,Young Adult,North,60,No,2024,4
2024-04-11 01:15:43.578631552,P012,XL,S03,Winter,Senior,South,52,Yes,2024,4
2024-04-11 03:27:08.235686304,P016,M,S06,Autumn,Teen,North,63,No,2024,4
2024-04-11 05:38:32.892741056,P016,M,S02,Spring,Adult,South,73,No,2024,4
2024-04-11 07:49:57.549795816,P011,L,S02,Spring,Young Adult,South,70,No,2024,4
2024-04-11 10:01:22.206850568,P021,L,S07,Spring,Young Adult,East,60,No,2024,4
2024-04-11 12:12:46.863905320,P004,L,S03,Autumn,Young Adult,South,70,No,2024,4
2024-04-11 14:24:11.520960080,P013,S,S07,Winter,Young Adult,East,53,No,2024,4
2024-04-11 16:35:36.178014832,P007,M,S03,Summer,Adult,South,75,No,2024,4
2024-04-11 18:47:00.835069584,P004,M,S12,Summer,Senior,West,64,No,2024,4
2024-04-11 20:58:25.492124344,P015,XXL,S12,Summer,Adult,West,39,No,2024,4
2024-04-11 23:09:50.149179096,P019,M,S02,Spring,Young Adult,South,67,No,2024,4
2024-04-12 01:21:14.806233848,P009,XL,S04,Spring,Adult,North,55,No,2024,4
2024-04-12 03:32:39.463288608,P011,L,S04,Spring,Young Adult,North,63,No,2024,4
2024-04-12 05:44:04.120343360,P008,M,S03,Winter,Adult,South,63,No,2024,4
2024-04-12 07:55:28.777398112,P001,L,S09,Spring,Senior,East,54,No,2024,4
2024-04-12 10:06:53.434452872,P023,XL,S06,Winter,Young Adult,North,49,No,2024,4
2024-04-12 12:18:18.091507624,P025,XL,S05,Winter,Adult,North,51,No,2024,4
2024-04-12 14:29:42.748562376,P024,M,S12,Winter,Teen,West,69,No,2024,4
2024-04-12 16:41:07.405617136,P008,M,S12,Autumn,Senior,West,53,No,2024,4
2024-04-12 18:52:32.062671888,P013,M,S06,Summer,Teen,North,61,No,2024,4
2024-04-12 21:03:56.719726640,P022,S,S11,Winter,Adult,West,52,No,2024,4
2024-04-12 23:15:21.376781400,P027,L,S08,Summer,Senior,East,55,No,2024,4
2024-04-13 01:26:46.033836152,P004,XL,S05,Winter,Senior,North,54,No,2024,4
2024-04-13 03:38:10.690890904,P008,M,S04,Winter,Senior,North,61,No,2024,4
2024-04-13 05:49:35.347945664,P003,L,S07,Spring,Adult,East,55,No,2024,4
2024-04-13 08:01:00.005000416,P029,L,S12,Summer,Senior,West,57,No,2024,4
2024-04-13 10:12:24.662055168,P009,M,S05,Winter,Senior,North,59,No,2024,4
2024-04-13 12:23:49.319109920,P029,S,S04,Summer,Teen,North,48,No,2024,4
2024-04-13 14:35:13.976164680,P002,L,S05,Spring,Adult,North,65,No,2024,4
2024-04-13 16:46:38.633219432,P002,XL,S11,Winter,Young Adult,West,64,No,2024,4
2024-04-13 18:58:03.290274184,P028,L,S04,Spring,Adult,North,56,No,2024,4
2024-04-13 21:09:27.947328944,P013,S,S08,Winter,Adult,East,39,No,2024,4
2024-04-13 23:20:52.604383696,P015,M,S08,Spring,Senior,East,58,No,2024,4
2024-04-14 01:32:17.261438448,P028,S,S01,Spring,Teen,South,45,No,2024,4
2024-04-14 03:43:41.918493208,P023,L,S12,Autumn,Teen,West,52,No,2024,4
2024-04-14 05:55:06.575547960,P012,L,S03,Winter,Adult,South,63,No,2024,4
2024-04-14 08:06:31.232602712,P026,S,S11,Winter,Young Adult,West,42,No,2024,4
2024-04-14 10:17:55.889657472,P004,XL,S04,Winter,Adult,North,54,No,2024,4
2024-04-14 12:29:20.546712224,P026,L,S02,Summer,Young Adult,South,62,No,2024,4
2024-04-14 14:40:45.203766976,P008,L,S05,Autumn,Young Adult,North,61,No,2024,4
2024-04-14 16:52:09.860821736,P009,XXL,S11,Summer,Adult,West,36,No,2024,4
2024-04-14 19:03:34.517876488,P023,S,S08,Winter,Senior,East,35,No,2024,4
2024-04-14 21:14:59.174931240,P005,XL,S12,Autumn,Senior,West,41,No,2024,4
2024-04-14 23:26:23.831986000,P024,S,S02,Spring,Young Adult,South,55,No,2024,4
2024-04-15 01:37:48.489040752,P020,M,S09,Autumn,Teen,East,49,No,2024,4
2024-04-15 03:49:13.146095504,P018,XL,S07,Spring,Senior,East,38,No,2024,4
2024-04-15 06:00:37.803150264,P011,XL,S06,Winter,Senior,North,46,No,2024,4
2024-04-15 08:12:02.460205016,P015,L,S08,Winter,Young Adult,East,68,No,2024,4
2024-04-15 10:23:27.117259768,P028,L,S02,Spring,Young Adult,South,58,No,2024,4
2024-04-15 12:34:51.774314528,P022,L,S05,Autumn,Young Adult,North,60,No,2024,4
2024-04-15 14:46:16.431369280,P009,XL,S04,Summer,Senior,North,45,No,2024,4
2024-04-15 16:57:41.088424032,P017,S,S08,Autumn,Senior,East,43,No,2024,4
2024-04-15 19:09:05.745478784,P027,XL,S01,Spring,Teen,South,54,No,2024,4
2024-04-15 21:20:30.402533544,P026,M,S12,Spring,Teen,West,63,No,2024,4
2024-04-15 23:31:55.059588296,P012,M,S03,Summer,Adult,South,77,No,2024,4
2024-04-16 01:43:19.716643048,P007,M,S10,Summer,Young Adult,West,79,Yes,2024,4
2024-04-16 03:54:44.373697808,P010,L,S08,Summer,Senior,East,65,No,2024,4
2024-04-16 06:06:09.030752560,P025,XL,S05,Spring,Teen,North,40,No,2024,4
2024-04-16 08:17:33.687807312,P026,L,S04,Winter,Young Adult,North,63,No,2024,4
2024-04-16 10:28:58.344862072,P025,XXL,S06,Autumn,Young Adult,North,43,No,2024,4
2024-04-16 12:40:23.001916824,P010,M,S12,Summer,Adult,West,74,No,2024,4
2024-04-16 14:51:47.658971576,P027,L,S05,Spring,Young Adult,North,56,Yes,2024,4
2024-04-16 17:03:12.316026336,P013,XL,S03,Autumn,Teen,South,49,No,2024,4
2024-04-16 19:14:36.973081088,P019,L,S11,Summer,Adult,West,58,No,2024,4
2024-04-16 21:26:01.630135840,P011,L,S05,Winter,Senior,North,58,No,2024,4
2024-04-16 23:37:26.287190600,P013,L,S04,Autumn,Adult,North,56,No,2024,4
2024-04-17 01:48:50.944245352,P021,XL,S01,Autumn,Young Adult,South,40,No,2024,4
2024-04-17 04:00:15.601300104,P008,XL,S01,Spring,Young Adult,South,53,No,2024,4
2024-04-17 06:11:40.258354864,P008,S,S07,Spring,Teen,East,41,No,2024,4
2024-04-17 08:23:04.915409616,P004,XL,S04,Spring,Young Adult,North,56,No,2024,4
2024-04-17 10:34:29.572464368,P015,M,S01,Winter,Senior,South,70,No,2024,4
2024-04-17 12:45:54.229519128,P028,M,S06,Autumn,Teen,North,52,No,2024,4
2024-04-17 14:57:18.886573880,P011,XL,S11,Summer,Young Adult,West,49,No,2024,4
2024-04-17 17:08:43.543628632,P011,M,S12,Winter,Senior,West,65,No,2024,4
2024-04-17 19:20:08.200683392,P001,XL,S11,Summer,Teen,West,49,No,2024,4
2024-04-17 21:31:32.857738144,P017,M,S12,Summer,Young Adult,West,78,No,2024,4
2024-04-17 23:42:57.514792896,P015,S,S11,Spring,Senior,West,46,No,2024,4
2024-04-18 01:54:22.171847648,P020,M,S11,Summer,Senior,West,67,No,2024,4
2024-04-18 04:05:46.828902408,P006,S,S01,Summer,Adult,South,47,No,2024,4
2024-04-18 06:17:11.485957160,P024,L,S08,Winter,Teen,East,52,No,2024,4
2024-04-18 08:28:36.143011912,P022,M,S12,Spring,Adult,West,73,No,2024,4
2024-04-18 10:40:00.800066672,P028,M,S09,Summer,Senior,East,63,No,2024,4
2024-04-18 12:51:25.457121424,P025,S,S11,Summer,Adult,West,46,No,2024,4
2024-04-18 15:02:50.114176176,P015,M,S03,Summer,Adult,South,66,No,2024,4
2024-04-18 17:14:14.771230936,P009,L,S07,Autumn,Adult,East,54,No,2024,4
2024-04-18 19:25:39.428285688,P014,M,S05,Autumn,Teen,North,55,No,2024,4
2024-04-18 21:37:04.085340440,P018,L,S03,Spring,Young Adult,South,59,No,2024,4
2024-04-18 23:48:28.742395200,P026,XL,S05,Winter,Adult,North,50,No,2024,4
2024-04-19 01:59:53.399449952,P017,L,S10,Spring,Young Adult,West,73,No,2024,4
2024-04-19 04:11:18.056504704,P018,XL,S07,Autumn,Teen,East,47,No,2024,4
2024-04-19 06:22:42.713559464,P005,S,S07,Spring,Young Adult,East,46,No,2024,4
2024-04-19 08:34:07.370614216,P020,M,S09,Winter,Teen,East,59,No,2024,4
2024-04-19 10:45:32.027668968,P020,XL,S08,Spring,Young Adult,East,51,Yes,2024,4
2024-04-19 12:56:56.684723728,P009,L,S04,Summer,Teen,North,58,No,2024,4
2024-04-19 15:08:21.341778480,P011,L,S05,Winter,Senior,North,60,No,2024,4
2024-04-19 17:19:45.998833232,P024,L,S05,Winter,Teen,North,56,No,2024,4
2024-04-19 19:31:10.655887992,P022,M,S10,Winter,Young Adult,West,81,No,2024,4
2024-04-19 21:42:35.312942744,P001,S,S12,Spring,Adult,West,54,No,2024,4
2024-04-19 23:53:59.969997496,P018,L,S02,Spring,Senior,South,55,No,2024,4
2024-04-20 02:05:24.627052256,P006,L,S12,Summer,Adult,West,58,No,2024,4
2024-04-20 04:16:49.284107008,P027,M,S07,Winter,Young Adult,East,75,No,2024,4
2024-04-20 06:28:13.941161760,P002,XL,S07,Summer,Adult,East,57,No,2024,4
2024-04-20 08:39:38.598216520,P015,M,S09,Winter,Adult,East,62,No,2024,4
2024-04-20 10:51:03.255271272,P029,M,S09,Autumn,Teen,East,55,No,2024,4
2024-04-20 13:02:27.912326024,P026,XL,S04,Spring,Young Adult,North,50,No,2024,4
2024-04-20 15:13:52.569380776,P021,L,S05,Summer,Adult,North,51,No,2024,4
2024-04-20 17:25:17.226435536,P014,L,S07,Spring,Adult,East,52,No,2024,4
2024-04-20 19:36:41.883490288,P005,S,S10,Spring,Adult,West,39,No,2024,4
2024-04-20 21:48:06.540545040,P006,M,S07,Autumn,Young Adult,East,64,No,2024,4
2024-04-20 23:59:31.197599800,P006,L,S11,Autumn,Senior,West,56,No,2024,4
2024-04-21 02:10:55.854654552,P030,M,S10,Winter,Adult,West,66,No,2024,4
2024-04-21 04:22:20.511709304,P022,XL,S11,Autumn,Adult,West,55,No,2024,4
2024-04-21 06:33:45.168764064,P030,XL,S08,Winter,Senior,East,51,No,2024,4
2024-04-21 08:45:09.825818816,P018,XL,S08,Autumn,Senior,East,45,No,2024,4
2024-04-21 10:56:34.482873568,P014,M,S02,Autumn,Senior,South,57,No,2024,4
2024-04-21 13:07:59.139928328,P010,L,S12,Summer,Adult,West,61,No,2024,4
2024-04-21 15:19:23.796983080,P014,M,S09,Autumn,Teen,East,66,No,2024,4
2024-04-21 17:30:48.454037832,P013,M,S11,Summer,Young Adult,West,67,No,2024,4
2024-04-21 19:42:13.111092592,P030,S,S04,Autumn,Adult,North,45,No,2024,4
2024-04-21 21:53:37.768147344,P003,M,S01,Summer,Senior,South,62,No,2024,4
2024-04-22 00:05:02.425202096,P030,XL,S01,Spring,Senior,South,44,No,2024,4
2024-04-22 02:16:27.082256856,P006,M,S05,Winter,Senior,North,65,No,2024,4
2024-04-22 04:27:51.739311608,P029,M,S07,Autumn,Senior,East,66,No,2024,4
2024-04-22 06:39:16.396366360,P008,XXL,S05,Summer,Teen,North,32,No,2024,4
2024-04-22 08:50:41.053421120,P012,S,S03,Autumn,Young Adult,South,47,No,2024,4
2024-04-22 11:02:05.710475872,P013,L,S11,Summer,Teen,West,61,No,2024,4
2024-04-22 13:13:30.367530624,P011,M,S07,Summer,Teen,East,70,No,2024,4
2024-04-22 15:24:55.024585384,P012,S,S01,Autumn,Young Adult,South,41,No,2024,4
2024-04-22 17:36:19.681640136,P001,XL,S11,Winter,Adult,West,61,No,2024,4
2024-04-22 19:47:44.338694888,P017,S,S01,Summer,Adult,South,56,No,2024,4
2024-04-22 21:59:08.995749640,P016,L,S12,Spring,Teen,West,51,No,2024,4
2024-04-23 00:10:33.652804400,P011,M,S02,Autumn,Young Adult,South,72,No,2024,4
2024-04-23 02:21:58.309859152,P013,S,S01,Spring,Senior,South,36,No,2024,4
2024-04-23 04:33:22.966913904,P018,S,S09,Summer,Young Adult,East,44,No,2024,4
2024-04-23 06:44:47.623968664,P011,S,S04,Summer,Adult,North,53,No,2024,4
2024-04-23 08:56:12.281023416,P028,S,S07,Autumn,Teen,East,41,No,2024,4
2024-04-23 11:07:36.938078168,P012,L,S05,Winter,Senior,North,66,No,2024,4
2024-04-23 13:19:01.595132928,P006,M,S07,Spring,Adult,East,66,No,2024,4
2024-04-23 15:30:26.252187680,P009,M,S07,Winter,Senior,East,60,No,2024,4
2024-04-23 17:41:50.909242432,P016,M,S01,Spring,Young Adult,South,69,No,2024,4
2024-04-23 19:53:15.566297192,P004,XL,S01,Winter,Young Adult,South,63,Yes,2024,4
2024-04-23 22:04:40.223351944,P003,XL,S11,Autumn,Adult,West,43,No,2024,4
2024-04-24 00:16:04.880406696,P028,L,S03,Spring,Adult,South,58,No,2024,4
2024-04-24 02:27:29.537461456,P016,XL,S10,Autumn,Senior,West,46,No,2024,4
2024-04-24 04:38:54.194516208,P024,M,S02,Winter,Senior,South,61,No,2024,4
2024-04-24 06:50:18.851570960,P027,M,S07,Winter,Young Adult,East,78,No,2024,4
2024-04-24 09:01:43.508625720,P026,L,S03,Winter,Teen,South,58,No,2024,4
2024-04-24 11:13:08.165680472,P030,L,S07,Autumn,Senior,East,56,No,2024,4
2024-04-24 13:24:32.822735224,P025,M,S09,Summer,Young Adult,East,64,No,2024,4
2024-04-24 15:35:57.479789984,P012,M,S12,Summer,Teen,West,68,No,2024,4
2024-04-24 17:47:22.136844736,P011,XXL,S11,Spring,Adult,West,36,Yes,2024,4
2024-04-24 19:58:46.793899488,P005,XL,S01,Autumn,Adult,South,40,No,2024,4
2024-04-24 22:10:11.450954248,P025,M,S03,Autumn,Senior,South,68,No,2024,4
2024-04-25 00:21:36.108009000,P018,L,S11,Autumn,Teen,West,55,Yes,2024,4
2024-04-25 02:33:00.765063752,P019,M,S06,Winter,Young Adult,North,74,No,2024,4
2024-04-25 04:44:25.422118504,P023,S,S09,Autumn,Senior,East,27,No,2024,4
2024-04-25 06:55:50.079173264,P023,M,S05,Summer,Young Adult,North,69,No,2024,4
2024-04-25 09:07:14.736228016,P006,M,S03,Spring,Teen,South,56,No,2024,4
2024-04-25 11:18:39.393282768,P022,S,S08,Summer,Senior,East,47,No,2024,4
2024-04-25 13:30:04.050337528,P018,XL,S12,Autumn,Teen,West,49,No,2024,4
2024-04-25 15:41:28.707392280,P026,M,S05,Spring,Teen,North,49,No,2024,4
2024-04-25 17:52:53.364447032,P006,L,S06,Spring,Teen,North,54,No,2024,4
2024-04-25 20:04:18.021501792,P004,S,S02,Autumn,Young Adult,South,44,No,2024,4
2024-04-25 22:15:42.678556544,P012,M,S04,Autumn,Adult,North,68,No,2024,4
2024-04-26 00:27:07.335611296,P019,XL,S01,Summer,Senior,South,52,No,2024,4
2024-04-26 02:38:31.992666056,P029,L,S04,Summer,Young Adult,North,63,No,2024,4
2024-04-26 04:49:56.649720808,P027,XXL,S01,Winter,Teen,South,38,No,2024,4
2024-04-26 07:01:21.306775560,P029,XXL,S04,Winter,Young Adult,North,49,No,2024,4
2024-04-26 09:12:45.963830320,P002,M,S02,Winter,Teen,South,68,Yes,2024,4
2024-04-26 11:24:10.620885072,P017,M,S06,Autumn,Teen,North,65,Yes,2024,4
2024-04-26 13:35:35.277939824,P011,XL,S06,Autumn,Teen,North,38,No,2024,4
2024-04-26 15:46:59.934994584,P011,XXL,S08,Winter,Teen,East,42,No,2024,4
2024-04-26 17:58:24.592049336,P021,L,S09,Winter,Young Adult,East,55,No,2024,4
2024-04-26 20:09:49.249104088,P016,L,S08,Summer,Teen,East,62,Yes,2024,4
2024-04-26 22:21:13.906158848,P002,L,S01,Winter,Young Adult,South,73,No,2024,4
2024-04-27 00:32:38.563213600,P002,M,S03,Winter,Young Adult,South,74,No,2024,4
2024-04-27 02:44:03.220268352,P023,L,S06,Spring,Adult,North,55,No,2024,4
2024-04-27 04:55:27.877323112,P008,XL,S01,Winter,Young Adult,South,62,No,2024,4
2024-04-27 07:06:52.534377864,P013,L,S08,Spring,Adult,East,60,Yes,2024,4
2024-04-27 09:18:17.191432616,P010,S,S06,Winter,Adult,North,55,No,2024,4
2024-04-27 11:29:41.848487368,P008,M,S01,Spring,Adult,South,61,No,2024,4
2024-04-27 13:41:06.505542128,P030,S,S10,Winter,Young Adult,West,57,No,2024,4
2024-04-27 15:52:31.162596880,P004,M,S02,Summer,Adult,South,76,No,2024,4
2024-04-27 18:03:55.819651632,P015,XL,S06,Autumn,Senior,North,37,No,2024,4
2024-04-27 20:15:20.476706392,P030,S,S10,Spring,Teen,West,48,No,2024,4
2024-04-27 22:26:45.133761144,P001,M,S08,Autumn,Young Adult,East,70,No,2024,4
2024-04-28 00:38:09.790815896,P011,M,S05,Summer,Teen,North,66,No,2024,4
2024-04-28 02:49:34.447870656,P007,L,S01,Winter,Young Adult,South,65,No,2024,4
2024-04-28 05:00:59.104925408,P017,L,S10,Winter,Adult,West,69,No,2024,4
2024-04-28 07:12:23.761980160,P027,M,S02,Summer,Senior,South,72,No,2024,4
2024-04-28 09:23:48.419034920,P020,M,S04,Autumn,Adult,North,56,No,2024,4
2024-04-28 11:35:13.076089672,P024,M,S04,Autumn,Young Adult,North,62,No,2024,4
2024-04-28 13:46:37.733144424,P018,L,S07,Autumn,Adult,East,55,No,2024,4
2024-04-28 15:58:02.390199184,P022,M,S02,Autumn,Senior,South,64,No,2024,4
2024-04-28 18:09:27.047253936,P029,XL,S07,Spring,Teen,East,52,No,2024,4
2024-04-28 20:20:51.704308688,P022,M,S07,Autumn,Teen,East,66,No,2024,4
2024-04-28 22:32:16.361363448,P012,S,S07,Spring,Adult,East,48,No,2024,4
2024-04-29 00:43:41.018418200,P009,L,S03,Summer,Young Adult,South,68,No,2024,4
2024-04-29 02:55:05.675472952,P005,M,S06,Winter,Young Adult,North,73,No,2024,4
2024-04-29 05:06:30.332527712,P010,L,S12,Spring,Teen,West,60,No,2024,4
2024-04-29 07:17:54.989582464,P004,M,S06,Autumn,Senior,North,68,No,2024,4
2024-04-29 09:29:19.646637216,P005,L,S04,Winter,Adult,North,65,No,2024,4
2024-04-29 11:40:44.303691976,P028,L,S01,Spring,Adult,South,60,No,2024,4
2024-04-29 13:52:08.960746728,P028,XL,S09,Winter,Teen,East,50,Yes,2024,4
2024-04-29 16:03:33.617801480,P010,M,S02,Summer,Young Adult,South,79,No,2024,4
2024-04-29 18:14:58.274856240,P011,M,S09,Autumn,Adult,East,61,No,2024,4
2024-04-29 20:26:22.931910992,P021,M,S08,Summer,Young Adult,East,65,No,2024,4
2024-04-29 22:37:47.588965744,P024,XL,S01,Winter,Young Adult,South,55,No,2024,4
2024-04-30 00:49:12.246020496,P010,XL,S11,Summer,Teen,West,51,No,2024,4
2024-04-30 03:00:36.903075256,P028,S,S07,Autumn,Young Adult,East,40,No,2024,4
2024-04-30 05:12:01.560130008,P008,S,S10,Spring,Senior,West,46,No,2024,4
2024-04-30 07:23:26.217184760,P002,M,S03,Summer,Senior,South,69,No,2024,4
2024-04-30 09:34:50.874239520,P023,S,S10,Autumn,Teen,West,30,No,2024,4
2024-04-30 11:46:15.531294272,P008,M,S10,Winter,Adult,West,62,No,2024,4
2024-04-30 13:57:40.188349024,P016,S,S09,Summer,Young Adult,East,41,Yes,2024,4
2024-04-30 16:09:04.845403784,P027,L,S05,Spring,Senior,North,62,Yes,2024,4
2024-04-30 18:20:29.502458536,P022,XL,S11,Summer,Teen,West,54,No,2024,4
2024-04-30 20:31:54.159513288,P005,XXL,S03,Winter,Teen,South,35,No,2024,4
2024-04-30 22:43:18.816568048,P027,M,S08,Winter,Young Adult,East,78,No,2024,4
2024-05-01 00:54:43.473622800,P025,L,S12,Winter,Teen,West,62,Yes,2024,5
2024-05-01 03:06:08.130677552,P029,XL,S03,Summer,Adult,South,56,No,2024,5
2024-05-01 05:17:32.787732312,P003,S,S07,Summer,Young Adult,East,47,No,2024,5
2024-05-01 07:28:57.444787064,P012,L,S07,Summer,Adult,East,56,No,2024,5
2024-05-01 09:40:22.101841816,P013,M,S07,Spring,Senior,East,56,No,2024,5
2024-05-01 11:51:46.758896576,P013,M,S12,Autumn,Senior,West,63,No,2024,5
2024-05-01 14:03:11.415951328,P010,M,S01,Summer,Senior,South,72,No,2024,5
2024-05-01 16:14:36.073006080,P004,S,S11,Spring,Senior,West,46,No,2024,5
2024-05-01 18:26:00.730060840,P009,L,S05,Winter,Teen,North,59,No,2024,5
2024-05-01 20:37:25.387115592,P022,M,S12,Summer,Adult,West,73,No,2024,5
2024-05-01 22:48:50.044170344,P024,M,S11,Summer,Teen,West,67,No,2024,5
2024-05-02 01:00:14.701225104,P023,S,S01,Summer,Teen,South,36,No,2024,5
2024-05-02 03:11:39.358279856,P027,XL,S07,Spring,Senior,East,40,No,2024,5
2024-05-02 05:23:04.015334608,P002,M,S08,Summer,Adult,East,69,No,2024,5
2024-05-02 07:34:28.672389360,P019,L,S07,Summer,Young Adult,East,65,No,2024,5
2024-05-02 09:45:53.329444120,P001,L,S01,Autumn,Young Adult,South,60,No,2024,5
2024-05-02 11:57:17.986498872,P025,M,S03,Spring,Young Adult,South,61,No,2024,5
2024-05-02 14:08:42.643553624,P029,M,S10,Autumn,Adult,West,61,No,2024,5
2024-05-02 16:20:07.300608384,P007,L,S03,Autumn,Senior,South,52,No,2024,5
2024-05-02 18:31:31.957663136,P017,S,S07,Autumn,Senior,East,40,No,2024,5
2024-05-02 20:42:56.614717888,P003,S,S04,Autumn,Adult,North,38,No,2024,5
2024-05-02 22:54:21.271772648,P020,L,S12,Winter,Senior,West,56,No,2024,5
2024-05-03 01:05:45.928827400,P020,M,S03,Summer,Adult,South,73,No,2024,5
2024-05-03 03:17:10.585882152,P021,M,S06,Autumn,Adult,North,53,No,2024,5
2024-05-03 05:28:35.242936912,P030,M,S12,Spring,Young Adult,West,65,No,2024,5
2024-05-03 07:39:59.899991664,P003,M,S10,Summer,Young Adult,West,63,No,2024,5
2024-05-03 09:51:24.557046416,P003,L,S06,Autumn,Teen,North,55,No,2024,5
2024-05-03 12:02:49.214101176,P017,L,S10,Autumn,Adult,West,64,No,2024,5
2024-05-03 14:14:13.871155928,P007,L,S05,Spring,Young Adult,North,64,No,2024,5
2024-05-03 16:25:38.528210680,P027,L,S12,Winter,Young Adult,West,66,No,2024,5
2024-05-03 18:37:03.185265440,P026,M,S06,Spring,Young Adult,North,55,No,2024,5
2024-05-03 20:48:27.842320192,P014,M,S03,Winter,Senior,South,71,No,2024,5
2024-05-03 22:59:52.499374944,P017,M,S10,Winter,Young Adult,West,77,No,2024,5
2024-05-04 01:11:17.156429704,P018,M,S05,Winter,Senior,North,60,No,2024,5
2024-05-04 03:22:41.813484456,P013,XXL,S09,Autumn,Young Adult,East,31,No,2024,5
2024-05-04 05:34:06.470539208,P020,XL,S04,Autumn,Senior,North,35,No,2024,5
2024-05-04 07:45:31.127593968,P029,M,S11,Winter,Senior,West,76,No,2024,5
2024-05-04 09:56:55.784648720,P020,S,S02,Winter,Young Adult,South,44,No,2024,5
2024-05-04 12:08:20.441703472,P021,S,S05,Autumn,Adult,North,44,No,2024,5
2024-05-04 14:19:45.098758224,P027,M,S03,Winter,Teen,South,78,No,2024,5
2024-05-04 16:31:09.755812984,P018,S,S12,Autumn,Teen,West,39,No,2024,5
2024-05-04 18:42:34.412867736,P004,L,S03,Winter,Adult,South,61,No,2024,5
2024-05-04 20:53:59.069922488,P001,XL,S04,Autumn,Young Adult,North,57,No,2024,5
2024-05-04 23:05:23.726977248,P018,L,S12,Spring,Adult,West,59,No,2024,5
2024-05-05 01:16:48.384032000,P001,M,S04,Winter,Young Adult,North,78,No,2024,5
2024-05-05 03:28:13.041086752,P026,M,S05,Winter,Young Adult,North,59,No,2024,5
2024-05-05 05:39:37.698141512,P026,L,S07,Spring,Young Adult,East,51,No,2024,5
2024-05-05 07:51:02.355196264,P013,XL,S04,Summer,Young Adult,North,52,No,2024,5
2024-05-05 10:02:27.012251016,P020,XL,S11,Winter,Young Adult,West,58,No,2024,5
2024-05-05 12:13:51.669305776,P020,XL,S07,Summer,Adult,East,39,No,2024,5
2024-05-05 14:25:16.326360528,P023,L,S09,Spring,Adult,East,54,No,2024,5
2024-05-05 16:36:40.983415280,P010,L,S03,Winter,Teen,South,66,No,2024,5
2024-05-05 18:48:05.640470040,P027,S,S05,Summer,Young Adult,North,58,No,2024,5
2024-05-05 20:59:30.297524792,P011,L,S04,Winter,Adult,North,62,No,2024,5
2024-05-05 23:10:54.954579544,P009,M,S09,Winter,Adult,East,73,No,2024,5
2024-05-06 01:22:19.611634304,P009,M,S05,Autumn,Young Adult,North,62,No,2024,5
2024-05-06 03:33:44.268689056,P005,L,S10,Summer,Young Adult,West,56,No,2024,5
2024-05-06 05:45:08.925743808,P026,M,S02,Autumn,Adult,South,62,No,2024,5
2024-05-06 07:56:33.582798568,P001,S,S10,Autumn,Young Adult,West,48,No,2024,5
2024-05-06 10:07:58.239853320,P017,S,S01,Summer,Senior,South,55,No,2024,5
2024-05-06 12:19:22.896908072,P022,S,S07,Summer,Adult,East,41,No,2024,5
2024-05-06 14:30:47.553962832,P002,S,S11,Autumn,Teen,West,46,No,2024,5
2024-05-06 16:42:12.211017584,P024,S,S01,Winter,Young Adult,South,56,No,2024,5
2024-05-06 18:53:36.868072336,P013,M,S08,Winter,Senior,East,66,No,2024,5
2024-05-06 21:05:01.525127088,P009,M,S09,Spring,Teen,East,57,No,2024,5
2024-05-06 23:16:26.182181848,P029,XXL,S07,Winter,Teen,East,41,No,2024,5
2024-05-07 01:27:50.839236600,P004,M,S09,Summer,Teen,East,70,No,2024,5
2024-05-07 03:39:15.496291352,P005,S,S10,Summer,Young Adult,West,49,No,2024,5
2024-05-07 05:50:40.153346112,P011,L,S06,Spring,Teen,North,58,No,2024,5
2024-05-07 08:02:04.810400864,P024,XL,S07,Summer,Adult,East,49,No,2024,5
2024-05-07 10:13:29.467455616,P019,L,S03,Autumn,Adult,South,62,No,2024,5
2024-05-07 12:24:54.124510376,P021,M,S09,Spring,Young Adult,East,64,No,2024,5
2024-05-07 14:36:18.781565128,P003,L,S03,Spring,Young Adult,South,63,No,2024,5
2024-05-07 16:47:43.438619880,P012,L,S06,Winter,Teen,North,59,No,2024,5
2024-05-07 18:59:08.095674640,P026,L,S04,Winter,Young Adult,North,65,No,2024,5
2024-05-07 21:10:32.752729392,P019,L,S09,Autumn,Adult,East,56,No,2024,5
2024-05-07 23:21:57.409784144,P019,XL,S01,Autumn,Adult,South,51,No,2024,5
2024-05-08 01:33:22.066838904,P013,XL,S09,Winter,Adult,East,48,No,2024,5
2024-05-08 03:44:46.723893656,P028,L,S12,Winter,Young Adult,West,67,No,2024,5
2024-05-08 05:56:11.380948408,P007,M,S04,Autumn,Adult,North,73,No,2024,5
2024-05-08 08:07:36.038003168,P015,L,S10,Winter,Young Adult,West,70,No,2024,5
2024-05-08 10:19:00.695057920,P023,XL,S05,Spring,Senior,North,43,No,2024,5
2024-05-08 12:30:25.352112672,P007,S,S11,Autumn,Teen,West,41,No,2024,5
2024-05-08 14:41:50.009167432,P026,XXL,S01,Winter,Senior,South,42,No,2024,5
2024-05-08 16:53:14.666222184,P008,M,S01,Summer,Adult,South,74,No,2024,5
2024-05-08 19:04:39.323276936,P005,M,S06,Summer,Teen,North,56,No,2024,5
2024-05-08 21:16:03.980331696,P021,XL,S10,Autumn,Adult,West,48,No,2024,5
2024-05-08 23:27:28.637386448,P014,M,S01,Summer,Adult,South,64,No,2024,5
2024-05-09 01:38:53.294441200,P004,M,S02,Summer,Senior,South,67,No,2024,5
2024-05-09 03:50:17.951495952,P023,S,S03,Spring,Adult,South,40,No,2024,5
2024-05-09 06:01:42.608550712,P010,M,S07,Autumn,Teen,East,68,No,2024,5
2024-05-09 08:13:07.265605464,P020,M,S02,Summer,Adult,South,69,No,2024,5
2024-05-09 10:24:31.922660216,P015,M,S05,Winter,Teen,North,62,No,2024,5
2024-05-09 12:35:56.579714976,P018,M,S09,Autumn,Senior,East,50,No,2024,5
2024-05-09 14:47:21.236769728,P020,XXL,S12,Autumn,Young Adult,West,40,No,2024,5
2024-05-09 16:58:45.893824480,P013,XXL,S12,Summer,Adult,West,38,No,2024,5
2024-05-09 19:10:10.550879240,P029,S,S10,Summer,Senior,West,53,No,2024,5
2024-05-09 21:21:35.207933992,P008,L,S08,Spring,Adult,East,53,No,2024,5
2024-05-09 23:32:59.864988744,P009,S,S12,Winter,Teen,West,48,No,2024,5
2024-05-10 01:44:24.522043504,P016,S,S08,Spring,Adult,East,37,No,2024,5
2024-05-10 03:55:49.179098256,P019,S,S11,Spring,Young Adult,West,38,No,2024,5
2024-05-10 06:07:13.836153008,P016,XXL,S02,Winter,Adult,South,48,No,2024,5
2024-05-10 08:18:38.493207768,P007,XL,S01,Summer,Young Adult,South,52,No,2024,5
2024-05-10 10:30:03.150262520,P014,M,S09,Spring,Young Adult,East,66,No,2024,5
2024-05-10 12:41:27.807317272,P028,M,S10,Autumn,Adult,West,63,No,2024,5
2024-05-10 14:52:52.464372032,P014,M,S12,Spring,Senior,West,64,No,2024,5
2024-05-10 17:04:17.121426784,P025,L,S04,Winter,Adult,North,56,No,2024,5
2024-05-10 19:15:41.778481536,P027,L,S09,Spring,Young Adult,East,69,No,2024,5
2024-05-10 21:27:06.435536296,P004,M,S11,Spring,Senior,West,60,No,2024,5
2024-05-10 23:38:31.092591048,P026,L,S12,Autumn,Young Adult,West,56,No,2024,5
2024-05-11 01:49:55.749645800,P015,M,S11,Winter,Young Adult,West,68,No,2024,5
2024-05-11 04:01:20.406700560,P003,XL,S07,Autumn,Adult,East,38,No,2024,5
2024-05-11 06:12:45.063755312,P005,L,S12,Summer,Teen,West,57,No,2024,5
2024-05-11 08:24:09.720810064,P001,M,S06,Winter,Adult,North,67,No,2024,5
2024-05-11 10:35:34.377864816,P003,L,S10,Spring,Teen,West,54,No,2024,5
2024-05-11 12:46:59.034919576,P015,XL,S09,Autumn,Teen,East,41,No,2024,5
2024-05-11 14:58:23.691974328,P024,M,S10,Autumn,Adult,West,64,No,2024,5
2024-05-11 17:09:48.349029080,P027,M,S04,Winter,Teen,North,75,No,2024,5
2024-05-11 19:21:13.006083840,P008,XL,S01,Autumn,Young Adult,South,43,No,2024,5
2024-05-11 21:32:37.663138592,P029,M,S05,Winter,Senior,North,63,No,2024,5
2024-05-11 23:44:02.320193344,P004,S,S06,Summer,Adult,North,49,No,2024,5
2024-05-12 01:55:26.977248104,P002,M,S06,Winter,Teen,North,65,No,2024,5
2024-05-12 04:06:51.634302856,P029,XL,S12,Winter,Young Adult,West,58,No,2024,5
2024-05-12 06:18:16.291357608,P024,L,S01,Summer,Senior,South,63,No,2024,5
2024-05-12 08:29:40.948412368,P024,XL,S07,Summer,Teen,East,52,No,2024,5
2024-05-12 10:41:05.605467120,P010,L,S08,Spring,Teen,East,52,No,2024,5
2024-05-12 12:52:30.262521872,P004,S,S12,Autumn,Young Adult,West,55,No,2024,5
2024-05-12 15:03:54.919576632,P003,L,S05,Summer,Senior,North,48,No,2024,5
2024-05-12 17:15:19.576631384,P002,L,S02,Summer,Senior,South,61,Yes,2024,5
2024-05-12 19:26:44.233686136,P025,S,S02,Autumn,Young Adult,South,54,No,2024,5
2024-05-12 21:38:08.890740896,P017,M,S11,Autumn,Senior,West,65,No,2024,5
2024-05-12 23:49:33.547795648,P023,S,S05,Spring,Adult,North,44,No,2024,5
2024-05-13 02:00:58.204850400,P021,L,S07,Spring,Senior,East,55,No,2024,5
2024-05-13 04:12:22.861905160,P024,XL,S07,Winter,Teen,East,45,No,2024,5
2024-05-13 06:23:47.518959912,P020,L,S04,Spring,Senior,North,43,No,2024,5
2024-05-13 08:35:12.176014664,P023,XXL,S11,Summer,Adult,West,38,No,2024,5
2024-05-13 10:46:36.833069424,P013,S,S03,Summer,Adult,South,42,No,2024,5
2024-05-13 12:58:01.490124176,P005,XL,S09,Autumn,Teen,East,33,No,2024,5
2024-05-13 15:09:26.147178928,P030,XL,S12,Spring,Teen,West,52,No,2024,5
2024-05-13 17:20:50.804233688,P021,M,S07,Winter,Adult,East,68,No,2024,5
2024-05-13 19:32:15.461288440,P030,XXL,S02,Winter,Young Adult,South,50,No,2024,5
2024-05-13 21:43:40.118343192,P009,M,S01,Winter,Adult,South,66,No,2024,5
2024-05-13 23:55:04.775397944,P025,XL,S11,Winter,Senior,West,51,No,2024,5
2024-05-14 02:06:29.432452704,P029,XL,S02,Autumn,Teen,South,52,No,2024,5
2024-05-14 04:17:54.089507456,P025,L,S12,Spring,Young Adult,West,55,No,2024,5
2024-05-14 06:29:18.746562208,P028,L,S03,Spring,Adult,South,55,Yes,2024,5
2024-05-14 08:40:43.403616968,P022,S,S05,Spring,Teen,North,49,No,2024,5
2024-05-14 10:52:08.060671720,P006,L,S03,Spring,Senior,South,62,Yes,2024,5
2024-05-14 13:03:32.717726472,P005,M,S10,Winter,Young Adult,West,69,No,2024,5
2024-05-14 15:14:57.374781232,P025,L,S09,Winter,Young Adult,East,66,No,2024,5
2024-05-14 17:26:22.031835984,P010,L,S10,Autumn,Young Adult,West,60,No,2024,5
2024-05-14 19:37:46.688890736,P008,XL,S04,Autumn,Senior,North,40,No,2024,5
2024-05-14 21:49:11.345945496,P007,S,S07,Winter,Teen,East,48,No,2024,5
2024-05-15 00:00:36.003000248,P007,XL,S04,Summer,Adult,North,57,No,2024,5
2024-05-15 02:12:00.660055000,P006,XL,S03,Spring,Teen,South,53,No,2024,5
2024-05-15 04:23:25.317109760,P021,L,S10,Autumn,Senior,West,45,No,2024,5
2024-05-15 06:34:49.974164512,P029,S,S01,Winter,Teen,South,54,No,2024,5
2024-05-15 08:46:14.631219264,P020,S,S12,Spring,Young Adult,West,50,No,2024,5
2024-05-15 10:57:39.288274024,P003,S,S09,Spring,Adult,East,47,Yes,2024,5
2024-05-15 13:09:03.945328776,P019,L,S11,Winter,Senior,West,62,No,2024,5
2024-05-15 15:20:28.602383528,P022,L,S01,Summer,Young Adult,South,70,No,2024,5
2024-05-15 17:31:53.259438288,P015,XXL,S11,Summer,Teen,West,30,No,2024,5
2024-05-15 19:43:17.916493040,P004,M,S01,Autumn,Young Adult,South,70,No,2024,5
2024-05-15 21:54:42.573547792,P028,M,S01,Winter,Teen,South,63,No,2024,5
2024-05-16 00:06:07.230602552,P012,L,S05,Autumn,Teen,North,50,No,2024,5
2024-05-16 02:17:31.887657304,P006,XL,S07,Summer,Senior,East,42,No,2024,5
2024-05-16 04:28:56.544712056,P019,XL,S07,Autumn,Teen,East,39,No,2024,5
2024-05-16 06:40:21.201766808,P004,XL,S10,Autumn,Young Adult,West,46,No,2024,5
2024-05-16 08:51:45.858821568,P015,M,S01,Summer,Senior,South,63,No,2024,5
2024-05-16 11:03:10.515876320,P009,L,S06,Spring,Adult,North,53,No,2024,5
2024-05-16 13:14:35.172931072,P005,XL,S09,Spring,Senior,East,37,No,2024,5
2024-05-16 15:25:59.829985832,P013,M,S06,Summer,Young Adult,North,70,No,2024,5
2024-05-16 17:37:24.487040584,P023,M,S04,Spring,Teen,North,58,No,2024,5
2024-05-16 19:48:49.144095336,P026,M,S10,Winter,Senior,West,65,No,2024,5
2024-05-16 22:00:13.801150096,P018,S,S09,Spring,Senior,East,33,No,2024,5
2024-05-17 00:11:38.458204848,P030,L,S03,Summer,Senior,South,61,No,2024,5
2024-05-17 02:23:03.115259600,P030,S,S10,Winter,Young Adult,West,60,Yes,2024,5
2024-05-17 04:34:27.772314360,P005,M,S04,Autumn,Teen,North,57,No,2024,5
2024-05-17 06:45:52.429369112,P025,M,S04,Summer,Adult,North,73,No,2024,5
2024-05-17 08:57:17.086423864,P016,L,S04,Summer,Adult,North,58,No,2024,5
2024-05-17 11:08:41.743478624,P027,M,S06,Spring,Teen,North,59,No,2024,5
2024-05-17 13:20:06.400533376,P019,L,S11,Winter,Adult,West,57,No,2024,5
2024-05-17 15:31:31.057588128,P014,S,S11,Summer,Teen,West,52,No,2024,5
2024-05-17 17:42:55.714642888,P025,S,S07,Winter,Senior,East,39,No,2024,5
2024-05-17 19:54:20.371697640,P030,M,S09,Winter,Senior,East,71,No,2024,5
2024-05-17 22:05:45.028752392,P016,M,S11,Spring,Young Adult,West,65,Yes,2024,5
2024-05-18 00:17:09.685807152,P027,M,S03,Summer,Senior,South,66,No,2024,5
2024-05-18 02:28:34.342861904,P015,S,S08,Winter,Young Adult,East,47,No,2024,5
2024-05-18 04:39:58.999916656,P022,XL,S08,Winter,Adult,East,56,Yes,2024,5
2024-05-18 06:51:23.656971416,P004,L,S01,Autumn,Adult,South,60,No,2024,5
2024-05-18 09:02:48.314026168,P007,S,S05,Spring,Senior,North,40,No,2024,5
2024-05-18 11:14:12.971080920,P016,S,S10,Summer,Teen,West,40,No,2024,5
2024-05-18 13:25:37.628135672,P024,XXL,S05,Winter,Adult,North,46,Yes,2024,5
2024-05-18 15:37:02.285190432,P022,L,S12,Spring,Adult,West,59,No,2024,5
2024-05-18 17:48:26.942245184,P021,M,S08,Summer,Adult,East,60,No,2024,5
2024-05-18 19:59:51.599299936,P022,L,S08,Winter,Teen,East,64,No,2024,5
2024-05-18 22:11:16.256354696,P021,L,S12,Summer,Senior,West,49,No,2024,5
2024-05-19 00:22:40.913409448,P008,L,S02,Summer,Young Adult,South,69,No,2024,5
2024-05-19 02:34:05.570464200,P017,M,S03,Spring,Teen,South,72,No,2024,5
2024-05-19 04:45:30.227518960,P016,M,S02,Spring,Teen,South,70,No,2024,5
2024-05-19 06:56:54.884573712,P027,S,S01,Autumn,Adult,South,48,No,2024,5
2024-05-19 09:08:19.541628464,P023,XL,S02,Autumn,Young Adult,South,52,No,2024,5
2024-05-19 11:19:44.198683224,P010,L,S10,Autumn,Teen,West,53,No,2024,5
2024-05-19 13:31:08.855737976,P010,M,S06,Winter,Adult,North,78,No,2024,5
2024-05-19 15:42:33.512792728,P027,XL,S12,Autumn,Teen,West,47,Yes,2024,5
2024-05-19 17:53:58.169847488,P002,XL,S01,Summer,Adult,South,64,No,2024,5
2024-05-19 20:05:22.826902240,P030,XXL,S06,Spring,Young Adult,North,31,No,2024,5
2024-05-19 22:16:47.483956992,P009,XL,S01,Summer,Young Adult,South,63,No,2024,5
2024-05-20 00:28:12.141011752,P017,XXL,S02,Spring,Adult,South,42,Yes,2024,5
2024-05-20 02:39:36.798066504,P011,M,S08,Spring,Senior,East,57,No,2024,5
2024-05-20 04:51:01.455121256,P010,XL,S06,Summer,Teen,North,57,No,2024,5
2024-05-20 07:02:26.112176016,P022,XL,S09,Summer,Senior,East,50,No,2024,5
2024-05-20 09:13:50.769230768,P025,M,S01,Winter,Teen,South,71,No,2024,5
2024-05-20 11:25:15.426285520,P017,S,S05,Spring,Young Adult,North,57,Yes,2024,5
2024-05-20 13:36:40.083340280,P004,XXL,S07,Autumn,Teen,East,40,No,2024,5
2024-05-20 15:48:04.740395032,P016,M,S09,Winter,Adult,East,61,No,2024,5
2024-05-20 17:59:29.397449784,P020,XL,S11,Autumn,Adult,West,46,No,2024,5
2024-05-20 20:10:54.054504536,P015,S,S09,Winter,Adult,East,42,No,2024,5
2024-05-20 22:22:18.711559296,P025,S,S04,Spring,Senior,North,42,No,2024,5
2024-05-21 00:33:43.368614048,P027,M,S04,Summer,Young Adult,North,71,No,2024,5
2024-05-21 02:45:08.025668800,P021,M,S04,Summer,Young Adult,North,68,No,2024,5
2024-05-21 04:56:32.682723560,P005,L,S03,Spring,Young Adult,South,51,No,2024,5
2024-05-21 07:07:57.339778312,P006,L,S08,Summer,Adult,East,62,No,2024,5
2024-05-21 09:19:21.996833064,P017,S,S05,Spring,Young Adult,North,53,No,2024,5
2024-05-21 11:30:46.653887824,P001,M,S07,Spring,Senior,East,63,No,2024,5
2024-05-21 13:42:11.310942576,P025,M,S10,Spring,Senior,West,61,No,2024,5
2024-05-21 15:53:35.967997328,P019,M,S06,Winter,Senior,North,69,No,2024,5
2024-05-21 18:05:00.625052088,P004,L,S09,Summer,Adult,East,63,No,2024,5
2024-05-21 20:16:25.282106840,P017,M,S03,Winter,Teen,South,67,No,2024,5
2024-05-21 22:27:49.939161592,P009,S,S06,Autumn,Young Adult,North,43,No,2024,5
2024-05-22 00:39:14.596216352,P024,M,S03,Spring,Senior,South,64,No,2024,5
2024-05-22 02:50:39.253271104,P002,S,S02,Summer,Teen,South,47,No,2024,5
2024-05-22 05:02:03.910325856,P008,S,S03,Autumn,Teen,South,47,No,2024,5
2024-05-22 07:13:28.567380616,P015,M,S02,Spring,Senior,South,58,No,2024,5
2024-05-22 09:24:53.224435368,P007,XL,S02,Autumn,Senior,South,55,Yes,2024,5
2024-05-22 11:36:17.881490120,P027,XL,S10,Winter,Young Adult,West,57,No,2024,5
2024-05-22 13:47:42.538544880,P006,XL,S11,Winter,Young Adult,West,59,Yes,2024,5
2024-05-22 15:59:07.195599632,P001,M,S07,Summer,Teen,East,74,No,2024,5
2024-05-22 18:10:31.852654384,P015,M,S10,Autumn,Teen,West,52,No,2024,5
2024-05-22 20:21:56.509709144,P023,L,S03,Autumn,Teen,South,46,No,2024,5
2024-05-22 22:33:21.166763896,P026,L,S08,Winter,Adult,East,52,No,2024,5
2024-05-23 00:44:45.823818648,P007,XXL,S02,Winter,Teen,South,43,No,2024,5
2024-05-23 02:56:10.480873408,P029,S,S11,Summer,Adult,West,54,No,2024,5
2024-05-23 05:07:35.137928160,P030,S,S11,Spring,Young Adult,West,49,No,2024,5
2024-05-23 07:18:59.794982912,P025,L,S07,Summer,Teen,East,50,No,2024,5
2024-05-23 09:30:24.452037664,P017,XL,S03,Winter,Young Adult,South,66,No,2024,5
2024-05-23 11:41:49.109092424,P002,XL,S09,Summer,Teen,East,57,No,2024,5
2024-05-23 13:53:13.766147176,P027,L,S07,Spring,Young Adult,East,67,No,2024,5
2024-05-23 16:04:38.423201928,P009,XXL,S09,Winter,Teen,East,43,Yes,2024,5
2024-05-23 18:16:03.080256688,P029,L,S02,Spring,Adult,South,66,No,2024,5
2024-05-23 20:27:27.737311440,P009,XL,S06,Summer,Senior,North,40,No,2024,5
2024-05-23 22:38:52.394366192,P013,XXL,S05,Spring,Young Adult,North,43,No,2024,5
2024-05-24 00:50:17.051420952,P006,XL,S02,Winter,Young Adult,South,50,No,2024,5
2024-05-24 03:01:41.708475704,P006,M,S04,Winter,Senior,North,60,No,2024,5
2024-05-24 05:13:06.365530456,P020,M,S04,Spring,Teen,North,58,No,2024,5
2024-05-24 07:24:31.022585216,P020,L,S08,Summer,Adult,East,52,Yes,2024,5
2024-05-24 09:35:55.679639968,P021,M,S07,Summer,Adult,East,56,No,2024,5
2024-05-24 11:47:20.336694720,P003,XL,S05,Summer,Adult,North,51,No,2024,5
2024-05-24 13:58:44.993749480,P017,S,S09,Summer,Teen,East,47,No,2024,5
2024-05-24 16:10:09.650804232,P017,M,S01,Autumn,Young Adult,South,73,No,2024,5
2024-05-24 18:21:34.307858984,P012,L,S04,Autumn,Teen,North,51,No,2024,5
2024-05-24 20:32:58.964913744,P016,S,S05,Spring,Adult,North,38,No,2024,5
2024-05-24 22:44:23.621968496,P015,M,S08,Autumn,Senior,East,62,Yes,2024,5
2024-05-25 00:55:48.279023248,P013,M,S03,Autumn,Adult,South,60,No,2024,5
2024-05-25 03:07:12.936078008,P023,L,S12,Autumn,Young Adult,West,58,No,2024,5
2024-05-25 05:18:37.593132760,P001,M,S05,Spring,Teen,North,65,No,2024,5
2024-05-25 07:30:02.250187512,P017,XL,S03,Autumn,Teen,South,45,No,2024,5
2024-05-25 09:41:26.907242272,P003,M,S07,Summer,Adult,East,65,No,2024,5
2024-05-25 11:52:51.564297024,P026,XL,S10,Summer,Young Adult,West,55,No,2024,5
2024-05-25 14:04:16.221351776,P015,M,S03,Spring,Young Adult,South,69,No,2024,5
2024-05-25 16:15:40.878406528,P004,M,S07,Spring,Senior,East,66,No,2024,5
2024-05-25 18:27:05.535461288,P004,S,S02,Spring,Adult,South,55,No,2024,5
2024-05-25 20:38:30.192516040,P018,S,S07,Winter,Senior,East,47,No,2024,5
2024-05-25 22:49:54.849570792,P017,L,S09,Autumn,Teen,East,63,No,2024,5
2024-05-26 01:01:19.506625552,P019,S,S12,Spring,Teen,West,47,No,2024,5
2024-05-26 03:12:44.163680304,P011,M,S05,Spring,Young Adult,North,71,No,2024,5
2024-05-26 05:24:08.820735056,P020,L,S12,Spring,Senior,West,49,No,2024,5
2024-05-26 07:35:33.477789816,P003,M,S06,Summer,Young Adult,North,71,No,2024,5
2024-05-26 09:46:58.134844568,P008,M,S10,Spring,Adult,West,70,Yes,2024,5
2024-05-26 11:58:22.791899320,P014,L,S11,Summer,Young Adult,West,65,No,2024,5
2024-05-26 14:09:47.448954080,P026,XL,S03,Summer,Teen,South,43,No,2024,5
2024-05-26 16:21:12.106008832,P001,S,S10,Winter,Teen,West,47,No,2024,5
2024-05-26 18:32:36.763063584,P014,M,S05,Spring,Young Adult,North,61,No,2024,5
2024-05-26 20:44:01.420118344,P002,XXL,S05,Winter,Adult,North,39,No,2024,5
2024-05-26 22:55:26.077173096,P029,S,S03,Spring,Senior,South,52,No,2024,5
2024-05-27 01:06:50.734227848,P023,XXL,S08,Autumn,Teen,East,20,Yes,2024,5
2024-05-27 03:18:15.391282608,P004,S,S06,Spring,Teen,North,37,No,2024,5
2024-05-27 05:29:40.048337360,P024,XL,S03,Spring,Adult,South,55,No,2024,5
2024-05-27 07:41:04.705392112,P027,M,S01,Spring,Young Adult,South,66,Yes,2024,5
2024-05-27 09:52:29.362446872,P029,XL,S10,Spring,Teen,West,54,No,2024,5
2024-05-27 12:03:54.019501624,P019,M,S01,Spring,Teen,South,64,No,2024,5
2024-05-27 14:15:18.676556376,P006,L,S11,Spring,Adult,West,53,No,2024,5
2024-05-27 16:26:43.333611136,P025,S,S10,Winter,Young Adult,West,52,No,2024,5
2024-05-27 18:38:07.990665888,P001,M,S12,Autumn,Adult,West,74,No,2024,5
2024-05-27 20:49:32.647720640,P017,L,S02,Winter,Adult,South,67,No,2024,5
2024-05-27 23:00:57.304775392,P008,L,S10,Autumn,Young Adult,West,63,No,2024,5
2024-05-28 01:12:21.961830152,P019,XL,S05,Winter,Teen,North,48,No,2024,5
2024-05-28 03:23:46.618884904,P021,M,S07,Winter,Senior,East,62,No,2024,5
2024-05-28 05:35:11.275939656,P001,XL,S01,Spring,Senior,South,56,No,2024,5
2024-05-28 07:46:35.932994416,P005,M,S01,Winter,Senior,South,70,No,2024,5
2024-05-28 09:58:00.590049168,P027,XXL,S04,Autumn,Adult,North,42,No,2024,5
2024-05-28 12:09:25.247103920,P016,XXL,S10,Summer,Teen,West,35,No,2024,5
2024-05-28 14:20:49.904158680,P006,M,S06,Autumn,Teen,North,52,No,2024,5
2024-05-28 16:32:14.561213432,P008,XL,S09,Winter,Teen,East,46,No,2024,5
2024-05-28 18:43:39.218268184,P013,XL,S01,Summer,Teen,South,44,No,2024,5
2024-05-28 20:55:03.875322944,P016,M,S11,Spring,Adult,West,68,No,2024,5
2024-05-28 23:06:28.532377696,P030,L,S10,Summer,Senior,West,62,No,2024,5
2024-05-29 01:17:53.189432448,P003,S,S05,Spring,Senior,North,40,No,2024,5
2024-05-29 03:29:17.846487208,P019,XL,S09,Autumn,Young Adult,East,52,No,2024,5
2024-05-29 05:40:42.503541960,P012,M,S08,Summer,Teen,East,57,No,2024,5
2024-05-29 07:52:07.160596712,P016,S,S07,Summer,Senior,East,47,No,2024,5
2024-05-29 10:03:31.817651472,P027,M,S10,Summer,Senior,West,66,No,2024,5
2024-05-29 12:14:56.474706224,P011,L,S02,Spring,Teen,South,54,No,2024,5
2024-05-29 14:26:21.131760976,P010,XL,S09,Spring,Teen,East,44,No,2024,5
2024-05-29 16:37:45.788815736,P025,XXL,S12,Autumn,Senior,West,38,Yes,2024,5
2024-05-29 18:49:10.445870488,P020,M,S08,Autumn,Young Adult,East,65,No,2024,5
2024-05-29 21:00:35.102925240,P004,S,S11,Winter,Teen,West,51,No,2024,5
2024-05-29 23:11:59.759980000,P012,L,S10,Spring,Senior,West,58,No,2024,5
2024-05-30 01:23:24.417034752,P023,L,S10,Autumn,Young Adult,West,62,No,2024,5
2024-05-30 03:34:49.074089504,P002,M,S09,Summer,Adult,East,73,No,2024,5
2024-05-30 05:46:13.731144256,P024,M,S09,Summer,Young Adult,East,67,No,2024,5
2024-05-30 07:57:38.388199016,P022,L,S09,Summer,Teen,East,54,No,2024,5
2024-05-30 10:09:03.045253768,P019,M,S03,Autumn,Adult,South,64,No,2024,5
2024-05-30 12:20:27.702308520,P025,L,S07,Summer,Young Adult,East,66,No,2024,5
2024-05-30 14:31:52.359363280,P005,L,S12,Summer,Senior,West,47,No,2024,5
2024-05-30 16:43:17.016418032,P008,XL,S01,Spring,Teen,South,52,No,2024,5
2024-05-30 18:54:41.673472784,P007,L,S09,Spring,Adult,East,67,No,2024,5
2024-05-30 21:06:06.330527544,P014,M,S09,Autumn,Senior,East,63,No,2024,5
2024-05-30 23:17:30.987582296,P024,XL,S03,Spring,Adult,South,56,No,2024,5
2024-05-31 01:28:55.644637048,P023,L,S05,Winter,Young Adult,North,59,No,2024,5
2024-05-31 03:40:20.301691808,P003,M,S12,Autumn,Senior,West,66,No,2024,5
2024-05-31 05:51:44.958746560,P018,L,S08,Winter,Teen,East,57,No,2024,5
2024-05-31 08:03:09.615801312,P016,M,S06,Winter,Senior,North,70,No,2024,5
2024-05-31 10:14:34.272856072,P023,XL,S10,Autumn,Young Adult,West,50,No,2024,5
2024-05-31 12:25:58.929910824,P019,M,S10,Spring,Adult,West,57,No,2024,5
2024-05-31 14:37:23.586965576,P019,L,S09,Spring,Senior,East,49,No,2024,5
2024-05-31 16:48:48.244020336,P018,S,S03,Autumn,Adult,South,44,No,2024,5
2024-05-31 19:00:12.901075088,P020,M,S12,Winter,Teen,West,71,No,2024,5
2024-05-31 21:11:37.558129840,P016,XXL,S07,Autumn,Senior,East,31,No,2024,5
2024-05-31 23:23:02.215184600,P008,XL,S06,Autumn,Adult,North,42,No,2024,5
2024-06-01 01:34:26.872239352,P028,M,S05,Summer,Teen,North,65,No,2024,6
2024-06-01 03:45:51.529294104,P001,M,S04,Summer,Young Adult,North,76,No,2024,6
2024-06-01 05:57:16.186348864,P017,M,S05,Winter,Senior,North,71,No,2024,6
2024-06-01 08:08:40.843403616,P012,L,S04,Spring,Senior,North,55,No,2024,6
2024-06-01 10:20:05.500458368,P030,L,S03,Summer,Senior,South,55,No,2024,6
2024-06-01 12:31:30.157513120,P021,L,S07,Summer,Adult,East,55,No,2024,6
2024-06-01 14:42:54.814567880,P011,L,S06,Winter,Adult,North,59,No,2024,6
2024-06-01 16:54:19.471622632,P005,XL,S04,Autumn,Teen,North,45,No,2024,6
2024-06-01 19:05:44.128677384,P027,M,S09,Summer,Senior,East,68,No,2024,6
2024-06-01 21:17:08.785732144,P012,S,S01,Spring,Teen,South,37,No,2024,6
2024-06-01 23:28:33.442786896,P017,L,S01,Winter,Senior,South,65,No,2024,6
2024-06-02 01:39:58.099841648,P006,XXL,S09,Summer,Young Adult,East,44,No,2024,6
2024-06-02 03:51:22.756896408,P001,L,S07,Winter,Senior,East,57,No,2024,6
2024-06-02 06:02:47.413951160,P005,L,S02,Summer,Teen,South,52,No,2024,6
2024-06-02 08:14:12.071005912,P025,L,S11,Summer,Adult,West,57,No,2024,6
2024-06-02 10:25:36.728060672,P028,XL,S10,Winter,Young Adult,West,54,No,2024,6
2024-06-02 12:37:01.385115424,P014,M,S05,Spring,Young Adult,North,69,No,2024,6
2024-06-02 14:48:26.042170176,P005,M,S04,Spring,Senior,North,60,No,2024,6
2024-06-02 16:59:50.699224936,P022,XXL,S01,Autumn,Young Adult,South,35,No,2024,6
2024-06-02 19:11:15.356279688,P024,XL,S12,Summer,Teen,West,54,No,2024,6
2024-06-02 21:22:40.013334440,P027,M,S09,Autumn,Teen,East,64,No,2024,6
2024-06-02 23:34:04.670389200,P001,M,S06,Winter,Senior,North,76,No,2024,6
2024-06-03 01:45:29.327443952,P030,M,S11,Autumn,Adult,West,70,Yes,2024,6
2024-06-03 03:56:53.984498704,P018,S,S12,Winter,Young Adult,West,59,No,2024,6
2024-06-03 06:08:18.641553464,P016,XXL,S06,Spring,Young Adult,North,37,No,2024,6
2024-06-03 08:19:43.298608216,P009,M,S04,Winter,Senior,North,67,No,2024,6
2024-06-03 10:31:07.955662968,P019,XL,S02,Winter,Young Adult,South,61,No,2024,6
2024-06-03 12:42:32.612717728,P022,M,S08,Autumn,Adult,East,64,No,2024,6
2024-06-03 14:53:57.269772480,P005,L,S08,Summer,Senior,East,46,No,2024,6
2024-06-03 17:05:21.926827232,P027,S,S03,Autumn,Teen,South,47,No,2024,6
2024-06-03 19:16:46.583881984,P002,L,S07,Spring,Young Adult,East,56,Yes,2024,6
2024-06-03 21:28:11.240936744,P030,L,S07,Spring,Senior,East,60,No,2024,6
2024-06-03 23:39:35.897991496,P015,L,S05,Spring,Teen,North,54,No,2024,6
2024-06-04 01:51:00.555046248,P007,S,S05,Summer,Teen,North,50,No,2024,6
2024-06-04 04:02:25.212101008,P004,M,S08,Autumn,Teen,East,63,No,2024,6
2024-06-04 06:13:49.869155760,P001,S,S04,Winter,Senior,North,50,No,2024,6
2024-06-04 08:25:14.526210512,P013,M,S01,Winter,Senior,South,70,No,2024,6
2024-06-04 10:36:39.183265272,P020,L,S01,Summer,Teen,South,54,No,2024,6
2024-06-04 12:48:03.840320024,P022,L,S09,Spring,Teen,East,54,No,2024,6
2024-06-04 14:59:28.497374776,P007,L,S04,Summer,Senior,North,66,No,2024,6
2024-06-04 17:10:53.154429536,P015,L,S01,Winter,Senior,South,53,No,2024,6
2024-06-04 19:22:17.811484288,P023,M,S02,Spring,Adult,South,59,No,2024,6
2024-06-04 21:33:42.468539040,P014,M,S10,Summer,Teen,West,65,No,2024,6
2024-06-04 23:45:07.125593800,P023,S,S07,Winter,Young Adult,East,42,No,2024,6
2024-06-05 01:56:31.782648552,P019,XL,S02,Winter,Young Adult,South,61,No,2024,6
2024-06-05 04:07:56.439703304,P022,L,S01,Summer,Senior,South,58,No,2024,6
2024-06-05 06:19:21.096758064,P029,M,S10,Winter,Young Adult,West,76,No,2024,6
2024-06-05 08:30:45.753812816,P024,M,S09,Autumn,Senior,East,51,No,2024,6
2024-06-05 10:42:10.410867568,P020,XL,S05,Autumn,Adult,North,50,No,2024,6
2024-06-05 12:53:35.067922328,P029,L,S04,Spring,Senior,North,50,No,2024,6
2024-06-05 15:04:59.724977080,P024,L,S04,Autumn,Teen,North,47,No,2024,6
2024-06-05 17:16:24.382031832,P018,M,S11,Autumn,Senior,West,65,No,2024,6
2024-06-05 19:27:49.039086592,P010,M,S01,Summer,Young Adult,South,79,No,2024,6
2024-06-05 21:39:13.696141344,P009,XXL,S03,Spring,Young Adult,South,37,No,2024,6
2024-06-05 23:50:38.353196096,P025,L,S01,Summer,Young Adult,South,58,No,2024,6
2024-06-06 02:02:03.010250856,P008,M,S05,Summer,Teen,North,62,No,2024,6
2024-06-06 04:13:27.667305608,P026,XL,S05,Autumn,Senior,North,43,No,2024,6
2024-06-06 06:24:52.324360360,P030,L,S09,Autumn,Senior,East,45,No,2024,6
2024-06-06 08:36:16.981415112,P029,M,S08,Winter,Young Adult,East,70,No,2024,6
2024-06-06 10:47:41.638469872,P010,M,S05,Winter,Teen,North,70,No,2024,6
2024-06-06 12:59:06.295524624,P017,M,S05,Spring,Young Adult,North,71,No,2024,6
2024-06-06 15:10:30.952579376,P002,S,S07,Autumn,Young Adult,East,48,No,2024,6
2024-06-06 17:21:55.609634136,P006,L,S12,Winter,Teen,West,61,No,2024,6
2024-06-06 19:33:20.266688888,P026,M,S02,Summer,Young Adult,South,65,Yes,2024,6
2024-06-06 21:44:44.923743640,P005,XL,S07,Autumn,Adult,East,39,No,2024,6
2024-06-06 23:56:09.580798400,P028,XXL,S01,Spring,Teen,South,40,Yes,2024,6
2024-06-07 02:07:34.237853152,P030,S,S05,Spring,Young Adult,North,50,No,2024,6
2024-06-07 04:18:58.894907904,P009,M,S12,Summer,Senior,West,66,No,2024,6
2024-06-07 06:30:23.551962664,P005,XL,S12,Winter,Adult,West,44,No,2024,6
2024-06-07 08:41:48.209017416,P018,L,S06,Summer,Senior,North,51,No,2024,6
2024-06-07 10:53:12.866072168,P026,L,S11,Winter,Senior,West,54,No,2024,6
2024-06-07 13:04:37.523126928,P020,M,S10,Autumn,Adult,West,61,No,2024,6
2024-06-07 15:16:02.180181680,P009,M,S01,Spring,Teen,South,63,No,2024,6
2024-06-07 17:27:26.837236432,P017,L,S09,Winter,Young Adult,East,68,No,2024,6
2024-06-07 19:38:51.494291192,P027,XXL,S09,Summer,Senior,East,34,No,2024,6
2024-06-07 21:50:16.151345944,P017,M,S01,Autumn,Senior,South,67,No,2024,6
2024-06-08 00:01:40.808400696,P012,XL,S04,Winter,Senior,North,47,No,2024,6
2024-06-08 02:13:05.465455456,P007,M,S08,Autumn,Teen,East,66,No,2024,6
2024-06-08 04:24:30.122510208,P027,XXL,S02,Autumn,Senior,South,43,Yes,2024,6
2024-06-08 06:35:54.779564960,P003,L,S11,Summer,Senior,West,59,No,2024,6
2024-06-08 08:47:19.436619720,P010,M,S08,Summer,Senior,East,71,No,2024,6
2024-06-08 10:58:44.093674472,P002,L,S10,Autumn,Adult,West,56,No,2024,6
2024-06-08 13:10:08.750729224,P025,M,S12,Autumn,Adult,West,62,No,2024,6
2024-06-08 15:21:33.407783976,P003,M,S09,Winter,Senior,East,65,No,2024,6
2024-06-08 17:32:58.064838736,P016,S,S09,Summer,Teen,East,39,No,2024,6
2024-06-08 19:44:22.721893488,P002,S,S01,Winter,Teen,South,49,No,2024,6
2024-06-08 21:55:47.378948240,P028,M,S09,Spring,Young Adult,East,61,No,2024,6
2024-06-09 00:07:12.036003000,P024,L,S04,Winter,Adult,North,55,No,2024,6
2024-06-09 02:18:36.693057752,P010,L,S12,Autumn,Teen,West,62,No,2024,6
2024-06-09 04:30:01.350112504,P006,S,S12,Spring,Senior,West,38,No,2024,6
2024-06-09 06:41:26.007167264,P022,XL,S08,Winter,Adult,East,56,No,2024,6
2024-06-09 08:52:50.664222016,P026,L,S09,Spring,Teen,East,52,No,2024,6
2024-06-09 11:04:15.321276768,P011,XXL,S03,Summer,Young Adult,South,45,No,2024,6
2024-06-09 13:15:39.978331528,P023,L,S06,Winter,Senior,North,61,No,2024,6
2024-06-09 15:27:04.635386280,P007,M,S03,Winter,Adult,South,75,No,2024,6
2024-06-09 17:38:29.292441032,P027,M,S01,Summer,Young Adult,South,75,No,2024,6
2024-06-09 19:49:53.949495792,P029,L,S10,Winter,Young Adult,West,65,No,2024,6
2024-06-09 22:01:18.606550544,P015,S,S06,Spring,Adult,North,42,No,2024,6
2024-06-10 00:12:43.263605296,P006,S,S05,Summer,Teen,North,44,No,2024,6
2024-06-10 02:24:07.920660056,P020,S,S03,Spring,Senior,South,41,No,2024,6
2024-06-10 04:35:32.577714808,P027,M,S04,Winter,Young Adult,North,81,No,2024,6
2024-06-10 06:46:57.234769560,P009,M,S02,Winter,Young Adult,South,73,No,2024,6
2024-06-10 08:58:21.891824320,P022,M,S12,Winter,Adult,West,71,No,2024,6
2024-06-10 11:09:46.548879072,P020,S,S10,Winter,Adult,West,48,No,2024,6
2024-06-10 13:21:11.205933824,P012,L,S10,Spring,Adult,West,63,No,2024,6
2024-06-10 15:32:35.862988584,P019,L,S04,Winter,Young Adult,North,60,No,2024,6
2024-06-10 17:44:00.520043336,P020,M,S04,Summer,Teen,North,55,No,2024,6
2024-06-10 19:55:25.177098088,P003,S,S03,Summer,Teen,South,52,No,2024,6
2024-06-10 22:06:49.834152840,P015,S,S06,Autumn,Senior,North,34,No,2024,6
2024-06-11 00:18:14.491207600,P002,M,S01,Summer,Adult,South,76,No,2024,6
2024-06-11 02:29:39.148262352,P030,M,S09,Autumn,Senior,East,52,No,2024,6
2024-06-11 04:41:03.805317104,P021,M,S11,Summer,Young Adult,West,60,No,2024,6
2024-06-11 06:52:28.462371864,P002,L,S10,Summer,Young Adult,West,72,No,2024,6
2024-06-11 09:03:53.119426616,P022,L,S03,Winter,Young Adult,South,69,No,2024,6
2024-06-11 11:15:17.776481368,P003,M,S03,Summer,Senior,South,64,No,2024,6
2024-06-11 13:26:42.433536128,P006,M,S12,Winter,Adult,West,69,No,2024,6
2024-06-11 15:38:07.090590880,P015,L,S03,Winter,Senior,South,56,No,2024,6
2024-06-11 17:49:31.747645632,P027,XL,S07,Summer,Senior,East,45,No,2024,6
2024-06-11 20:00:56.404700392,P010,L,S08,Spring,Young Adult,East,63,No,2024,6
2024-06-11 22:12:21.061755144,P009,L,S02,Winter,Young Adult,South,72,No,2024,6
2024-06-12 00:23:45.718809896,P001,M,S01,Summer,Teen,South,72,No,2024,6
2024-06-12 02:35:10.375864656,P016,M,S05,Spring,Adult,North,63,No,2024,6
2024-06-12 04:46:35.032919408,P006,XL,S08,Summer,Adult,East,42,No,2024,6
2024-06-12 06:57:59.689974160,P009,S,S03,Summer,Adult,South,46,No,2024,6
2024-06-12 09:09:24.347028920,P027,XXL,S06,Spring,Senior,North,40,No,2024,6
2024-06-12 11:20:49.004083672,P004,L,S03,Summer,Young Adult,South,64,No,2024,6
2024-06-12 13:32:13.661138424,P027,L,S06,Winter,Young Adult,North,70,No,2024,6
2024-06-12 15:43:38.318193184,P028,S,S12,Autumn,Teen,West,36,No,2024,6
2024-06-12 17:55:02.975247936,P002,L,S04,Autumn,Senior,North,52,No,2024,6
2024-06-12 20:06:27.632302688,P029,M,S11,Summer,Adult,West,73,No,2024,6
2024-06-12 22:17:52.289357448,P004,S,S07,Autumn,Senior,East,45,No,2024,6
2024-06-13 00:29:16.946412200,P001,M,S11,Autumn,Young Adult,West,64,No,2024,6
2024-06-13 02:40:41.603466952,P019,XL,S10,Autumn,Teen,West,50,No,2024,6
2024-06-13 04:52:06.260521704,P026,L,S01,Winter,Senior,South,51,No,2024,6
2024-06-13 07:03:30.917576464,P025,M,S01,Winter,Young Adult,South,72,No,2024,6
2024-06-13 09:14:55.574631216,P010,S,S05,Autumn,Senior,North,49,No,2024,6
2024-06-13 11:26:20.231685968,P021,L,S09,Spring,Young Adult,East,55,No,2024,6
2024-06-13 13:37:44.888740728,P015,L,S05,Spring,Senior,North,50,No,2024,6
2024-06-13 15:49:09.545795480,P027,L,S04,Spring,Adult,North,67,No,2024,6
2024-06-13 18:00:34.202850232,P022,L,S08,Winter,Senior,East,53,No,2024,6
2024-06-13 20:11:58.859904992,P019,M,S05,Winter,Senior,North,67,No,2024,6
2024-06-13 22:23:23.516959744,P016,L,S01,Winter,Adult,South,65,No,2024,6
2024-06-14 00:34:48.174014496,P021,M,S07,Winter,Senior,East,57,No,2024,6
2024-06-14 02:46:12.831069256,P027,XL,S11,Autumn,Young Adult,West,59,Yes,2024,6
2024-06-14 04:57:37.488124008,P024,L,S04,Winter,Young Adult,North,57,No,2024,6
2024-06-14 07:09:02.145178760,P022,M,S10,Autumn,Young Adult,West,62,No,2024,6
2024-06-14 09:20:26.802233520,P004,M,S05,Spring,Young Adult,North,72,No,2024,6
2024-06-14 11:31:51.459288272,P002,XL,S06,Autumn,Young Adult,North,46,No,2024,6
2024-06-14 13:43:16.116343024,P030,M,S07,Spring,Adult,East,61,No,2024,6
2024-06-14 15:54:40.773397784,P025,M,S11,Winter,Adult,West,74,No,2024,6
2024-06-14 18:06:05.430452536,P013,L,S02,Spring,Senior,South,60,No,2024,6
2024-06-14 20:17:30.087507288,P028,M,S01,Spring,Young Adult,South,64,Yes,2024,6
2024-06-14 22:28:54.744562048,P001,L,S12,Autumn,Senior,West,55,No,2024,6
2024-06-15 00:40:19.401616800,P017,S,S03,Spring,Young Adult,South,51,No,2024,6
2024-06-15 02:51:44.058671552,P013,L,S10,Summer,Senior,West,58,No,2024,6
2024-06-15 05:03:08.715726312,P004,S,S12,Spring,Adult,West,41,No,2024,6
2024-06-15 07:14:33.372781064,P007,S,S01,Winter,Young Adult,South,63,No,2024,6
2024-06-15 09:25:58.029835816,P017,XL,S04,Spring,Adult,North,46,No,2024,6
2024-06-15 11:37:22.686890576,P009,L,S06,Summer,Senior,North,57,Yes,2024,6
2024-06-15 13:48:47.343945328,P004,M,S05,Autumn,Adult,North,65,No,2024,6
2024-06-15 16:00:12.001000080,P019,M,S11,Spring,Adult,West,66,No,2024,6
2024-06-15 18:11:36.658054832,P001,L,S04,Summer,Adult,North,68,No,2024,6
2024-06-15 20:23:01.315109592,P010,L,S07,Winter,Teen,East,61,No,2024,6
2024-06-15 22:34:25.972164344,P004,XXL,S11,Winter,Senior,West,39,No,2024,6
2024-06-16 00:45:50.629219096,P009,XXL,S11,Autumn,Senior,West,37,No,2024,6
2024-06-16 02:57:15.286273856,P013,L,S06,Winter,Young Adult,North,63,No,2024,6
2024-06-16 05:08:39.943328608,P014,M,S03,Summer,Young Adult,South,67,No,2024,6
2024-06-16 07:20:04.600383360,P010,M,S09,Spring,Young Adult,East,63,No,2024,6
2024-06-16 09:31:29.257438120,P006,L,S05,Summer,Adult,North,65,No,2024,6
2024-06-16 11:42:53.914492872,P016,S,S10,Autumn,Senior,West,34,No,2024,6
2024-06-16 13:54:18.571547624,P006,M,S01,Spring,Adult,South,73,No,2024,6
2024-06-16 16:05:43.228602384,P017,S,S06,Summer,Senior,North,45,No,2024,6
2024-06-16 18:17:07.885657136,P010,S,S05,Autumn,Adult,North,54,Yes,2024,6
2024-06-16 20:28:32.542711888,P018,M,S10,Autumn,Young Adult,West,64,No,2024,6
2024-06-16 22:39:57.199766648,P027,M,S08,Spring,Adult,East,72,No,2024,6
2024-06-17 00:51:21.856821400,P022,L,S04,Spring,Teen,North,55,No,2024,6
2024-06-17 03:02:46.513876152,P018,M,S12,Winter,Young Adult,West,77,No,2024,6
2024-06-17 05:14:11.170930912,P003,M,S01,Winter,Teen,South,70,Yes,2024,6
2024-06-17 07:25:35.827985664,P020,S,S11,Spring,Teen,West,33,No,2024,6
2024-06-17 09:37:00.485040416,P027,L,S02,Winter,Young Adult,South,70,No,2024,6
2024-06-17 11:48:25.142095176,P021,M,S08,Spring,Teen,East,50,No,2024,6
2024-06-17 13:59:49.799149928,P025,L,S10,Winter,Teen,West,54,No,2024,6
2024-06-17 16:11:14.456204680,P028,XXL,S08,Summer,Senior,East,26,No,2024,6
2024-06-17 18:22:39.113259440,P015,S,S05,Autumn,Adult,North,46,No,2024,6
2024-06-17 20:34:03.770314192,P015,M,S06,Spring,Teen,North,65,No,2024,6
2024-06-17 22:45:28.427368944,P004,M,S02,Spring,Adult,South,70,No,2024,6
2024-06-18 00:56:53.084423696,P029,XXL,S11,Spring,Teen,West,33,No,2024,6
2024-06-18 03:08:17.741478456,P027,L,S12,Summer,Young Adult,West,68,No,2024,6
2024-06-18 05:19:42.398533208,P009,XL,S09,Autumn,Young Adult,East,55,Yes,2024,6
2024-06-18 07:31:07.055587960,P027,M,S06,Winter,Senior,North,70,No,2024,6
2024-06-18 09:42:31.712642720,P026,XXL,S12,Winter,Young Adult,West,39,Yes,2024,6
2024-06-18 11:53:56.369697472,P019,S,S09,Autumn,Senior,East,40,No,2024,6
2024-06-18 14:05:21.026752224,P024,S,S11,Winter,Young Adult,West,46,No,2024,6
2024-06-18 16:16:45.683806984,P028,XL,S10,Spring,Adult,West,43,No,2024,6
2024-06-18 18:28:10.340861736,P017,XL,S03,Autumn,Teen,South,47,No,2024,6
2024-06-18 20:39:34.997916488,P011,S,S06,Summer,Teen,North,38,No,2024,6
2024-06-18 22:50:59.654971248,P025,S,S10,Autumn,Senior,West,37,No,2024,6
2024-06-19 01:02:24.312026000,P009,S,S05,Spring,Young Adult,North,50,No,2024,6
2024-06-19 03:13:48.969080752,P010,S,S09,Autumn,Adult,East,48,No,2024,6
2024-06-19 05:25:13.626135512,P018,M,S10,Summer,Adult,West,72,No,2024,6
2024-06-19 07:36:38.283190264,P020,XXL,S01,Summer,Young Adult,South,39,No,2024,6
2024-06-19 09:48:02.940245016,P013,L,S09,Autumn,Teen,East,45,No,2024,6
2024-06-19 11:59:27.597299776,P008,L,S05,Autumn,Young Adult,North,57,No,2024,6
2024-06-19 14:10:52.254354528,P007,L,S01,Winter,Teen,South,59,No,2024,6
2024-06-19 16:22:16.911409280,P017,L,S10,Winter,Young Adult,West,65,No,2024,6
2024-06-19 18:33:41.568464040,P021,L,S08,Spring,Teen,East,48,No,2024,6
2024-06-19 20:45:06.225518792,P023,L,S07,Winter,Senior,East,57,No,2024,6
2024-06-19 22:56:30.882573544,P015,M,S06,Spring,Adult,North,58,No,2024,6
2024-06-20 01:07:55.539628304,P020,L,S02,Spring,Young Adult,South,52,No,2024,6
2024-06-20 03:19:20.196683056,P015,L,S05,Autumn,Teen,North,47,No,2024,6
2024-06-20 05:30:44.853737808,P001,XL,S03,Winter,Teen,South,57,No,2024,6
2024-06-20 07:42:09.510792560,P025,XXL,S02,Summer,Teen,South,35,No,2024,6
2024-06-20 09:53:34.167847320,P014,M,S10,Summer,Senior,West,70,No,2024,6
2024-06-20 12:04:58.824902072,P005,L,S01,Autumn,Teen,South,46,No,2024,6
2024-06-20 14:16:23.481956824,P011,S,S09,Summer,Adult,East,47,No,2024,6
2024-06-20 16:27:48.139011584,P016,L,S02,Summer,Senior,South,53,No,2024,6
2024-06-20 18:39:12.796066336,P002,M,S11,Autumn,Teen,West,58,No,2024,6
2024-06-20 20:50:37.453121088,P008,S,S01,Summer,Adult,South,49,No,2024,6
2024-06-20 23:02:02.110175848,P011,M,S07,Autumn,Teen,East,64,No,2024,6
2024-06-21 01:13:26.767230600,P029,L,S09,Spring,Adult,East,57,No,2024,6
2024-06-21 03:24:51.424285352,P018,S,S06,Winter,Adult,North,54,No,2024,6
2024-06-21 05:36:16.081340112,P003,XL,S08,Summer,Teen,East,51,No,2024,6
2024-06-21 07:47:40.738394864,P030,S,S11,Autumn,Adult,West,52,No,2024,6
2024-06-21 09:59:05.395449616,P026,XL,S07,Summer,Young Adult,East,48,No,2024,6
2024-06-21 12:10:30.052504376,P001,L,S09,Winter,Teen,East,61,No,2024,6
2024-06-21 14:21:54.709559128,P011,M,S07,Summer,Young Adult,East,75,No,2024,6
2024-06-21 16:33:19.366613880,P016,M,S06,Spring,Adult,North,61,No,2024,6
2024-06-21 18:44:44.023668640,P018,L,S01,Autumn,Senior,South,53,No,2024,6
2024-06-21 20:56:08.680723392,P030,L,S09,Winter,Senior,East,56,No,2024,6
2024-06-21 23:07:33.337778144,P016,L,S10,Spring,Adult,West,61,No,2024,6
2024-06-22 01:18:57.994832904,P023,M,S05,Summer,Young Adult,North,69,No,2024,6
2024-06-22 03:30:22.651887656,P010,M,S02,Summer,Teen,South,78,No,2024,6
2024-06-22 05:41:47.308942408,P018,XXL,S12,Summer,Senior,West,37,No,2024,6
2024-06-22 07:53:11.965997168,P006,M,S11,Winter,Young Adult,West,69,No,2024,6
2024-06-22 10:04:36.623051920,P019,M,S08,Autumn,Senior,East,51,No,2024,6
2024-06-22 12:16:01.280106672,P004,M,S04,Winter,Senior,North,60,No,2024,6
2024-06-22 14:27:25.937161424,P027,L,S03,Spring,Adult,South,62,No,2024,6
2024-06-22 16:38:50.594216184,P013,L,S01,Autumn,Teen,South,54,No,2024,6
2024-06-22 18:50:15.251270936,P024,M,S05,Winter,Young Adult,North,69,No,2024,6
2024-06-22 21:01:39.908325688,P014,S,S03,Summer,Young Adult,South,60,No,2024,6
2024-06-22 23:13:04.565380448,P003,S,S04,Spring,Teen,North,45,No,2024,6
2024-06-23 01:24:29.222435200,P010,M,S09,Summer,Young Adult,East,65,No,2024,6
2024-06-23 03:35:53.879489952,P006,M,S11,Winter,Senior,West,64,No,2024,6
2024-06-23 05:47:18.536544712,P001,XXL,S07,Spring,Teen,East,36,No,2024,6
2024-06-23 07:58:43.193599464,P023,M,S11,Autumn,Senior,West,51,No,2024,6
2024-06-23 10:10:07.850654216,P024,M,S05,Autumn,Senior,North,51,No,2024,6
2024-06-23 12:21:32.507708976,P027,XL,S08,Winter,Senior,East,56,No,2024,6
2024-06-23 14:32:57.164763728,P014,M,S06,Winter,Teen,North,66,No,2024,6
2024-06-23 16:44:21.821818480,P008,L,S10,Autumn,Young Adult,West,54,No,2024,6
2024-06-23 18:55:46.478873240,P019,S,S02,Autumn,Senior,South,43,No,2024,6
2024-06-23 21:07:11.135927992,P014,M,S07,Winter,Teen,East,63,No,2024,6
2024-06-23 23:18:35.792982744,P010,XL,S01,Autumn,Teen,South,45,No,2024,6
2024-06-24 01:30:00.450037504,P017,L,S03,Spring,Adult,South,64,No,2024,6
2024-06-24 03:41:25.107092256,P009,M,S12,Winter,Adult,West,77,Yes,2024,6
2024-06-24 05:52:49.764147008,P029,L,S01,Spring,Adult,South,57,No,2024,6
2024-06-24 08:04:14.421201768,P006,XL,S01,Summer,Young Adult,South,62,No,2024,6
2024-06-24 10:15:39.078256520,P011,M,S05,Spring,Young Adult,North,62,No,2024,6
2024-06-24 12:27:03.735311272,P025,L,S06,Winter,Young Adult,North,64,No,2024,6
2024-06-24 14:38:28.392366032,P007,XXL,S12,Summer,Young Adult,West,51,No,2024,6
2024-06-24 16:49:53.049420784,P017,M,S03,Autumn,Senior,South,70,No,2024,6
2024-06-24 19:01:17.706475536,P028,L,S03,Spring,Teen,South,56,No,2024,6
2024-06-24 21:12:42.363530288,P028,L,S03,Spring,Teen,South,64,No,2024,6
2024-06-24 23:24:07.020585048,P001,L,S01,Winter,Adult,South,69,No,2024,6
2024-06-25 01:35:31.677639800,P022,M,S05,Autumn,Teen,North,61,No,2024,6
2024-06-25 03:46:56.334694552,P005,M,S01,Winter,Young Adult,South,73,No,2024,6
2024-06-25 05:58:20.991749312,P009,L,S10,Autumn,Teen,West,63,No,2024,6
2024-06-25 08:09:45.648804064,P018,M,S10,Winter,Senior,West,63,No,2024,6
2024-06-25 10:21:10.305858816,P024,M,S03,Autumn,Senior,South,64,No,2024,6
2024-06-25 12:32:34.962913576,P027,M,S06,Summer,Adult,North,74,No,2024,6
2024-06-25 14:43:59.619968328,P021,S,S11,Winter,Young Adult,West,52,No,2024,6
2024-06-25 16:55:24.277023080,P002,XXL,S06,Summer,Teen,North,41,Yes,2024,6
2024-06-25 19:06:48.934077840,P029,M,S03,Winter,Adult,South,70,No,2024,6
2024-06-25 21:18:13.591132592,P026,XXL,S09,Winter,Teen,East,34,No,2024,6
2024-06-25 23:29:38.248187344,P011,S,S08,Winter,Adult,East,53,No,2024,6
2024-06-26 01:41:02.905242104,P027,L,S11,Spring,Adult,West,62,No,2024,6
2024-06-26 03:52:27.562296856,P028,M,S03,Winter,Senior,South,67,No,2024,6
2024-06-26 06:03:52.219351608,P006,L,S05,Autumn,Senior,North,51,No,2024,6
2024-06-26 08:15:16.876406368,P026,L,S05,Spring,Senior,North,47,No,2024,6
2024-06-26 10:26:41.533461120,P008,S,S05,Autumn,Adult,North,47,No,2024,6
2024-06-26 12:38:06.190515872,P004,XL,S03,Autumn,Senior,South,49,No,2024,6
2024-06-26 14:49:30.847570632,P018,M,S05,Autumn,Senior,North,63,No,2024,6
2024-06-26 17:00:55.504625384,P028,L,S05,Autumn,Young Adult,North,61,No,2024,6
2024-06-26 19:12:20.161680136,P011,XXL,S04,Autumn,Teen,North,30,No,2024,6
2024-06-26 21:23:44.818734896,P005,XL,S04,Summer,Teen,North,40,No,2024,6
2024-06-26 23:35:09.475789648,P015,XXL,S02,Spring,Young Adult,South,41,No,2024,6
2024-06-27 01:46:34.132844400,P028,M,S09,Autumn,Young Adult,East,61,No,2024,6
2024-06-27 03:57:58.789899152,P018,S,S07,Summer,Senior,East,43,No,2024,6
2024-06-27 06:09:23.446953912,P002,M,S01,Summer,Senior,South,65,Yes,2024,6
2024-06-27 08:20:48.104008664,P022,L,S05,Autumn,Teen,North,61,No,2024,6
2024-06-27 10:32:12.761063416,P011,L,S02,Winter,Young Adult,South,75,Yes,2024,6
2024-06-27 12:43:37.418118176,P026,M,S10,Autumn,Young Adult,West,67,No,2024,6
2024-06-27 14:55:02.075172928,P025,L,S06,Summer,Senior,North,54,Yes,2024,6
2024-06-27 17:06:26.732227680,P013,M,S07,Autumn,Teen,East,53,No,2024,6
2024-06-27 19:17:51.389282440,P004,M,S12,Summer,Adult,West,68,No,2024,6
2024-06-27 21:29:16.046337192,P022,L,S02,Autumn,Young Adult,South,71,No,2024,6
2024-06-27 23:40:40.703391944,P007,M,S11,Summer,Teen,West,74,No,2024,6
2024-06-28 01:52:05.360446704,P029,XL,S06,Autumn,Teen,North,45,No,2024,6
2024-06-28 04:03:30.017501456,P011,M,S03,Winter,Teen,South,62,No,2024,6
2024-06-28 06:14:54.674556208,P022,L,S09,Winter,Young Adult,East,72,No,2024,6
2024-06-28 08:26:19.331610968,P024,S,S04,Summer,Adult,North,44,Yes,2024,6
2024-06-28 10:37:43.988665720,P004,M,S03,Winter,Senior,South,68,No,2024,6
2024-06-28 12:49:08.645720472,P028,L,S11,Winter,Adult,West,57,No,2024,6
2024-06-28 15:00:33.302775232,P015,XL,S03,Spring,Teen,South,44,No,2024,6
2024-06-28 17:11:57.959829984,P001,M,S02,Autumn,Young Adult,South,76,No,2024,6
2024-06-28 19:23:22.616884736,P023,M,S12,Autumn,Young Adult,West,64,No,2024,6
2024-06-28 21:34:47.273939496,P003,L,S09,Winter,Adult,East,57,No,2024,6
2024-06-28 23:46:11.930994248,P014,M,S08,Winter,Adult,East,69,No,2024,6
2024-06-29 01:57:36.588049000,P006,XL,S05,Summer,Young Adult,North,58,No,2024,6
2024-06-29 04:09:01.245103760,P018,L,S09,Autumn,Adult,East,52,No,2024,6
2024-06-29 06:20:25.902158512,P025,S,S02,Spring,Senior,South,44,No,2024,6
2024-06-29 08:31:50.559213264,P001,M,S06,Spring,Senior,North,61,Yes,2024,6
2024-06-29 10:43:15.216268024,P006,L,S07,Winter,Senior,East,51,No,2024,6
2024-06-29 12:54:39.873322776,P006,M,S06,Summer,Teen,North,59,No,2024,6
2024-06-29 15:06:04.530377528,P021,L,S03,Summer,Adult,South,55,No,2024,6
2024-06-29 17:17:29.187432280,P016,S,S10,Autumn,Young Adult,West,49,No,2024,6
2024-06-29 19:28:53.844487040,P029,L,S10,Winter,Teen,West,67,No,2024,6
2024-06-29 21:40:18.501541792,P005,M,S10,Winter,Young Adult,West,68,No,2024,6
2024-06-29 23:51:43.158596544,P017,XL,S09,Summer,Adult,East,49,No,2024,6
2024-06-30 02:03:07.815651304,P010,M,S12,Spring,Adult,West,63,No,2024,6
2024-06-30 04:14:32.472706056,P028,M,S08,Spring,Teen,East,58,No,2024,6
2024-06-30 06:25:57.129760808,P021,XL,S08,Autumn,Teen,East,39,No,2024,6
2024-06-30 08:37:21.786815568,P018,S,S08,Winter,Senior,East,41,No,2024,6
2024-06-30 10:48:46.443870320,P007,M,S09,Winter,Teen,East,73,No,2024,6
2024-06-30 13:00:11.100925072,P003,M,S01,Spring,Senior,South,66,No,2024,6
2024-06-30 15:11:35.757979832,P013,M,S08,Winter,Teen,East,57,No,2024,6
2024-06-30 17:23:00.415034584,P015,XL,S02,Winter,Senior,South,55,No,2024,6
2024-06-30 19:34:25.072089336,P020,L,S04,Summer,Adult,North,51,No,2024,6
2024-06-30 21:45:49.729144096,P019,S,S01,Autumn,Young Adult,South,38,No,2024,6
2024-06-30 23:57:14.386198848,P003,L,S12,Autumn,Adult,West,55,No,2024,6
2024-07-01 02:08:39.043253600,P004,L,S06,Autumn,Senior,North,61,No,2024,7
2024-07-01 04:20:03.700308360,P005,XL,S10,Summer,Adult,West,53,No,2024,7
2024-07-01 06:31:28.357363112,P001,M,S01,Autumn,Teen,South,67,No,2024,7
2024-07-01 08:42:53.014417864,P004,L,S12,Autumn,Teen,West,65,Yes,2024,7
2024-07-01 10:54:17.671472624,P012,L,S05,Spring,Young Adult,North,53,No,2024,7
2024-07-01 13:05:42.328527376,P028,M,S09,Spring,Young Adult,East,68,No,2024,7
2024-07-01 15:17:06.985582128,P027,M,S01,Autumn,Adult,South,62,No,2024,7
2024-07-01 17:28:31.642636888,P024,M,S09,Summer,Young Adult,East,60,No,2024,7
2024-07-01 19:39:56.299691640,P010,L,S04,Summer,Teen,North,64,Yes,2024,7
2024-07-01 21:51:20.956746392,P023,M,S03,Summer,Teen,South,59,Yes,2024,7
2024-07-02 00:02:45.613801144,P025,XXL,S08,Winter,Teen,East,35,No,2024,7
2024-07-02 02:14:10.270855904,P021,M,S06,Winter,Senior,North,56,No,2024,7
2024-07-02 04:25:34.927910656,P029,L,S07,Summer,Senior,East,52,No,2024,7
2024-07-02 06:36:59.584965408,P026,XL,S09,Spring,Adult,East,35,No,2024,7
2024-07-02 08:48:24.242020168,P020,L,S05,Winter,Senior,North,57,No,2024,7
2024-07-02 10:59:48.899074920,P024,XL,S02,Summer,Young Adult,South,61,No,2024,7
2024-07-02 13:11:13.556129672,P025,XL,S03,Winter,Teen,South,47,No,2024,7
2024-07-02 15:22:38.213184432,P013,M,S03,Winter,Adult,South,67,No,2024,7
2024-07-02 17:34:02.870239184,P023,L,S04,Winter,Senior,North,59,No,2024,7
2024-07-02 19:45:27.527293936,P014,M,S10,Winter,Adult,West,69,No,2024,7
2024-07-02 21:56:52.184348696,P023,L,S07,Summer,Adult,East,56,No,2024,7
2024-07-03 00:08:16.841403448,P005,M,S12,Winter,Young Adult,West,69,No,2024,7
2024-07-03 02:19:41.498458200,P004,L,S10,Autumn,Young Adult,West,64,No,2024,7
2024-07-03 04:31:06.155512960,P014,L,S06,Summer,Young Adult,North,64,No,2024,7
2024-07-03 06:42:30.812567712,P010,M,S03,Summer,Adult,South,80,No,2024,7
2024-07-03 08:53:55.469622464,P017,M,S07,Summer,Adult,East,73,No,2024,7
2024-07-03 11:05:20.126677224,P010,XXL,S04,Winter,Young Adult,North,48,No,2024,7
2024-07-03 13:16:44.783731976,P026,S,S10,Summer,Senior,West,40,No,2024,7
2024-07-03 15:28:09.440786728,P007,S,S11,Spring,Teen,West,51,No,2024,7
2024-07-03 17:39:34.097841488,P016,M,S11,Autumn,Young Adult,West,73,No,2024,7
2024-07-03 19:50:58.754896240,P001,XXL,S08,Spring,Senior,East,35,No,2024,7
2024-07-03 22:02:23.411950992,P017,XXL,S07,Autumn,Adult,East,38,No,2024,7
2024-07-04 00:13:48.069005752,P021,L,S07,Autumn,Adult,East,51,No,2024,7
2024-07-04 02:25:12.726060504,P029,XL,S09,Winter,Senior,East,48,No,2024,7
2024-07-04 04:36:37.383115256,P009,M,S08,Autumn,Senior,East,60,No,2024,7
2024-07-04 06:48:02.040170008,P006,XXL,S12,Autumn,Adult,West,31,No,2024,7
2024-07-04 08:59:26.697224768,P019,S,S01,Spring,Adult,South,40,No,2024,7
2024-07-04 11:10:51.354279520,P013,S,S07,Autumn,Adult,East,41,No,2024,7
2024-07-04 13:22:16.011334272,P003,S,S03,Summer,Adult,South,47,Yes,2024,7
2024-07-04 15:33:40.668389032,P007,L,S12,Summer,Young Adult,West,72,No,2024,7
2024-07-04 17:45:05.325443784,P022,L,S04,Autumn,Adult,North,60,No,2024,7
2024-07-04 19:56:29.982498536,P009,M,S06,Summer,Adult,North,70,No,2024,7
2024-07-04 22:07:54.639553296,P022,XXL,S05,Winter,Senior,North,42,No,2024,7
2024-07-05 00:19:19.296608048,P005,M,S08,Summer,Senior,East,62,No,2024,7
2024-07-05 02:30:43.953662800,P010,M,S02,Winter,Senior,South,75,No,2024,7
2024-07-05 04:42:08.610717560,P023,M,S05,Autumn,Adult,North,64,No,2024,7
2024-07-05 06:53:33.267772312,P017,L,S05,Winter,Senior,North,69,No,2024,7
2024-07-05 09:04:57.924827064,P012,XL,S03,Winter,Adult,South,55,No,2024,7
2024-07-05 11:16:22.581881824,P023,M,S10,Autumn,Adult,West,64,No,2024,7
2024-07-05 13:27:47.238936576,P016,L,S05,Autumn,Senior,North,53,No,2024,7
2024-07-05 15:39:11.895991328,P003,M,S04,Winter,Teen,North,68,No,2024,7
2024-07-05 17:50:36.553046088,P030,L,S11,Spring,Young Adult,West,57,No,2024,7
2024-07-05 20:02:01.210100840,P025,XXL,S05,Autumn,Young Adult,North,36,No,2024,7
2024-07-05 22:13:25.867155592,P022,S,S10,Autumn,Teen,West,40,No,2024,7
2024-07-06 00:24:50.524210352,P009,XL,S09,Spring,Teen,East,42,No,2024,7
2024-07-06 02:36:15.181265104,P029,L,S07,Summer,Adult,East,56,No,2024,7
2024-07-06 04:47:39.838319856,P015,M,S01,Spring,Senior,South,54,Yes,2024,7
2024-07-06 06:59:04.495374616,P005,XXL,S03,Summer,Young Adult,South,38,No,2024,7
2024-07-06 09:10:29.152429368,P023,M,S09,Spring,Young Adult,East,58,No,2024,7
2024-07-06 11:21:53.809484120,P013,M,S04,Winter,Teen,North,69,No,2024,7
2024-07-06 13:33:18.466538872,P014,M,S04,Autumn,Senior,North,62,No,2024,7
2024-07-06 15:44:43.123593632,P020,M,S10,Spring,Young Adult,West,68,No,2024,7
2024-07-06 17:56:07.780648384,P015,XL,S06,Autumn,Young Adult,North,43,No,2024,7
2024-07-06 20:07:32.437703136,P016,L,S03,Summer,Adult,South,63,No,2024,7
2024-07-06 22:18:57.094757896,P023,XL,S03,Winter,Adult,South,45,Yes,2024,7
2024-07-07 00:30:21.751812648,P013,M,S09,Autumn,Adult,East,62,No,2024,7
2024-07-07 02:41:46.408867400,P017,S,S05,Spring,Young Adult,North,46,No,2024,7
2024-07-07 04:53:11.065922160,P023,S,S07,Spring,Young Adult,East,37,No,2024,7
2024-07-07 07:04:35.722976912,P008,L,S05,Winter,Adult,North,60,No,2024,7
2024-07-07 09:16:00.380031664,P021,XXL,S06,Summer,Adult,North,32,No,2024,7
2024-07-07 11:27:25.037086424,P002,L,S08,Winter,Senior,East,59,No,2024,7
2024-07-07 13:38:49.694141176,P005,M,S08,Winter,Young Adult,East,62,No,2024,7
2024-07-07 15:50:14.351195928,P006,XL,S02,Autumn,Young Adult,South,53,No,2024,7
2024-07-07 18:01:39.008250688,P012,L,S11,Summer,Teen,West,65,No,2024,7
2024-07-07 20:13:03.665305440,P018,S,S09,Winter,Adult,East,54,No,2024,7
2024-07-07 22:24:28.322360192,P030,XL,S10,Autumn,Adult,West,55,No,2024,7
2024-07-08 00:35:52.979414952,P022,M,S12,Autumn,Adult,West,64,No,2024,7
2024-07-08 02:47:17.636469704,P022,S,S12,Summer,Young Adult,West,46,No,2024,7
2024-07-08 04:58:42.293524456,P001,M,S12,Summer,Senior,West,73,No,2024,7
2024-07-08 07:10:06.950579216,P030,M,S06,Autumn,Young Adult,North,71,No,2024,7
2024-07-08 09:21:31.607633968,P017,M,S07,Summer,Teen,East,63,No,2024,7
2024-07-08 11:32:56.264688720,P030,M,S03,Autumn,Teen,South,64,No,2024,7
2024-07-08 13:44:20.921743480,P011,M,S04,Summer,Senior,North,70,No,2024,7
2024-07-08 15:55:45.578798232,P010,L,S06,Summer,Adult,North,72,No,2024,7
2024-07-08 18:07:10.235852984,P019,XXL,S07,Summer,Teen,East,26,No,2024,7
2024-07-08 20:18:34.892907744,P014,L,S06,Spring,Young Adult,North,64,No,2024,7
2024-07-08 22:29:59.549962496,P026,M,S05,Summer,Teen,North,57,No,2024,7
2024-07-09 00:41:24.207017248,P010,M,S12,Spring,Teen,West,61,No,2024,7
2024-07-09 02:52:48.864072000,P015,M,S02,Autumn,Senior,South,60,No,2024,7
2024-07-09 05:04:13.521126760,P028,S,S12,Winter,Senior,West,43,No,2024,7
2024-07-09 07:15:38.178181512,P019,L,S07,Winter,Young Adult,East,62,No,2024,7
2024-07-09 09:27:02.835236264,P004,L,S05,Winter,Adult,North,69,No,2024,7
2024-07-09 11:38:27.492291024,P002,L,S12,Autumn,Senior,West,63,No,2024,7
2024-07-09 13:49:52.149345776,P009,L,S09,Summer,Senior,East,58,No,2024,7
2024-07-09 16:01:16.806400528,P010,M,S11,Spring,Adult,West,67,Yes,2024,7
2024-07-09 18:12:41.463455288,P028,M,S04,Autumn,Teen,North,63,No,2024,7
2024-07-09 20:24:06.120510040,P011,L,S10,Winter,Young Adult,West,68,No,2024,7
2024-07-09 22:35:30.777564792,P014,M,S12,Winter,Young Adult,West,81,No,2024,7
2024-07-10 00:46:55.434619552,P007,M,S02,Winter,Teen,South,66,No,2024,7
2024-07-10 02:58:20.091674304,P023,M,S07,Winter,Adult,East,66,No,2024,7
2024-07-10 05:09:44.748729056,P015,M,S07,Spring,Adult,East,59,No,2024,7
2024-07-10 07:21:09.405783816,P022,S,S01,Winter,Senior,South,50,Yes,2024,7
2024-07-10 09:32:34.062838568,P019,XL,S11,Spring,Adult,West,42,No,2024,7
2024-07-10 11:43:58.719893320,P022,XL,S05,Winter,Young Adult,North,50,No,2024,7
2024-07-10 13:55:23.376948080,P015,M,S03,Autumn,Young Adult,South,59,No,2024,7
2024-07-10 16:06:48.034002832,P030,S,S09,Spring,Young Adult,East,52,No,2024,7
2024-07-10 18:18:12.691057584,P028,L,S09,Spring,Adult,East,63,No,2024,7
2024-07-10 20:29:37.348112344,P024,M,S07,Autumn,Teen,East,60,No,2024,7
2024-07-10 22:41:02.005167096,P008,M,S12,Winter,Young Adult,West,67,No,2024,7
2024-07-11 00:52:26.662221848,P011,S,S09,Winter,Young Adult,East,57,No,2024,7
2024-07-11 03:03:51.319276608,P029,M,S12,Summer,Teen,West,75,No,2024,7
2024-07-11 05:15:15.976331360,P009,L,S02,Summer,Senior,South,61,No,2024,7
2024-07-11 07:26:40.633386112,P015,XL,S11,Spring,Adult,West,44,No,2024,7
2024-07-11 09:38:05.290440864,P001,M,S10,Summer,Young Adult,West,68,No,2024,7
2024-07-11 11:49:29.947495624,P030,M,S08,Autumn,Adult,East,66,No,2024,7
2024-07-11 14:00:54.604550376,P001,S,S10,Autumn,Young Adult,West,44,No,2024,7
2024-07-11 16:12:19.261605128,P019,S,S10,Autumn,Young Adult,West,49,No,2024,7
2024-07-11 18:23:43.918659888,P003,XXL,S10,Spring,Senior,West,26,No,2024,7
2024-07-11 20:35:08.575714640,P010,L,S01,Autumn,Teen,South,54,No,2024,7
2024-07-11 22:46:33.232769392,P008,L,S03,Spring,Teen,South,62,No,2024,7
2024-07-12 00:57:57.889824152,P015,L,S08,Spring,Teen,East,51,Yes,2024,7
2024-07-12 03:09:22.546878904,P010,XL,S11,Autumn,Senior,West,43,No,2024,7
2024-07-12 05:20:47.203933656,P001,XL,S08,Autumn,Senior,East,50,No,2024,7
2024-07-12 07:32:11.860988416,P029,S,S10,Spring,Teen,West,49,No,2024,7
2024-07-12 09:43:36.518043168,P018,M,S08,Autumn,Adult,East,61,No,2024,7
2024-07-12 11:55:01.175097920,P002,L,S11,Summer,Adult,West,69,No,2024,7
2024-07-12 14:06:25.832152680,P019,M,S12,Spring,Senior,West,56,No,2024,7
2024-07-12 16:17:50.489207432,P013,XXL,S11,Winter,Adult,West,34,No,2024,7
2024-07-12 18:29:15.146262184,P022,L,S07,Spring,Teen,East,52,No,2024,7
2024-07-12 20:40:39.803316944,P001,XXL,S02,Autumn,Young Adult,South,48,No,2024,7
2024-07-12 22:52:04.460371696,P002,M,S03,Autumn,Adult,South,63,No,2024,7
2024-07-13 01:03:29.117426448,P029,XL,S09,Spring,Teen,East,45,Yes,2024,7
2024-07-13 03:14:53.774481208,P016,M,S02,Spring,Teen,South,71,No,2024,7
2024-07-13 05:26:18.431535960,P015,XXL,S07,Winter,Teen,East,31,No,2024,7
2024-07-13 07:37:43.088590712,P013,M,S01,Winter,Adult,South,74,No,2024,7
2024-07-13 09:49:07.745645472,P016,L,S03,Spring,Young Adult,South,64,No,2024,7
2024-07-13 12:00:32.402700224,P017,L,S01,Autumn,Adult,South,68,No,2024,7
2024-07-13 14:11:57.059754976,P021,M,S06,Spring,Teen,North,51,No,2024,7
2024-07-13 16:23:21.716809728,P029,M,S04,Summer,Teen,North,64,No,2024,7
2024-07-13 18:34:46.373864488,P029,XXL,S01,Summer,Teen,South,44,No,2024,7
2024-07-13 20:46:11.030919240,P007,M,S05,Autumn,Senior,North,61,No,2024,7
2024-07-13 22:57:35.687973992,P024,L,S04,Spring,Adult,North,58,No,2024,7
2024-07-14 01:09:00.345028752,P026,S,S11,Spring,Young Adult,West,38,No,2024,7
2024-07-14 03:20:25.002083504,P017,XL,S10,Summer,Adult,West,53,Yes,2024,7
2024-07-14 05:31:49.659138256,P007,L,S11,Spring,Teen,West,65,No,2024,7
2024-07-14 07:43:14.316193016,P013,M,S10,Autumn,Teen,West,65,No,2024,7
2024-07-14 09:54:38.973247768,P005,S,S02,Autumn,Senior,South,30,No,2024,7
2024-07-14 12:06:03.630302520,P026,L,S07,Winter,Teen,East,48,No,2024,7
2024-07-14 14:17:28.287357280,P017,S,S12,Autumn,Adult,West,44,No,2024,7
2024-07-14 16:28:52.944412032,P003,S,S08,Spring,Adult,East,47,No,2024,7
2024-07-14 18:40:17.601466784,P007,L,S04,Spring,Adult,North,63,No,2024,7
2024-07-14 20:51:42.258521544,P026,M,S09,Summer,Teen,East,57,No,2024,7
2024-07-14 23:03:06.915576296,P017,M,S03,Summer,Senior,South,69,No,2024,7
2024-07-15 01:14:31.572631048,P007,L,S06,Autumn,Adult,North,53,No,2024,7
2024-07-15 03:25:56.229685808,P021,S,S11,Winter,Young Adult,West,49,No,2024,7
2024-07-15 05:37:20.886740560,P001,M,S07,Spring,Young Adult,East,64,No,2024,7
2024-07-15 07:48:45.543795312,P017,S,S07,Winter,Young Adult,East,59,No,2024,7
2024-07-15 10:00:10.200850072,P030,L,S06,Spring,Adult,North,63,No,2024,7
2024-07-15 12:11:34.857904824,P017,L,S09,Autumn,Senior,East,51,No,2024,7
2024-07-15 14:22:59.514959576,P011,L,S01,Autumn,Teen,South,51,Yes,2024,7
2024-07-15 16:34:24.172014336,P025,M,S09,Summer,Senior,East,68,No,2024,7
2024-07-15 18:45:48.829069088,P027,S,S09,Winter,Teen,East,43,No,2024,7
2024-07-15 20:57:13.486123840,P029,S,S04,Summer,Teen,North,45,No,2024,7
2024-07-15 23:08:38.143178592,P003,M,S12,Autumn,Teen,West,65,No,2024,7
2024-07-16 01:20:02.800233352,P015,XL,S12,Winter,Teen,West,51,No,2024,7
2024-07-16 03:31:27.457288104,P029,M,S05,Spring,Adult,North,63,No,2024,7
2024-07-16 05:42:52.114342856,P021,M,S03,Summer,Young Adult,South,61,No,2024,7
2024-07-16 07:54:16.771397616,P011,S,S07,Autumn,Adult,East,49,No,2024,7
2024-07-16 10:05:41.428452368,P026,L,S02,Spring,Senior,South,52,Yes,2024,7
2024-07-16 12:17:06.085507120,P028,L,S08,Autumn,Teen,East,57,No,2024,7
2024-07-16 14:28:30.742561880,P016,L,S09,Spring,Adult,East,50,Yes,2024,7
2024-07-16 16:39:55.399616632,P025,XL,S06,Summer,Adult,North,52,No,2024,7
2024-07-16 18:51:20.056671384,P022,M,S09,Spring,Adult,East,72,No,2024,7
2024-07-16 21:02:44.713726144,P028,S,S06,Winter,Teen,North,45,No,2024,7
2024-07-16 23:14:09.370780896,P009,M,S03,Spring,Teen,South,58,No,2024,7
2024-07-17 01:25:34.027835648,P024,L,S10,Autumn,Teen,West,56,Yes,2024,7
2024-07-17 03:36:58.684890408,P024,L,S03,Spring,Adult,South,65,No,2024,7
2024-07-17 05:48:23.341945160,P001,L,S02,Summer,Adult,South,64,No,2024,7
2024-07-17 07:59:47.998999912,P029,L,S05,Autumn,Senior,North,52,No,2024,7
2024-07-17 10:11:12.656054672,P025,L,S04,Autumn,Young Adult,North,57,No,2024,7
2024-07-17 12:22:37.313109424,P022,XL,S12,Autumn,Young Adult,West,48,No,2024,7
2024-07-17 14:34:01.970164176,P016,L,S06,Autumn,Teen,North,58,No,2024,7
2024-07-17 16:45:26.627218936,P009,L,S05,Winter,Young Adult,North,69,No,2024,7
2024-07-17 18:56:51.284273688,P019,M,S06,Autumn,Teen,North,59,No,2024,7
2024-07-17 21:08:15.941328440,P012,L,S04,Autumn,Teen,North,49,No,2024,7
2024-07-17 23:19:40.598383200,P019,XL,S03,Autumn,Adult,South,43,No,2024,7
2024-07-18 01:31:05.255437952,P022,M,S01,Summer,Young Adult,South,76,No,2024,7
2024-07-18 03:42:29.912492704,P009,L,S05,Summer,Senior,North,52,No,2024,7
2024-07-18 05:53:54.569547456,P007,L,S06,Autumn,Teen,North,59,No,2024,7
2024-07-18 08:05:19.226602216,P014,S,S05,Winter,Teen,North,47,No,2024,7
2024-07-18 10:16:43.883656968,P029,L,S05,Spring,Senior,North,58,Yes,2024,7
2024-07-18 12:28:08.540711720,P019,S,S12,Winter,Young Adult,West,55,No,2024,7
2024-07-18 14:39:33.197766480,P019,XXL,S06,Autumn,Senior,North,33,No,2024,7
2024-07-18 16:50:57.854821232,P002,XL,S04,Autumn,Young Adult,North,49,No,2024,7
2024-07-18 19:02:22.511875984,P009,S,S12,Winter,Young Adult,West,57,No,2024,7
2024-07-18 21:13:47.168930744,P013,S,S04,Autumn,Young Adult,North,48,No,2024,7
2024-07-18 23:25:11.825985496,P015,L,S11,Spring,Young Adult,West,64,No,2024,7
2024-07-19 01:36:36.483040248,P003,M,S08,Summer,Young Adult,East,61,No,2024,7
2024-07-19 03:48:01.140095008,P011,S,S11,Spring,Young Adult,West,47,No,2024,7
2024-07-19 05:59:25.797149760,P021,L,S08,Spring,Teen,East,44,Yes,2024,7
2024-07-19 08:10:50.454204512,P014,M,S12,Spring,Adult,West,65,No,2024,7
2024-07-19 10:22:15.111259272,P030,S,S03,Winter,Teen,South,52,No,2024,7
2024-07-19 12:33:39.768314024,P025,XL,S07,Winter,Teen,East,44,No,2024,7
2024-07-19 14:45:04.425368776,P008,XL,S05,Spring,Senior,North,40,No,2024,7
2024-07-19 16:56:29.082423536,P018,L,S05,Winter,Adult,North,68,No,2024,7
2024-07-19 19:07:53.739478288,P019,XL,S12,Autumn,Adult,West,44,No,2024,7
2024-07-19 21:19:18.396533040,P016,M,S03,Summer,Adult,South,75,No,2024,7
2024-07-19 23:30:43.053587800,P002,M,S02,Winter,Young Adult,South,81,No,2024,7
2024-07-20 01:42:07.710642552,P008,M,S03,Winter,Young Adult,South,78,No,2024,7
2024-07-20 03:53:32.367697304,P022,L,S07,Spring,Young Adult,East,60,No,2024,7
2024-07-20 06:04:57.024752064,P006,XL,S03,Summer,Teen,South,54,No,2024,7
2024-07-20 08:16:21.681806816,P012,L,S11,Autumn,Adult,West,63,No,2024,7
2024-07-20 10:27:46.338861568,P015,XL,S02,Autumn,Adult,South,43,No,2024,7
2024-07-20 12:39:10.995916320,P025,L,S04,Summer,Teen,North,61,No,2024,7
2024-07-20 14:50:35.652971080,P008,M,S12,Autumn,Young Adult,West,68,No,2024,7
2024-07-20 17:02:00.310025832,P004,M,S05,Summer,Senior,North,71,No,2024,7
2024-07-20 19:13:24.967080584,P015,S,S07,Spring,Adult,East,45,No,2024,7
2024-07-20 21:24:49.624135344,P028,S,S01,Autumn,Teen,South,45,No,2024,7
2024-07-20 23:36:14.281190096,P020,L,S08,Autumn,Young Adult,East,52,No,2024,7
2024-07-21 01:47:38.938244848,P025,M,S10,Summer,Teen,West,67,No,2024,7
2024-07-21 03:59:03.595299608,P017,L,S03,Autumn,Senior,South,59,No,2024,7
2024-07-21 06:10:28.252354360,P013,L,S11,Winter,Senior,West,61,No,2024,7
2024-07-21 08:21:52.909409112,P018,M,S06,Spring,Young Adult,North,65,No,2024,7
2024-07-21 10:33:17.566463872,P002,M,S04,Autumn,Teen,North,65,Yes,2024,7
2024-07-21 12:44:42.223518624,P013,M,S05,Autumn,Young Adult,North,70,No,2024,7
2024-07-21 14:56:06.880573376,P013,M,S10,Autumn,Teen,West,61,No,2024,7
2024-07-21 17:07:31.537628136,P022,XL,S12,Summer,Teen,West,47,No,2024,7
2024-07-21 19:18:56.194682888,P015,M,S06,Spring,Senior,North,54,No,2024,7
2024-07-21 21:30:20.851737640,P020,L,S02,Spring,Teen,South,58,No,2024,7
2024-07-21 23:41:45.508792400,P029,XL,S03,Autumn,Teen,South,52,No,2024,7
2024-07-22 01:53:10.165847152,P027,XL,S08,Autumn,Senior,East,52,No,2024,7
2024-07-22 04:04:34.822901904,P010,XL,S08,Summer,Adult,East,49,No,2024,7
2024-07-22 06:15:59.479956664,P029,M,S01,Spring,Adult,South,67,No,2024,7
2024-07-22 08:27:24.137011416,P003,S,S10,Winter,Adult,West,43,No,2024,7
2024-07-22 10:38:48.794066168,P019,M,S08,Autumn,Adult,East,54,No,2024,7
2024-07-22 12:50:13.451120928,P003,M,S11,Winter,Teen,West,65,No,2024,7
2024-07-22 15:01:38.108175680,P022,XL,S02,Winter,Adult,South,64,No,2024,7
2024-07-22 17:13:02.765230432,P014,L,S10,Spring,Adult,West,61,Yes,2024,7
2024-07-22 19:24:27.422285192,P008,S,S10,Winter,Teen,West,42,No,2024,7
2024-07-22 21:35:52.079339944,P027,S,S08,Autumn,Adult,East,52,No,2024,7
2024-07-22 23:47:16.736394696,P023,M,S12,Autumn,Adult,West,66,No,2024,7
2024-07-23 01:58:41.393449448,P030,L,S10,Summer,Young Adult,West,60,No,2024,7
2024-07-23 04:10:06.050504208,P004,L,S05,Spring,Adult,North,56,No,2024,7
2024-07-23 06:21:30.707558960,P027,XL,S01,Spring,Young Adult,South,51,No,2024,7
2024-07-23 08:32:55.364613712,P028,XL,S08,Winter,Adult,East,46,Yes,2024,7
2024-07-23 10:44:20.021668472,P020,M,S12,Autumn,Teen,West,59,No,2024,7
2024-07-23 12:55:44.678723224,P011,M,S05,Autumn,Adult,North,59,No,2024,7
2024-07-23 15:07:09.335777976,P026,M,S01,Summer,Senior,South,59,No,2024,7
2024-07-23 17:18:33.992832736,P011,M,S04,Winter,Teen,North,61,No,2024,7
2024-07-23 19:29:58.649887488,P027,XL,S01,Autumn,Adult,South,53,No,2024,7
2024-07-23 21:41:23.306942240,P030,L,S09,Spring,Adult,East,61,No,2024,7
2024-07-23 23:52:47.963997000,P011,L,S10,Summer,Teen,West,63,No,2024,7
2024-07-24 02:04:12.621051752,P002,M,S02,Spring,Senior,South,73,No,2024,7
2024-07-24 04:15:37.278106504,P030,S,S08,Summer,Teen,East,39,No,2024,7
2024-07-24 06:27:01.935161264,P017,S,S04,Spring,Senior,North,49,No,2024,7
2024-07-24 08:38:26.592216016,P009,L,S09,Winter,Teen,East,66,No,2024,7
2024-07-24 10:49:51.249270768,P028,L,S02,Autumn,Teen,South,56,No,2024,7
2024-07-24 13:01:15.906325528,P028,M,S12,Spring,Young Adult,West,61,No,2024,7
2024-07-24 15:12:40.563380280,P002,L,S03,Winter,Young Adult,South,72,No,2024,7
2024-07-24 17:24:05.220435032,P029,XL,S02,Spring,Teen,South,45,Yes,2024,7
2024-07-24 19:35:29.877489792,P024,M,S10,Winter,Young Adult,West,67,No,2024,7
2024-07-24 21:46:54.534544544,P015,L,S05,Summer,Adult,North,53,No,2024,7
2024-07-24 23:58:19.191599296,P016,M,S11,Winter,Adult,West,68,No,2024,7
2024-07-25 02:09:43.848654056,P025,L,S01,Spring,Adult,South,55,No,2024,7
2024-07-25 04:21:08.505708808,P004,L,S12,Autumn,Young Adult,West,69,No,2024,7
2024-07-25 06:32:33.162763560,P008,XXL,S03,Summer,Young Adult,South,45,No,2024,7
2024-07-25 08:43:57.819818312,P009,M,S01,Summer,Adult,South,70,No,2024,7
2024-07-25 10:55:22.476873072,P026,M,S10,Winter,Teen,West,69,No,2024,7
2024-07-25 13:06:47.133927824,P026,M,S08,Spring,Adult,East,60,No,2024,7
2024-07-25 15:18:11.790982576,P005,M,S12,Winter,Young Adult,West,67,No,2024,7
2024-07-25 17:29:36.448037336,P016,L,S04,Summer,Senior,North,60,No,2024,7
2024-07-25 19:41:01.105092088,P013,XL,S03,Autumn,Adult,South,53,No,2024,7
2024-07-25 21:52:25.762146840,P030,M,S08,Winter,Adult,East,61,No,2024,7
2024-07-26 00:03:50.419201600,P007,M,S09,Spring,Young Adult,East,66,No,2024,7
2024-07-26 02:15:15.076256352,P026,M,S08,Winter,Young Adult,East,59,No,2024,7
2024-07-26 04:26:39.733311104,P020,M,S06,Winter,Young Adult,North,72,No,2024,7
2024-07-26 06:38:04.390365864,P017,M,S03,Winter,Young Adult,South,83,No,2024,7
2024-07-26 08:49:29.047420616,P003,M,S08,Autumn,Adult,East,60,Yes,2024,7
2024-07-26 11:00:53.704475368,P005,L,S05,Spring,Young Adult,North,57,No,2024,7
2024-07-26 13:12:18.361530128,P019,S,S05,Spring,Senior,North,42,No,2024,7
2024-07-26 15:23:43.018584880,P012,L,S12,Summer,Teen,West,60,No,2024,7
2024-07-26 17:35:07.675639632,P029,L,S09,Summer,Young Adult,East,64,No,2024,7
2024-07-26 19:46:32.332694392,P027,M,S01,Winter,Young Adult,South,84,No,2024,7
2024-07-26 21:57:56.989749144,P007,L,S07,Summer,Adult,East,63,No,2024,7
2024-07-27 00:09:21.646803896,P028,L,S08,Spring,Teen,East,46,No,2024,7
2024-07-27 02:20:46.303858656,P009,L,S11,Winter,Teen,West,62,No,2024,7
2024-07-27 04:32:10.960913408,P028,M,S10,Summer,Teen,West,58,No,2024,7
2024-07-27 06:43:35.617968160,P006,M,S03,Autumn,Young Adult,South,62,No,2024,7
2024-07-27 08:55:00.275022920,P029,XL,S08,Summer,Adult,East,49,No,2024,7
2024-07-27 11:06:24.932077672,P026,L,S01,Autumn,Adult,South,50,No,2024,7
2024-07-27 13:17:49.589132424,P017,M,S08,Summer,Young Adult,East,76,No,2024,7
2024-07-27 15:29:14.246187176,P016,S,S07,Spring,Teen,East,34,No,2024,7
2024-07-27 17:40:38.903241936,P023,S,S04,Summer,Teen,North,44,No,2024,7
2024-07-27 19:52:03.560296688,P003,S,S11,Autumn,Adult,West,46,No,2024,7
2024-07-27 22:03:28.217351440,P021,L,S07,Autumn,Senior,East,52,No,2024,7
2024-07-28 00:14:52.874406200,P026,S,S10,Summer,Young Adult,West,49,No,2024,7
2024-07-28 02:26:17.531460952,P004,M,S11,Winter,Senior,West,64,No,2024,7
2024-07-28 04:37:42.188515704,P010,L,S07,Autumn,Senior,East,57,No,2024,7
2024-07-28 06:49:06.845570464,P005,M,S10,Spring,Teen,West,62,No,2024,7
2024-07-28 09:00:31.502625216,P021,L,S12,Summer,Senior,West,48,No,2024,7
2024-07-28 11:11:56.159679968,P022,L,S01,Autumn,Young Adult,South,71,No,2024,7
2024-07-28 13:23:20.816734728,P030,M,S03,Summer,Adult,South,67,No,2024,7
2024-07-28 15:34:45.473789480,P010,L,S07,Summer,Young Adult,East,61,No,2024,7
2024-07-28 17:46:10.130844232,P012,L,S11,Winter,Young Adult,West,72,No,2024,7
2024-07-28 19:57:34.787898992,P010,M,S05,Summer,Young Adult,North,74,No,2024,7
2024-07-28 22:08:59.444953744,P029,M,S09,Summer,Young Adult,East,70,Yes,2024,7
2024-07-29 00:20:24.102008496,P013,L,S07,Summer,Senior,East,56,No,2024,7
2024-07-29 02:31:48.759063256,P011,XL,S03,Spring,Teen,South,52,No,2024,7
2024-07-29 04:43:13.416118008,P022,L,S01,Summer,Adult,South,70,No,2024,7
2024-07-29 06:54:38.073172760,P016,M,S05,Spring,Teen,North,56,No,2024,7
2024-07-29 09:06:02.730227520,P008,L,S10,Summer,Senior,West,63,No,2024,7
2024-07-29 11:17:27.387282272,P008,M,S05,Winter,Teen,North,57,No,2024,7
2024-07-29 13:28:52.044337024,P027,L,S07,Winter,Teen,East,66,No,2024,7
2024-07-29 15:40:16.701391784,P025,L,S01,Autumn,Senior,South,49,No,2024,7
2024-07-29 17:51:41.358446536,P008,L,S10,Summer,Teen,West,54,No,2024,7
2024-07-29 20:03:06.015501288,P013,XL,S02,Winter,Adult,South,55,No,2024,7
2024-07-29 22:14:30.672556040,P027,L,S11,Winter,Senior,West,58,No,2024,7
2024-07-30 00:25:55.329610800,P002,L,S06,Summer,Adult,North,58,No,2024,7
2024-07-30 02:37:19.986665552,P030,M,S08,Autumn,Teen,East,66,No,2024,7
2024-07-30 04:48:44.643720304,P030,XL,S04,Spring,Young Adult,North,50,No,2024,7
2024-07-30 07:00:09.300775064,P012,XL,S03,Winter,Young Adult,South,62,Yes,2024,7
2024-07-30 09:11:33.957829816,P010,S,S03,Winter,Senior,South,58,No,2024,7
2024-07-30 11:22:58.614884568,P012,M,S03,Spring,Young Adult,South,64,No,2024,7
2024-07-30 13:34:23.271939328,P011,M,S02,Winter,Young Adult,South,81,No,2024,7
2024-07-30 15:45:47.928994080,P015,L,S01,Spring,Young Adult,South,55,No,2024,7
2024-07-30 17:57:12.586048832,P016,L,S05,Spring,Senior,North,52,No,2024,7
2024-07-30 20:08:37.243103592,P017,S,S10,Autumn,Adult,West,47,No,2024,7
2024-07-30 22:20:01.900158344,P026,XL,S05,Spring,Young Adult,North,52,No,2024,7
2024-07-31 00:31:26.557213096,P002,M,S05,Spring,Senior,North,61,No,2024,7
2024-07-31 02:42:51.214267856,P018,L,S04,Spring,Adult,North,54,No,2024,7
2024-07-31 04:54:15.871322608,P012,M,S03,Spring,Senior,South,59,No,2024,7
2024-07-31 07:05:40.528377360,P019,M,S12,Winter,Young Adult,West,74,No,2024,7
2024-07-31 09:17:05.185432120,P026,M,S03,Spring,Young Adult,South,65,No,2024,7
2024-07-31 11:28:29.842486872,P023,M,S02,Winter,Teen,South,67,No,2024,7
2024-07-31 13:39:54.499541624,P018,L,S05,Summer,Teen,North,53,No,2024,7
2024-07-31 15:51:19.156596384,P030,L,S04,Summer,Teen,North,64,No,2024,7
2024-07-31 18:02:43.813651136,P017,S,S06,Spring,Adult,North,53,No,2024,7
2024-07-31 20:14:08.470705888,P030,S,S02,Autumn,Senior,South,49,No,2024,7
2024-07-31 22:25:33.127760648,P006,S,S02,Autumn,Adult,South,38,No,2024,7
2024-08-01 00:36:57.784815400,P025,L,S08,Winter,Teen,East,58,No,2024,8
2024-08-01 02:48:22.441870152,P015,L,S06,Winter,Teen,North,60,No,2024,8
2024-08-01 04:59:47.098924912,P003,S,S03,Summer,Young Adult,South,50,No,2024,8
2024-08-01 07:11:11.755979664,P006,L,S05,Winter,Adult,North,65,No,2024,8
2024-08-01 09:22:36.413034416,P003,S,S03,Autumn,Young Adult,South,41,No,2024,8
2024-08-01 11:34:01.070089168,P030,XL,S11,Summer,Young Adult,West,56,No,2024,8
2024-08-01 13:45:25.727143928,P029,XL,S02,Spring,Senior,South,49,No,2024,8
2024-08-01 15:56:50.384198680,P001,L,S03,Winter,Teen,South,74,No,2024,8
2024-08-01 18:08:15.041253432,P030,XL,S01,Spring,Young Adult,South,58,No,2024,8
2024-08-01 20:19:39.698308192,P013,XL,S07,Winter,Young Adult,East,51,No,2024,8
2024-08-01 22:31:04.355362944,P028,XL,S06,Autumn,Teen,North,40,No,2024,8
2024-08-02 00:42:29.012417696,P021,L,S05,Winter,Teen,North,59,No,2024,8
2024-08-02 02:53:53.669472456,P026,M,S06,Autumn,Senior,North,58,No,2024,8
2024-08-02 05:05:18.326527208,P014,M,S08,Autumn,Senior,East,54,No,2024,8
2024-08-02 07:16:42.983581960,P013,M,S03,Spring,Young Adult,South,73,No,2024,8
2024-08-02 09:28:07.640636720,P027,L,S03,Winter,Young Adult,South,73,No,2024,8
2024-08-02 11:39:32.297691472,P004,M,S12,Spring,Young Adult,West,74,No,2024,8
2024-08-02 13:50:56.954746224,P007,M,S05,Autumn,Adult,North,63,Yes,2024,8
2024-08-02 16:02:21.611800984,P022,M,S05,Autumn,Senior,North,56,No,2024,8
2024-08-02 18:13:46.268855736,P010,M,S11,Autumn,Young Adult,West,76,No,2024,8
2024-08-02 20:25:10.925910488,P007,L,S01,Autumn,Teen,South,55,No,2024,8
2024-08-02 22:36:35.582965248,P021,XL,S04,Summer,Senior,North,35,No,2024,8
2024-08-03 00:48:00.240020000,P015,L,S09,Autumn,Senior,East,45,No,2024,8
2024-08-03 02:59:24.897074752,P015,L,S08,Winter,Young Adult,East,67,No,2024,8
2024-08-03 05:10:49.554129512,P004,L,S03,Autumn,Adult,South,63,No,2024,8
2024-08-03 07:22:14.211184264,P023,M,S05,Summer,Young Adult,North,68,No,2024,8
2024-08-03 09:33:38.868239016,P023,M,S05,Winter,Adult,North,62,No,2024,8
2024-08-03 11:45:03.525293776,P006,XL,S07,Summer,Adult,East,47,No,2024,8
2024-08-03 13:56:28.182348528,P024,M,S08,Summer,Teen,East,60,No,2024,8
2024-08-03 16:07:52.839403280,P020,S,S09,Winter,Young Adult,East,51,No,2024,8
2024-08-03 18:19:17.496458032,P026,L,S07,Summer,Adult,East,52,No,2024,8
2024-08-03 20:30:42.153512792,P005,M,S02,Autumn,Senior,South,51,No,2024,8
2024-08-03 22:42:06.810567544,P020,M,S08,Spring,Young Adult,East,58,No,2024,8
2024-08-04 00:53:31.467622296,P012,S,S08,Spring,Adult,East,46,No,2024,8
2024-08-04 03:04:56.124677056,P001,S,S11,Spring,Senior,West,48,No,2024,8
2024-08-04 05:16:20.781731808,P028,M,S02,Winter,Teen,South,63,No,2024,8
2024-08-04 07:27:45.438786560,P008,S,S06,Winter,Teen,North,45,No,2024,8
2024-08-04 09:39:10.095841320,P001,L,S10,Winter,Young Adult,West,74,No,2024,8
2024-08-04 11:50:34.752896072,P005,XL,S01,Spring,Young Adult,South,42,No,2024,8
2024-08-04 14:01:59.409950824,P022,M,S11,Spring,Young Adult,West,74,No,2024,8
2024-08-04 16:13:24.067005584,P006,XL,S07,Winter,Young Adult,East,59,No,2024,8
2024-08-04 18:24:48.724060336,P029,M,S10,Spring,Young Adult,West,67,No,2024,8
2024-08-04 20:36:13.381115088,P021,M,S02,Summer,Adult,South,67,No,2024,8
2024-08-04 22:47:38.038169848,P003,M,S05,Summer,Senior,North,62,No,2024,8
2024-08-05 00:59:02.695224600,P015,L,S07,Spring,Young Adult,East,55,No,2024,8
2024-08-05 03:10:27.352279352,P005,M,S10,Winter,Senior,West,64,No,2024,8
2024-08-05 05:21:52.009334112,P028,L,S11,Autumn,Adult,West,59,No,2024,8
2024-08-05 07:33:16.666388864,P024,L,S09,Autumn,Adult,East,61,Yes,2024,8
2024-08-05 09:44:41.323443616,P014,L,S01,Spring,Adult,South,57,Yes,2024,8
2024-08-05 11:56:05.980498376,P018,L,S09,Autumn,Young Adult,East,51,No,2024,8
2024-08-05 14:07:30.637553128,P016,XL,S11,Winter,Teen,West,53,No,2024,8
2024-08-05 16:18:55.294607880,P006,M,S05,Summer,Teen,North,61,No,2024,8
2024-08-05 18:30:19.951662640,P025,M,S06,Summer,Young Adult,North,70,No,2024,8
2024-08-05 20:41:44.608717392,P024,L,S08,Winter,Young Adult,East,59,No,2024,8
2024-08-05 22:53:09.265772144,P014,L,S11,Autumn,Young Adult,West,58,No,2024,8
2024-08-06 01:04:33.922826896,P027,M,S02,Spring,Adult,South,72,No,2024,8
2024-08-06 03:15:58.579881656,P024,M,S12,Summer,Teen,West,67,No,2024,8
2024-08-06 05:27:23.236936408,P008,M,S07,Autumn,Teen,East,61,No,2024,8
2024-08-06 07:38:47.893991160,P029,M,S12,Autumn,Senior,West,62,No,2024,8
2024-08-06 09:50:12.551045920,P007,M,S04,Summer,Senior,North,65,No,2024,8
2024-08-06 12:01:37.208100672,P008,XL,S09,Summer,Teen,East,48,No,2024,8
2024-08-06 14:13:01.865155424,P013,L,S06,Spring,Teen,North,56,No,2024,8
2024-08-06 16:24:26.522210184,P006,M,S07,Winter,Adult,East,69,No,2024,8
2024-08-06 18:35:51.179264936,P018,L,S11,Autumn,Senior,West,51,No,2024,8
2024-08-06 20:47:15.836319688,P002,XL,S06,Spring,Young Adult,North,60,No,2024,8
2024-08-06 22:58:40.493374448,P008,S,S11,Summer,Adult,West,52,No,2024,8
2024-08-07 01:10:05.150429200,P011,M,S08,Winter,Senior,East,64,No,2024,8
2024-08-07 03:21:29.807483952,P001,L,S06,Winter,Young Adult,North,71,No,2024,8
2024-08-07 05:32:54.464538712,P022,L,S07,Autumn,Young Adult,East,64,No,2024,8
2024-08-07 07:44:19.121593464,P029,S,S08,Winter,Teen,East,41,No,2024,8
2024-08-07 09:55:43.778648216,P006,XXL,S01,Summer,Teen,South,44,No,2024,8
2024-08-07 12:07:08.435702976,P016,M,S10,Summer,Young Adult,West,64,No,2024,8
2024-08-07 14:18:33.092757728,P027,M,S12,Summer,Young Adult,West,70,No,2024,8
2024-08-07 16:29:57.749812480,P020,M,S04,Spring,Teen,North,57,No,2024,8
2024-08-07 18:41:22.406867240,P012,M,S06,Summer,Teen,North,67,No,2024,8
2024-08-07 20:52:47.063921992,P011,L,S01,Spring,Teen,South,58,No,2024,8
2024-08-07 23:04:11.720976744,P029,XXL,S04,Summer,Teen,North,37,No,2024,8
2024-08-08 01:15:36.378031504,P027,M,S06,Summer,Senior,North,63,No,2024,8
2024-08-08 03:27:01.035086256,P029,XXL,S07,Winter,Teen,East,42,No,2024,8
2024-08-08 05:38:25.692141008,P010,XL,S06,Autumn,Adult,North,53,No,2024,8
2024-08-08 07:49:50.349195760,P003,M,S11,Summer,Adult,West,74,No,2024,8
2024-08-08 10:01:15.006250520,P013,L,S04,Winter,Adult,North,55,Yes,2024,8
2024-08-08 12:12:39.663305272,P027,M,S12,Winter,Teen,West,76,No,2024,8
2024-08-08 14:24:04.320360024,P003,L,S07,Autumn,Young Adult,East,53,No,2024,8
2024-08-08 16:35:28.977414784,P015,S,S10,Winter,Young Adult,West,54,No,2024,8
2024-08-08 18:46:53.634469536,P016,L,S02,Winter,Senior,South,59,No,2024,8
2024-08-08 20:58:18.291524288,P029,S,S06,Autumn,Teen,North,37,No,2024,8
2024-08-08 23:09:42.948579048,P013,XL,S05,Spring,Adult,North,46,No,2024,8
2024-08-09 01:21:07.605633800,P017,XL,S02,Autumn,Young Adult,South,62,No,2024,8
2024-08-09 03:32:32.262688552,P003,M,S09,Autumn,Teen,East,64,No,2024,8
2024-08-09 05:43:56.919743312,P020,M,S07,Summer,Adult,East,64,No,2024,8
2024-08-09 07:55:21.576798064,P011,M,S03,Summer,Adult,South,67,No,2024,8
2024-08-09 10:06:46.233852816,P027,L,S07,Spring,Adult,East,57,No,2024,8
2024-08-09 12:18:10.890907576,P021,M,S11,Autumn,Adult,West,67,No,2024,8
2024-08-09 14:29:35.547962328,P019,L,S11,Autumn,Adult,West,60,No,2024,8
2024-08-09 16:41:00.205017080,P022,M,S06,Spring,Senior,North,55,No,2024,8
2024-08-09 18:52:24.862071840,P011,S,S07,Summer,Adult,East,51,No,2024,8
2024-08-09 21:03:49.519126592,P030,S,S04,Autumn,Senior,North,32,No,2024,8
2024-08-09 23:15:14.176181344,P028,S,S10,Spring,Adult,West,48,No,2024,8
2024-08-10 01:26:38.833236104,P016,L,S08,Summer,Adult,East,67,No,2024,8
2024-08-10 03:38:03.490290856,P021,XXL,S08,Winter,Adult,East,28,Yes,2024,8
2024-08-10 05:49:28.147345608,P003,M,S07,Spring,Adult,East,61,No,2024,8
2024-08-10 08:00:52.804400368,P022,L,S07,Spring,Senior,East,60,No,2024,8
2024-08-10 10:12:17.461455120,P006,S,S10,Autumn,Teen,West,43,No,2024,8
2024-08-10 12:23:42.118509872,P014,L,S08,Winter,Young Adult,East,59,Yes,2024,8
2024-08-10 14:35:06.775564624,P024,S,S01,Summer,Senior,South,45,No,2024,8
2024-08-10 16:46:31.432619384,P018,L,S06,Winter,Senior,North,63,No,2024,8
2024-08-10 18:57:56.089674136,P017,XL,S02,Autumn,Senior,South,54,No,2024,8
2024-08-10 21:09:20.746728888,P004,M,S01,Autumn,Teen,South,63,No,2024,8
2024-08-10 23:20:45.403783648,P023,L,S12,Summer,Young Adult,West,65,No,2024,8
2024-08-11 01:32:10.060838400,P015,S,S10,Summer,Teen,West,40,No,2024,8
2024-08-11 03:43:34.717893152,P011,M,S07,Summer,Young Adult,East,66,Yes,2024,8
2024-08-11 05:54:59.374947912,P026,S,S06,Autumn,Young Adult,North,36,Yes,2024,8
2024-08-11 08:06:24.032002664,P003,M,S05,Summer,Young Adult,North,71,No,2024,8
2024-08-11 10:17:48.689057416,P003,M,S05,Summer,Teen,North,65,No,2024,8
2024-08-11 12:29:13.346112176,P016,M,S09,Summer,Young Adult,East,63,No,2024,8
2024-08-11 14:40:38.003166928,P005,M,S09,Spring,Adult,East,61,No,2024,8
2024-08-11 16:52:02.660221680,P021,M,S12,Summer,Senior,West,56,No,2024,8
2024-08-11 19:03:27.317276440,P029,L,S12,Autumn,Young Adult,West,65,No,2024,8
2024-08-11 21:14:51.974331192,P010,XL,S06,Spring,Senior,North,53,Yes,2024,8
2024-08-11 23:26:16.631385944,P019,M,S03,Autumn,Teen,South,67,No,2024,8
2024-08-12 01:37:41.288440704,P025,M,S07,Winter,Teen,East,64,No,2024,8
2024-08-12 03:49:05.945495456,P004,M,S04,Spring,Adult,North,69,No,2024,8
2024-08-12 06:00:30.602550208,P029,XL,S05,Summer,Young Adult,North,56,No,2024,8
2024-08-12 08:11:55.259604968,P029,L,S07,Spring,Senior,East,63,No,2024,8
2024-08-12 10:23:19.916659720,P019,M,S12,Autumn,Senior,West,51,No,2024,8
2024-08-12 12:34:44.573714472,P011,S,S07,Spring,Senior,East,36,No,2024,8
2024-08-12 14:46:09.230769232,P002,M,S10,Winter,Teen,West,69,No,2024,8
2024-08-12 16:57:33.887823984,P010,M,S08,Summer,Young Adult,East,78,No,2024,8
2024-08-12 19:08:58.544878736,P029,XL,S01,Summer,Adult,South,63,No,2024,8
2024-08-12 21:20:23.201933488,P011,XL,S05,Winter,Adult,North,60,No,2024,8
2024-08-12 23:31:47.858988248,P025,S,S12,Autumn,Teen,West,42,Yes,2024,8
2024-08-13 01:43:12.516043000,P020,L,S09,Spring,Young Adult,East,61,No,2024,8
2024-08-13 03:54:37.173097752,P016,M,S07,Autumn,Adult,East,64,No,2024,8
2024-08-13 06:06:01.830152512,P019,M,S11,Autumn,Adult,West,64,No,2024,8
2024-08-13 08:17:26.487207264,P023,XL,S12,Autumn,Teen,West,39,No,2024,8
2024-08-13 10:28:51.144262016,P024,L,S02,Summer,Senior,South,66,No,2024,8
2024-08-13 12:40:15.801316776,P011,M,S01,Spring,Adult,South,72,No,2024,8
2024-08-13 14:51:40.458371528,P014,M,S08,Summer,Teen,East,57,No,2024,8
2024-08-13 17:03:05.115426280,P002,XL,S09,Summer,Adult,East,46,Yes,2024,8
2024-08-13 19:14:29.772481040,P023,L,S10,Summer,Adult,West,64,No,2024,8
2024-08-13 21:25:54.429535792,P028,M,S05,Spring,Teen,North,64,No,2024,8
2024-08-13 23:37:19.086590544,P005,M,S11,Winter,Teen,West,62,No,2024,8
2024-08-14 01:48:43.743645304,P027,M,S06,Summer,Young Adult,North,67,No,2024,8
2024-08-14 04:00:08.400700056,P005,XXL,S02,Summer,Adult,South,36,No,2024,8
2024-08-14 06:11:33.057754808,P019,L,S11,Summer,Senior,West,53,No,2024,8
2024-08-14 08:22:57.714809568,P021,M,S05,Spring,Senior,North,48,No,2024,8
2024-08-14 10:34:22.371864320,P012,L,S12,Spring,Young Adult,West,65,No,2024,8
2024-08-14 12:45:47.028919072,P018,L,S04,Autumn,Young Adult,North,64,No,2024,8
2024-08-14 14:57:11.685973832,P004,M,S08,Summer,Teen,East,65,No,2024,8
2024-08-14 17:08:36.343028584,P022,M,S08,Summer,Senior,East,69,No,2024,8
2024-08-14 19:20:01.000083336,P017,L,S05,Spring,Adult,North,63,No,2024,8
2024-08-14 21:31:25.657138096,P010,L,S11,Spring,Teen,West,59,No,2024,8
2024-08-14 23:42:50.314192848,P020,L,S08,Summer,Adult,East,50,No,2024,8
2024-08-15 01:54:14.971247600,P006,XL,S06,Winter,Senior,North,49,No,2024,8
2024-08-15 04:05:39.628302360,P025,M,S10,Autumn,Teen,West,55,No,2024,8
2024-08-15 06:17:04.285357112,P014,S,S06,Autumn,Adult,North,42,No,2024,8
2024-08-15 08:28:28.942411864,P011,XXL,S04,Summer,Young Adult,North,43,No,2024,8
2024-08-15 10:39:53.599466616,P011,M,S10,Autumn,Adult,West,61,No,2024,8
2024-08-15 12:51:18.256521376,P029,L,S12,Autumn,Adult,West,68,No,2024,8
2024-08-15 15:02:42.913576128,P018,L,S11,Summer,Teen,West,57,No,2024,8
2024-08-15 17:14:07.570630880,P027,L,S03,Autumn,Senior,South,55,No,2024,8
2024-08-15 19:25:32.227685640,P023,M,S09,Spring,Adult,East,61,No,2024,8
2024-08-15 21:36:56.884740392,P022,L,S05,Summer,Adult,North,68,No,2024,8
2024-08-15 23:48:21.541795144,P018,XL,S10,Spring,Adult,West,44,No,2024,8
2024-08-16 01:59:46.198849904,P024,L,S10,Summer,Adult,West,69,No,2024,8
2024-08-16 04:11:10.855904656,P023,M,S04,Spring,Young Adult,North,65,No,2024,8
2024-08-16 06:22:35.512959408,P011,S,S06,Autumn,Senior,North,42,No,2024,8
2024-08-16 08:34:00.170014168,P021,S,S04,Winter,Senior,North,40,No,2024,8
2024-08-16 10:45:24.827068920,P012,M,S06,Spring,Teen,North,66,No,2024,8
2024-08-16 12:56:49.484123672,P005,M,S10,Spring,Adult,West,58,No,2024,8
2024-08-16 15:08:14.141178432,P023,XXL,S08,Winter,Teen,East,25,No,2024,8
2024-08-16 17:19:38.798233184,P009,L,S08,Winter,Young Adult,East,64,No,2024,8
2024-08-16 19:31:03.455287936,P027,L,S12,Spring,Young Adult,West,60,No,2024,8
2024-08-16 21:42:28.112342696,P025,L,S06,Spring,Adult,North,53,No,2024,8
2024-08-16 23:53:52.769397448,P009,M,S01,Spring,Teen,South,65,No,2024,8
2024-08-17 02:05:17.426452200,P022,XXL,S01,Summer,Teen,South,36,No,2024,8
2024-08-17 04:16:42.083506960,P010,M,S03,Spring,Senior,South,73,No,2024,8
2024-08-17 06:28:06.740561712,P022,S,S02,Spring,Teen,South,43,No,2024,8
2024-08-17 08:39:31.397616464,P019,M,S01,Winter,Young Adult,South,75,No,2024,8
2024-08-17 10:50:56.054671224,P001,XL,S01,Winter,Young Adult,South,62,No,2024,8
2024-08-17 13:02:20.711725976,P007,XL,S12,Summer,Adult,West,54,No,2024,8
2024-08-17 15:13:45.368780728,P004,S,S12,Summer,Teen,West,43,No,2024,8
2024-08-17 17:25:10.025835480,P001,XL,S12,Autumn,Teen,West,50,Yes,2024,8
2024-08-17 19:36:34.682890240,P015,M,S06,Spring,Young Adult,North,68,No,2024,8
2024-08-17 21:47:59.339944992,P008,S,S07,Spring,Adult,East,37,No,2024,8
2024-08-17 23:59:23.996999744,P012,XL,S08,Winter,Senior,East,46,No,2024,8
2024-08-18 02:10:48.654054504,P022,XL,S03,Autumn,Senior,South,51,No,2024,8
2024-08-18 04:22:13.311109256,P022,L,S01,Spring,Adult,South,58,No,2024,8
2024-08-18 06:33:37.968164008,P018,L,S05,Autumn,Adult,North,56,No,2024,8
2024-08-18 08:45:02.625218768,P015,XL,S08,Summer,Senior,East,39,No,2024,8
2024-08-18 10:56:27.282273520,P017,L,S12,Spring,Young Adult,West,67,No,2024,8
2024-08-18 13:07:51.939328272,P029,XL,S11,Spring,Teen,West,47,No,2024,8
2024-08-18 15:19:16.596383032,P014,L,S11,Summer,Senior,West,53,No,2024,8
2024-08-18 17:30:41.253437784,P014,XXL,S04,Spring,Adult,North,38,No,2024,8
2024-08-18 19:42:05.910492536,P018,XXL,S02,Summer,Adult,South,41,No,2024,8
2024-08-18 21:53:30.567547296,P020,S,S09,Summer,Teen,East,36,No,2024,8
2024-08-19 00:04:55.224602048,P018,XL,S12,Autumn,Adult,West,43,No,2024,8
2024-08-19 02:16:19.881656800,P016,M,S09,Winter,Young Adult,East,75,No,2024,8
2024-08-19 04:27:44.538711560,P001,M,S03,Winter,Adult,South,82,No,2024,8
2024-08-19 06:39:09.195766312,P023,L,S07,Summer,Teen,East,53,No,2024,8
2024-08-19 08:50:33.852821064,P027,S,S01,Autumn,Senior,South,49,No,2024,8
2024-08-19 11:01:58.509875824,P011,L,S08,Summer,Young Adult,East,67,No,2024,8
2024-08-19 13:13:23.166930576,P015,XL,S08,Autumn,Adult,East,42,No,2024,8
2024-08-19 15:24:47.823985328,P012,M,S03,Autumn,Teen,South,67,No,2024,8
2024-08-19 17:36:12.481040088,P008,M,S12,Winter,Senior,West,67,Yes,2024,8
2024-08-19 19:47:37.138094840,P022,XL,S05,Winter,Senior,North,51,No,2024,8
2024-08-19 21:59:01.795149592,P020,M,S04,Autumn,Teen,North,51,No,2024,8
2024-08-20 00:10:26.452204344,P030,M,S07,Winter,Senior,East,62,No,2024,8
2024-08-20 02:21:51.109259104,P006,M,S11,Autumn,Senior,West,64,No,2024,8
2024-08-20 04:33:15.766313856,P003,L,S07,Spring,Senior,East,58,No,2024,8
2024-08-20 06:44:40.423368608,P028,L,S11,Summer,Senior,West,54,No,2024,8
2024-08-20 08:56:05.080423368,P024,XL,S08,Winter,Teen,East,53,No,2024,8
2024-08-20 11:07:29.737478120,P026,M,S05,Summer,Teen,North,54,No,2024,8
2024-08-20 13:18:54.394532872,P030,XL,S11,Winter,Adult,West,51,No,2024,8
2024-08-20 15:30:19.051587632,P013,L,S05,Summer,Adult,North,53,No,2024,8
2024-08-20 17:41:43.708642384,P013,M,S08,Summer,Young Adult,East,63,No,2024,8
2024-08-20 19:53:08.365697136,P002,L,S05,Winter,Senior,North,62,No,2024,8
2024-08-20 22:04:33.022751896,P005,L,S01,Winter,Senior,South,54,No,2024,8
2024-08-21 00:15:57.679806648,P017,L,S11,Winter,Young Adult,West,65,No,2024,8
2024-08-21 02:27:22.336861400,P006,S,S03,Winter,Teen,South,47,No,2024,8
2024-08-21 04:38:46.993916160,P002,M,S02,Autumn,Teen,South,66,No,2024,8
2024-08-21 06:50:11.650970912,P004,M,S12,Winter,Young Adult,West,78,No,2024,8
2024-08-21 09:01:36.308025664,P022,M,S10,Winter,Adult,West,77,No,2024,8
2024-08-21 11:13:00.965080424,P026,L,S05,Winter,Adult,North,54,No,2024,8
2024-08-21 13:24:25.622135176,P011,S,S08,Spring,Senior,East,34,No,2024,8
2024-08-21 15:35:50.279189928,P008,L,S09,Summer,Adult,East,64,No,2024,8
2024-08-21 17:47:14.936244688,P012,M,S09,Winter,Teen,East,65,Yes,2024,8
2024-08-21 19:58:39.593299440,P008,M,S01,Winter,Young Adult,South,73,No,2024,8
2024-08-21 22:10:04.250354192,P011,L,S01,Summer,Young Adult,South,60,Yes,2024,8
2024-08-22 00:21:28.907408952,P022,M,S01,Summer,Young Adult,South,73,Yes,2024,8
2024-08-22 02:32:53.564463704,P020,XL,S01,Autumn,Adult,South,48,No,2024,8
2024-08-22 04:44:18.221518456,P008,S,S09,Summer,Young Adult,East,45,No,2024,8
2024-08-22 06:55:42.878573208,P029,M,S01,Summer,Young Adult,South,72,No,2024,8
2024-08-22 09:07:07.535627968,P008,XL,S07,Spring,Adult,East,43,No,2024,8
2024-08-22 11:18:32.192682720,P026,L,S06,Autumn,Teen,North,53,No,2024,8
2024-08-22 13:29:56.849737472,P030,M,S09,Spring,Senior,East,60,No,2024,8
2024-08-22 15:41:21.506792232,P017,M,S11,Summer,Teen,West,75,No,2024,8
2024-08-22 17:52:46.163846984,P020,L,S09,Winter,Adult,East,58,No,2024,8
2024-08-22 20:04:10.820901736,P020,XXL,S04,Autumn,Young Adult,North,30,No,2024,8
2024-08-22 22:15:35.477956496,P023,XL,S09,Summer,Senior,East,37,No,2024,8
2024-08-23 00:27:00.135011248,P016,M,S06,Summer,Teen,North,59,No,2024,8
2024-08-23 02:38:24.792066000,P014,XXL,S05,Winter,Senior,North,45,No,2024,8
2024-08-23 04:49:49.449120760,P030,S,S09,Winter,Teen,East,52,No,2024,8
2024-08-23 07:01:14.106175512,P011,S,S07,Winter,Teen,East,43,No,2024,8
2024-08-23 09:12:38.763230264,P007,XL,S09,Autumn,Adult,East,45,No,2024,8
2024-08-23 11:24:03.420285024,P016,M,S05,Spring,Teen,North,64,No,2024,8
2024-08-23 13:35:28.077339776,P013,S,S04,Autumn,Young Adult,North,39,No,2024,8
2024-08-23 15:46:52.734394528,P027,M,S10,Winter,Adult,West,79,No,2024,8
2024-08-23 17:58:17.391449288,P015,M,S03,Autumn,Senior,South,58,No,2024,8
2024-08-23 20:09:42.048504040,P024,L,S05,Winter,Adult,North,68,No,2024,8
2024-08-23 22:21:06.705558792,P016,L,S09,Spring,Teen,East,61,No,2024,8
2024-08-24 00:32:31.362613552,P027,M,S03,Autumn,Senior,South,67,No,2024,8
2024-08-24 02:43:56.019668304,P021,L,S01,Spring,Young Adult,South,63,No,2024,8
2024-08-24 04:55:20.676723056,P023,XL,S02,Spring,Adult,South,43,Yes,2024,8
2024-08-24 07:06:45.333777816,P024,XL,S10,Winter,Teen,West,44,No,2024,8
2024-08-24 09:18:09.990832568,P009,M,S05,Autumn,Senior,North,64,No,2024,8
2024-08-24 11:29:34.647887320,P003,XXL,S03,Autumn,Young Adult,South,35,No,2024,8
2024-08-24 13:40:59.304942080,P019,L,S06,Spring,Young Adult,North,62,No,2024,8
2024-08-24 15:52:23.961996832,P020,S,S11,Winter,Adult,West,45,No,2024,8
2024-08-24 18:03:48.619051584,P005,S,S08,Spring,Senior,East,27,No,2024,8
2024-08-24 20:15:13.276106336,P010,M,S06,Spring,Teen,North,60,No,2024,8
2024-08-24 22:26:37.933161096,P017,L,S10,Spring,Senior,West,58,Yes,2024,8
2024-08-25 00:38:02.590215848,P015,M,S09,Spring,Young Adult,East,68,No,2024,8
2024-08-25 02:49:27.247270600,P023,L,S06,Autumn,Senior,North,55,No,2024,8
2024-08-25 05:00:51.904325360,P025,S,S05,Summer,Adult,North,53,No,2024,8
2024-08-25 07:12:16.561380112,P008,XL,S04,Autumn,Senior,North,39,Yes,2024,8
2024-08-25 09:23:41.218434864,P015,M,S02,Winter,Senior,South,64,No,2024,8
2024-08-25 11:35:05.875489624,P021,XL,S06,Summer,Adult,North,45,No,2024,8
2024-08-25 13:46:30.532544376,P030,XL,S02,Spring,Senior,South,48,No,2024,8
2024-08-25 15:57:55.189599128,P014,S,S05,Autumn,Adult,North,38,No,2024,8
2024-08-25 18:09:19.846653888,P020,M,S01,Summer,Adult,South,61,No,2024,8
2024-08-25 20:20:44.503708640,P028,S,S03,Spring,Adult,South,45,No,2024,8
2024-08-25 22:32:09.160763392,P007,XL,S10,Autumn,Young Adult,West,52,No,2024,8
2024-08-26 00:43:33.817818152,P021,L,S05,Summer,Senior,North,58,No,2024,8
2024-08-26 02:54:58.474872904,P023,S,S07,Autumn,Adult,East,30,No,2024,8
2024-08-26 05:06:23.131927656,P012,S,S08,Summer,Teen,East,45,No,2024,8
2024-08-26 07:17:47.788982416,P017,M,S07,Winter,Teen,East,68,No,2024,8
2024-08-26 09:29:12.446037168,P017,XL,S07,Autumn,Young Adult,East,46,No,2024,8
2024-08-26 11:40:37.103091920,P010,L,S11,Autumn,Adult,West,59,No,2024,8
2024-08-26 13:52:01.760146680,P030,XL,S02,Summer,Adult,South,53,No,2024,8
2024-08-26 16:03:26.417201432,P029,M,S06,Winter,Young Adult,North,70,No,2024,8
2024-08-26 18:14:51.074256184,P019,S,S05,Autumn,Senior,North,34,No,2024,8
2024-08-26 20:26:15.731310944,P014,XXL,S11,Winter,Adult,West,50,No,2024,8
2024-08-26 22:37:40.388365696,P011,S,S09,Winter,Adult,East,53,No,2024,8
2024-08-27 00:49:05.045420448,P002,XL,S12,Autumn,Teen,West,52,No,2024,8
2024-08-27 03:00:29.702475200,P018,M,S10,Spring,Adult,West,66,No,2024,8
2024-08-27 05:11:54.359529960,P007,S,S11,Summer,Young Adult,West,51,No,2024,8
2024-08-27 07:23:19.016584712,P012,L,S04,Autumn,Teen,North,49,No,2024,8
2024-08-27 09:34:43.673639464,P026,XXL,S12,Winter,Young Adult,West,38,No,2024,8
2024-08-27 11:46:08.330694224,P002,XXL,S07,Summer,Young Adult,East,39,No,2024,8
2024-08-27 13:57:32.987748976,P027,M,S11,Autumn,Adult,West,69,No,2024,8
2024-08-27 16:08:57.644803728,P020,M,S08,Summer,Senior,East,52,No,2024,8
2024-08-27 18:20:22.301858488,P018,L,S06,Summer,Adult,North,62,No,2024,8
2024-08-27 20:31:46.958913240,P006,L,S03,Winter,Senior,South,58,No,2024,8
2024-08-27 22:43:11.615967992,P024,L,S11,Spring,Teen,West,61,No,2024,8
2024-08-28 00:54:36.273022752,P010,M,S05,Spring,Young Adult,North,71,No,2024,8
2024-08-28 03:06:00.930077504,P020,XXL,S01,Summer,Young Adult,South,42,Yes,2024,8
2024-08-28 05:17:25.587132256,P015,L,S08,Winter,Adult,East,58,No,2024,8
2024-08-28 07:28:50.244187016,P005,XL,S12,Winter,Senior,West,53,No,2024,8
2024-08-28 09:40:14.901241768,P020,L,S12,Autumn,Young Adult,West,54,No,2024,8
2024-08-28 11:51:39.558296520,P003,M,S12,Summer,Young Adult,West,69,No,2024,8
2024-08-28 14:03:04.215351280,P005,XXL,S11,Autumn,Senior,West,22,No,2024,8
2024-08-28 16:14:28.872406032,P030,L,S02,Winter,Young Adult,South,64,No,2024,8
2024-08-28 18:25:53.529460784,P025,XL,S10,Summer,Young Adult,West,59,No,2024,8
2024-08-28 20:37:18.186515544,P008,XXL,S07,Spring,Young Adult,East,32,No,2024,8
2024-08-28 22:48:42.843570296,P008,L,S09,Spring,Senior,East,49,No,2024,8
2024-08-29 01:00:07.500625048,P008,L,S01,Autumn,Senior,South,56,No,2024,8
2024-08-29 03:11:32.157679808,P012,S,S04,Summer,Teen,North,44,No,2024,8
2024-08-29 05:22:56.814734560,P024,S,S07,Winter,Young Adult,East,54,No,2024,8
2024-08-29 07:34:21.471789312,P023,M,S09,Autumn,Young Adult,East,55,No,2024,8
2024-08-29 09:45:46.128844064,P008,M,S02,Spring,Teen,South,62,No,2024,8
2024-08-29 11:57:10.785898824,P011,M,S02,Winter,Senior,South,67,No,2024,8
2024-08-29 14:08:35.442953576,P014,M,S06,Summer,Senior,North,58,No,2024,8
2024-08-29 16:20:00.100008328,P008,M,S03,Spring,Adult,South,71,No,2024,8
2024-08-29 18:31:24.757063088,P029,M,S04,Winter,Senior,North,74,No,2024,8
2024-08-29 20:42:49.414117840,P030,S,S03,Spring,Adult,South,48,No,2024,8
2024-08-29 22:54:14.071172592,P024,S,S01,Summer,Teen,South,45,No,2024,8
2024-08-30 01:05:38.728227352,P028,L,S06,Autumn,Senior,North,49,Yes,2024,8
2024-08-30 03:17:03.385282104,P010,L,S11,Winter,Teen,West,61,No,2024,8
2024-08-30 05:28:28.042336856,P007,M,S11,Winter,Adult,West,75,No,2024,8
2024-08-30 07:39:52.699391616,P028,L,S02,Summer,Young Adult,South,64,No,2024,8
2024-08-30 09:51:17.356446368,P017,XL,S02,Spring,Young Adult,South,52,No,2024,8
2024-08-30 12:02:42.013501120,P004,M,S07,Spring,Teen,East,59,No,2024,8
2024-08-30 14:14:06.670555880,P029,L,S05,Spring,Young Adult,North,70,No,2024,8
2024-08-30 16:25:31.327610632,P013,XXL,S08,Winter,Teen,East,30,No,2024,8
2024-08-30 18:36:55.984665384,P004,XL,S02,Winter,Adult,South,53,Yes,2024,8
2024-08-30 20:48:20.641720144,P005,M,S10,Spring,Young Adult,West,67,No,2024,8
2024-08-30 22:59:45.298774896,P026,L,S08,Winter,Adult,East,56,No,2024,8
2024-08-31 01:11:09.955829648,P022,M,S07,Autumn,Senior,East,61,No,2024,8
2024-08-31 03:22:34.612884408,P004,L,S10,Summer,Young Adult,West,64,Yes,2024,8
2024-08-31 05:33:59.269939160,P018,XXL,S08,Summer,Young Adult,East,43,No,2024,8
2024-08-31 07:45:23.926993912,P006,L,S11,Winter,Young Adult,West,69,Yes,2024,8
2024-08-31 09:56:48.584048672,P024,XL,S03,Autumn,Teen,South,42,No,2024,8
2024-08-31 12:08:13.241103424,P024,M,S08,Autumn,Senior,East,53,No,2024,8
2024-08-31 14:19:37.898158176,P023,XXL,S06,Spring,Senior,North,22,No,2024,8
2024-08-31 16:31:02.555212928,P022,L,S02,Summer,Senior,South,67,No,2024,8
2024-08-31 18:42:27.212267688,P002,S,S06,Summer,Adult,North,57,No,2024,8
2024-08-31 20:53:51.869322440,P023,L,S05,Summer,Senior,North,52,No,2024,8
2024-08-31 23:05:16.526377192,P011,M,S03,Winter,Teen,South,71,No,2024,8
2024-09-01 01:16:41.183431952,P028,S,S01,Autumn,Teen,South,46,No,2024,9
2024-09-01 03:28:05.840486704,P014,XL,S07,Spring,Adult,East,41,No,2024,9
2024-09-01 05:39:30.497541456,P030,M,S02,Winter,Adult,South,67,No,2024,9
2024-09-01 07:50:55.154596216,P005,L,S01,Spring,Senior,South,46,No,2024,9
2024-09-01 10:02:19.811650968,P006,M,S01,Winter,Senior,South,71,Yes,2024,9
2024-09-01 12:13:44.468705720,P010,M,S07,Summer,Teen,East,70,No,2024,9
2024-09-01 14:25:09.125760480,P008,XXL,S12,Spring,Teen,West,35,No,2024,9
2024-09-01 16:36:33.782815232,P014,M,S01,Autumn,Senior,South,67,No,2024,9
2024-09-01 18:47:58.439869984,P024,L,S09,Autumn,Teen,East,51,No,2024,9
2024-09-01 20:59:23.096924744,P003,L,S06,Winter,Adult,North,59,No,2024,9
2024-09-01 23:10:47.753979496,P012,L,S04,Summer,Teen,North,64,No,2024,9
2024-09-02 01:22:12.411034248,P016,XL,S12,Winter,Senior,West,44,No,2024,9
2024-09-02 03:33:37.068089008,P028,L,S04,Spring,Adult,North,52,No,2024,9
2024-09-02 05:45:01.725143760,P030,M,S12,Autumn,Teen,West,65,No,2024,9
2024-09-02 07:56:26.382198512,P023,XL,S05,Autumn,Adult,North,38,No,2024,9
2024-09-02 10:07:51.039253272,P017,M,S02,Autumn,Senior,South,68,No,2024,9
2024-09-02 12:19:15.696308024,P001,L,S05,Autumn,Teen,North,61,No,2024,9
2024-09-02 14:30:40.353362776,P023,XXL,S02,Spring,Senior,South,29,No,2024,9
2024-09-02 16:42:05.010417536,P010,L,S12,Autumn,Young Adult,West,60,No,2024,9
2024-09-02 18:53:29.667472288,P025,XL,S04,Winter,Senior,North,44,No,2024,9
2024-09-02 21:04:54.324527040,P023,L,S10,Autumn,Young Adult,West,62,No,2024,9
2024-09-02 23:16:18.981581792,P010,XL,S11,Spring,Adult,West,57,No,2024,9
2024-09-03 01:27:43.638636552,P021,XL,S05,Summer,Adult,North,45,No,2024,9
2024-09-03 03:39:08.295691304,P024,M,S06,Summer,Young Adult,North,64,No,2024,9
2024-09-03 05:50:32.952746056,P002,M,S06,Autumn,Adult,North,67,No,2024,9
2024-09-03 08:01:57.609800816,P009,M,S09,Summer,Adult,East,70,No,2024,9
2024-09-03 10:13:22.266855568,P022,L,S04,Spring,Senior,North,63,No,2024,9
2024-09-03 12:24:46.923910320,P013,M,S05,Autumn,Young Adult,North,61,Yes,2024,9
2024-09-03 14:36:11.580965080,P025,S,S06,Spring,Teen,North,34,No,2024,9
2024-09-03 16:47:36.238019832,P016,M,S04,Summer,Adult,North,70,No,2024,9
2024-09-03 18:59:00.895074584,P018,XXL,S06,Summer,Adult,North,31,No,2024,9
2024-09-03 21:10:25.552129344,P019,L,S02,Autumn,Teen,South,54,No,2024,9
2024-09-03 23:21:50.209184096,P012,M,S12,Summer,Senior,West,68,No,2024,9
2024-09-04 01:33:14.866238848,P008,M,S07,Autumn,Senior,East,50,No,2024,9
2024-09-04 03:44:39.523293608,P017,M,S03,Autumn,Senior,South,65,No,2024,9
2024-09-04 05:56:04.180348360,P015,M,S10,Winter,Teen,West,71,No,2024,9
2024-09-04 08:07:28.837403112,P010,S,S04,Winter,Senior,North,45,No,2024,9
2024-09-04 10:18:53.494457872,P015,XL,S09,Winter,Adult,East,44,No,2024,9
2024-09-04 12:30:18.151512624,P015,XXL,S12,Spring,Senior,West,37,Yes,2024,9
2024-09-04 14:41:42.808567376,P023,M,S05,Summer,Adult,North,63,No,2024,9
2024-09-04 16:53:07.465622136,P007,S,S09,Summer,Teen,East,53,No,2024,9
2024-09-04 19:04:32.122676888,P013,M,S10,Winter,Senior,West,63,No,2024,9
2024-09-04 21:15:56.779731640,P017,M,S10,Autumn,Senior,West,63,No,2024,9
2024-09-04 23:27:21.436786400,P009,M,S10,Autumn,Adult,West,63,No,2024,9
2024-09-05 01:38:46.093841152,P008,M,S12,Autumn,Teen,West,66,No,2024,9
2024-09-05 03:50:10.750895904,P020,M,S10,Autumn,Senior,West,62,No,2024,9
2024-09-05 06:01:35.407950656,P026,L,S06,Spring,Teen,North,56,No,2024,9
2024-09-05 08:13:00.065005416,P027,L,S08,Summer,Adult,East,58,No,2024,9
2024-09-05 10:24:24.722060168,P021,L,S05,Winter,Adult,North,56,No,2024,9
2024-09-05 12:35:49.379114920,P018,M,S05,Spring,Senior,North,55,No,2024,9
2024-09-05 14:47:14.036169680,P013,XL,S03,Summer,Teen,South,43,No,2024,9
2024-09-05 16:58:38.693224432,P016,XXL,S07,Spring,Adult,East,30,No,2024,9
2024-09-05 19:10:03.350279184,P009,M,S02,Autumn,Teen,South,69,No,2024,9
2024-09-05 21:21:28.007333944,P012,M,S11,Spring,Young Adult,West,74,No,2024,9
2024-09-05 23:32:52.664388696,P012,L,S12,Spring,Young Adult,West,58,No,2024,9
2024-09-06 01:44:17.321443448,P006,S,S03,Autumn,Senior,South,44,No,2024,9
2024-09-06 03:55:41.978498208,P019,M,S02,Autumn,Teen,South,65,No,2024,9
2024-09-06 06:07:06.635552960,P028,L,S08,Winter,Teen,East,63,No,2024,9
2024-09-06 08:18:31.292607712,P007,L,S04,Winter,Adult,North,59,No,2024,9
2024-09-06 10:29:55.949662472,P025,M,S10,Summer,Teen,West,70,No,2024,9
2024-09-06 12:41:20.606717224,P003,L,S08,Winter,Teen,East,64,Yes,2024,9
2024-09-06 14:52:45.263771976,P016,XXL,S08,Winter,Adult,East,39,No,2024,9
2024-09-06 17:04:09.920826736,P018,M,S08,Summer,Senior,East,65,No,2024,9
2024-09-06 19:15:34.577881488,P016,L,S08,Spring,Adult,East,54,No,2024,9
2024-09-06 21:26:59.234936240,P023,S,S08,Spring,Young Adult,East,44,No,2024,9
2024-09-06 23:38:23.891991000,P007,S,S12,Spring,Teen,West,49,No,2024,9
2024-09-07 01:49:48.549045752,P004,L,S09,Autumn,Teen,East,56,No,2024,9
2024-09-07 04:01:13.206100504,P027,S,S02,Summer,Senior,South,55,No,2024,9
2024-09-07 06:12:37.863155264,P025,S,S09,Spring,Young Adult,East,42,No,2024,9
2024-09-07 08:24:02.520210016,P030,M,S08,Winter,Teen,East,71,No,2024,9
2024-09-07 10:35:27.177264768,P008,L,S11,Winter,Adult,West,62,No,2024,9
2024-09-07 12:46:51.834319528,P013,L,S10,Winter,Teen,West,61,No,2024,9
2024-09-07 14:58:16.491374280,P013,M,S01,Summer,Senior,South,62,No,2024,9
2024-09-07 17:09:41.148429032,P017,L,S05,Summer,Adult,North,70,No,2024,9
2024-09-07 19:21:05.805483784,P017,M,S11,Winter,Teen,West,71,No,2024,9
2024-09-07 21:32:30.462538544,P005,L,S02,Autumn,Senior,South,49,No,2024,9
2024-09-07 23:43:55.119593296,P006,M,S10,Autumn,Young Adult,West,64,No,2024,9
2024-09-08 01:55:19.776648048,P019,L,S05,Spring,Adult,North,49,No,2024,9
2024-09-08 04:06:44.433702808,P013,XXL,S08,Spring,Adult,East,40,No,2024,9
2024-09-08 06:18:09.090757560,P025,XL,S09,Spring,Young Adult,East,45,Yes,2024,9
2024-09-08 08:29:33.747812312,P028,S,S09,Spring,Adult,East,40,No,2024,9
2024-09-08 10:40:58.404867072,P026,XL,S01,Spring,Senior,South,44,No,2024,9
2024-09-08 12:52:23.061921824,P014,S,S07,Summer,Young Adult,East,46,No,2024,9
2024-09-08 15:03:47.718976576,P022,XXL,S12,Summer,Teen,West,36,No,2024,9
2024-09-08 17:15:12.376031336,P004,M,S11,Autumn,Senior,West,67,No,2024,9
2024-09-08 19:26:37.033086088,P028,M,S08,Autumn,Young Adult,East,61,No,2024,9
2024-09-08 21:38:01.690140840,P007,S,S10,Summer,Teen,West,47,No,2024,9
2024-09-08 23:49:26.347195600,P008,S,S03,Autumn,Senior,South,39,No,2024,9
2024-09-09 02:00:51.004250352,P025,L,S06,Winter,Senior,North,58,No,2024,9
2024-09-09 04:12:15.661305104,P013,XL,S11,Autumn,Adult,West,49,No,2024,9
2024-09-09 06:23:40.318359864,P027,L,S03,Winter,Adult,South,62,No,2024,9
2024-09-09 08:35:04.975414616,P006,L,S09,Winter,Young Adult,East,57,Yes,2024,9
2024-09-09 10:46:29.632469368,P006,L,S03,Spring,Teen,South,60,No,2024,9
2024-09-09 12:57:54.289524128,P024,M,S02,Autumn,Senior,South,54,No,2024,9
2024-09-09 15:09:18.946578880,P028,S,S09,Winter,Senior,East,45,No,2024,9
2024-09-09 17:20:43.603633632,P021,S,S11,Autumn,Young Adult,West,41,No,2024,9
2024-09-09 19:32:08.260688392,P030,M,S08,Autumn,Adult,East,62,No,2024,9
2024-09-09 21:43:32.917743144,P003,M,S08,Summer,Senior,East,67,No,2024,9
2024-09-09 23:54:57.574797896,P028,S,S02,Summer,Senior,South,40,No,2024,9
2024-09-10 02:06:22.231852648,P003,M,S06,Spring,Adult,North,57,No,2024,9
2024-09-10 04:17:46.888907408,P013,S,S05,Autumn,Teen,North,37,No,2024,9
2024-09-10 06:29:11.545962160,P022,XL,S12,Summer,Teen,West,52,No,2024,9
2024-09-10 08:40:36.203016912,P002,S,S02,Winter,Adult,South,61,No,2024,9
2024-09-10 10:52:00.860071672,P016,L,S05,Winter,Senior,North,66,No,2024,9
2024-09-10 13:03:25.517126424,P022,L,S04,Spring,Adult,North,65,No,2024,9
2024-09-10 15:14:50.174181176,P029,L,S09,Winter,Teen,East,60,No,2024,9
2024-09-10 17:26:14.831235936,P006,S,S12,Autumn,Young Adult,West,46,No,2024,9
2024-09-10 19:37:39.488290688,P008,M,S01,Winter,Young Adult,South,65,No,2024,9
2024-09-10 21:49:04.145345440,P023,S,S06,Spring,Teen,North,35,No,2024,9
2024-09-11 00:00:28.802400200,P008,M,S07,Spring,Teen,East,61,No,2024,9
2024-09-11 02:11:53.459454952,P030,M,S12,Winter,Teen,West,75,No,2024,9
2024-09-11 04:23:18.116509704,P025,L,S06,Autumn,Adult,North,62,No,2024,9
2024-09-11 06:34:42.773564464,P006,L,S05,Summer,Young Adult,North,59,No,2024,9
2024-09-11 08:46:07.430619216,P014,L,S12,Autumn,Teen,West,55,No,2024,9
2024-09-11 10:57:32.087673968,P003,M,S04,Autumn,Senior,North,63,No,2024,9
2024-09-11 13:08:56.744728728,P010,M,S05,Autumn,Young Adult,North,68,No,2024,9
2024-09-11 15:20:21.401783480,P003,XL,S09,Winter,Adult,East,51,No,2024,9
2024-09-11 17:31:46.058838232,P027,M,S05,Summer,Senior,North,65,No,2024,9
2024-09-11 19:43:10.715892992,P012,L,S10,Autumn,Adult,West,66,No,2024,9
2024-09-11 21:54:35.372947744,P017,L,S08,Summer,Teen,East,68,No,2024,9
2024-09-12 00:06:00.030002496,P027,M,S07,Spring,Teen,East,67,No,2024,9
2024-09-12 02:17:24.687057256,P029,M,S04,Summer,Teen,North,70,No,2024,9
2024-09-12 04:28:49.344112008,P005,M,S10,Winter,Senior,West,55,No,2024,9
2024-09-12 06:40:14.001166760,P030,S,S05,Spring,Teen,North,48,No,2024,9
2024-09-12 08:51:38.658221512,P020,S,S07,Spring,Young Adult,East,48,No,2024,9
2024-09-12 11:03:03.315276272,P025,S,S06,Autumn,Teen,North,36,No,2024,9
2024-09-12 13:14:27.972331024,P009,M,S03,Summer,Young Adult,South,78,No,2024,9
2024-09-12 15:25:52.629385776,P030,L,S10,Spring,Senior,West,59,No,2024,9
2024-09-12 17:37:17.286440536,P021,XL,S03,Spring,Adult,South,52,No,2024,9
2024-09-12 19:48:41.943495288,P026,M,S02,Summer,Adult,South,68,No,2024,9
2024-09-12 22:00:06.600550040,P020,XL,S03,Summer,Young Adult,South,55,No,2024,9
2024-09-13 00:11:31.257604800,P007,XXL,S11,Spring,Senior,West,33,Yes,2024,9
2024-09-13 02:22:55.914659552,P022,XXL,S10,Spring,Young Adult,West,47,No,2024,9
2024-09-13 04:34:20.571714304,P004,XL,S01,Summer,Teen,South,58,Yes,2024,9
2024-09-13 06:45:45.228769064,P013,M,S09,Winter,Teen,East,69,No,2024,9
2024-09-13 08:57:09.885823816,P013,S,S02,Summer,Teen,South,45,No,2024,9
2024-09-13 11:08:34.542878568,P010,L,S12,Winter,Adult,West,68,No,2024,9
2024-09-13 13:19:59.199933328,P018,L,S03,Spring,Young Adult,South,58,No,2024,9
2024-09-13 15:31:23.856988080,P017,XL,S05,Autumn,Senior,North,52,No,2024,9
2024-09-13 17:42:48.514042832,P020,XXL,S10,Summer,Young Adult,West,42,No,2024,9
2024-09-13 19:54:13.171097592,P020,L,S12,Spring,Young Adult,West,53,No,2024,9
2024-09-13 22:05:37.828152344,P013,M,S04,Spring,Young Adult,North,62,No,2024,9
2024-09-14 00:17:02.485207096,P017,M,S05,Autumn,Teen,North,64,No,2024,9
2024-09-14 02:28:27.142261856,P022,S,S06,Summer,Teen,North,41,No,2024,9
2024-09-14 04:39:51.799316608,P004,L,S05,Spring,Young Adult,North,59,Yes,2024,9
2024-09-14 06:51:16.456371360,P001,L,S10,Winter,Teen,West,68,No,2024,9
2024-09-14 09:02:41.113426120,P001,XL,S01,Autumn,Adult,South,47,No,2024,9
2024-09-14 11:14:05.770480872,P015,L,S06,Winter,Teen,North,59,No,2024,9
2024-09-14 13:25:30.427535624,P013,XL,S09,Summer,Adult,East,52,No,2024,9
2024-09-14 15:36:55.084590376,P017,L,S03,Winter,Adult,South,72,No,2024,9
2024-09-14 17:48:19.741645136,P024,XL,S02,Autumn,Young Adult,South,51,Yes,2024,9
2024-09-14 19:59:44.398699888,P026,S,S06,Spring,Young Adult,North,40,No,2024,9
2024-09-14 22:11:09.055754640,P008,XL,S12,Autumn,Teen,West,43,No,2024,9
2024-09-15 00:22:33.712809400,P018,L,S03,Spring,Senior,South,62,No,2024,9
2024-09-15 02:33:58.369864152,P027,M,S04,Spring,Young Adult,North,63,No,2024,9
2024-09-15 04:45:23.026918904,P013,M,S06,Winter,Adult,North,66,No,2024,9
2024-09-15 06:56:47.683973664,P023,XL,S12,Autumn,Adult,West,50,No,2024,9
2024-09-15 09:08:12.341028416,P014,S,S12,Autumn,Teen,West,39,No,2024,9
2024-09-15 11:19:36.998083168,P008,M,S06,Spring,Adult,North,55,No,2024,9
2024-09-15 13:31:01.655137928,P008,M,S12,Autumn,Young Adult,West,65,No,2024,9
2024-09-15 15:42:26.312192680,P027,L,S02,Summer,Teen,South,61,No,2024,9
2024-09-15 17:53:50.969247432,P026,XL,S03,Summer,Teen,South,45,Yes,2024,9
2024-09-15 20:05:15.626302192,P015,M,S09,Winter,Senior,East,57,No,2024,9
2024-09-15 22:16:40.283356944,P027,M,S02,Winter,Teen,South,74,No,2024,9
2024-09-16 00:28:04.940411696,P013,XXL,S03,Autumn,Senior,South,35,No,2024,9
2024-09-16 02:39:29.597466456,P007,L,S09,Winter,Young Adult,East,70,No,2024,9
2024-09-16 04:50:54.254521208,P005,XL,S04,Autumn,Adult,North,38,No,2024,9
2024-09-16 07:02:18.911575960,P017,M,S01,Winter,Young Adult,South,73,No,2024,9
2024-09-16 09:13:43.568630720,P028,M,S11,Summer,Teen,West,58,No,2024,9
2024-09-16 11:25:08.225685472,P025,M,S02,Spring,Senior,South,69,No,2024,9
2024-09-16 13:36:32.882740224,P029,L,S03,Spring,Adult,South,58,No,2024,9
2024-09-16 15:47:57.539794984,P016,S,S09,Summer,Teen,East,44,Yes,2024,9
2024-09-16 17:59:22.196849736,P023,M,S09,Spring,Young Adult,East,53,No,2024,9
2024-09-16 20:10:46.853904488,P002,S,S11,Autumn,Teen,West,42,No,2024,9
2024-09-16 22:22:11.510959248,P022,M,S06,Autumn,Senior,North,55,No,2024,9
2024-09-17 00:33:36.168014000,P018,XL,S11,Summer,Young Adult,West,50,Yes,2024,9
2024-09-17 02:45:00.825068752,P017,S,S06,Summer,Teen,North,51,No,2024,9
2024-09-17 04:56:25.482123504,P030,L,S03,Summer,Senior,South,59,No,2024,9
2024-09-17 07:07:50.139178264,P007,XL,S05,Summer,Teen,North,48,No,2024,9
2024-09-17 09:19:14.796233016,P013,M,S11,Spring,Senior,West,53,No,2024,9
2024-09-17 11:30:39.453287768,P018,L,S04,Spring,Teen,North,49,No,2024,9
2024-09-17 13:42:04.110342528,P029,XXL,S10,Spring,Young Adult,West,45,No,2024,9
2024-09-17 15:53:28.767397280,P014,XXL,S10,Autumn,Young Adult,West,41,Yes,2024,9
2024-09-17 18:04:53.424452032,P030,M,S12,Winter,Young Adult,West,66,No,2024,9
2024-09-17 20:16:18.081506792,P018,S,S09,Autumn,Young Adult,East,45,No,2024,9
2024-09-17 22:27:42.738561544,P013,S,S09,Winter,Young Adult,East,44,Yes,2024,9
2024-09-18 00:39:07.395616296,P011,L,S01,Summer,Adult,South,61,Yes,2024,9
2024-09-18 02:50:32.052671056,P021,L,S08,Summer,Teen,East,54,No,2024,9
2024-09-18 05:01:56.709725808,P030,L,S09,Spring,Young Adult,East,54,No,2024,9
2024-09-18 07:13:21.366780560,P021,M,S05,Spring,Adult,North,54,No,2024,9
2024-09-18 09:24:46.023835320,P016,M,S04,Winter,Adult,North,62,No,2024,9
2024-09-18 11:36:10.680890072,P023,L,S10,Winter,Teen,West,64,No,2024,9
2024-09-18 13:47:35.337944824,P017,M,S04,Spring,Senior,North,62,No,2024,9
2024-09-18 15:58:59.994999584,P008,L,S02,Summer,Teen,South,63,No,2024,9
2024-09-18 18:10:24.652054336,P019,M,S09,Spring,Teen,East,61,No,2024,9
2024-09-18 20:21:49.309109088,P020,M,S05,Summer,Senior,North,55,No,2024,9
2024-09-18 22:33:13.966163848,P015,M,S11,Summer,Senior,West,62,No,2024,9
2024-09-19 00:44:38.623218600,P009,M,S03,Autumn,Young Adult,South,66,No,2024,9
2024-09-19 02:56:03.280273352,P020,M,S06,Autumn,Senior,North,50,No,2024,9
2024-09-19 05:07:27.937328112,P010,S,S09,Winter,Senior,East,52,No,2024,9
2024-09-19 07:18:52.594382864,P012,M,S09,Summer,Teen,East,62,No,2024,9
2024-09-19 09:30:17.251437616,P021,S,S12,Spring,Teen,West,33,No,2024,9
2024-09-19 11:41:41.908492368,P023,M,S05,Summer,Teen,North,64,No,2024,9
2024-09-19 13:53:06.565547128,P020,L,S08,Winter,Senior,East,60,No,2024,9
2024-09-19 16:04:31.222601880,P030,M,S04,Summer,Adult,North,68,No,2024,9
2024-09-19 18:15:55.879656632,P001,L,S05,Summer,Young Adult,North,67,No,2024,9
2024-09-19 20:27:20.536711392,P025,L,S07,Winter,Teen,East,65,No,2024,9
2024-09-19 22:38:45.193766144,P020,L,S07,Summer,Adult,East,51,No,2024,9
2024-09-20 00:50:09.850820896,P009,XXL,S07,Autumn,Young Adult,East,41,No,2024,9
2024-09-20 03:01:34.507875656,P022,S,S08,Winter,Teen,East,53,No,2024,9
2024-09-20 05:12:59.164930408,P015,L,S11,Autumn,Adult,West,59,No,2024,9
2024-09-20 07:24:23.821985160,P001,XXL,S05,Winter,Young Adult,North,41,No,2024,9
2024-09-20 09:35:48.479039920,P012,XL,S01,Summer,Teen,South,46,No,2024,9
2024-09-20 11:47:13.136094672,P003,M,S11,Autumn,Teen,West,65,No,2024,9
2024-09-20 13:58:37.793149424,P011,M,S09,Autumn,Adult,East,58,No,2024,9
2024-09-20 16:10:02.450204184,P002,M,S09,Spring,Senior,East,57,No,2024,9
2024-09-20 18:21:27.107258936,P016,L,S07,Autumn,Senior,East,53,No,2024,9
2024-09-20 20:32:51.764313688,P009,L,S12,Autumn,Teen,West,61,No,2024,9
2024-09-20 22:44:16.421368448,P015,M,S06,Summer,Adult,North,68,No,2024,9
2024-09-21 00:55:41.078423200,P012,L,S05,Autumn,Senior,North,58,No,2024,9
2024-09-21 03:07:05.735477952,P001,L,S05,Autumn,Senior,North,60,Yes,2024,9
2024-09-21 05:18:30.392532712,P013,M,S03,Autumn,Senior,South,62,No,2024,9
2024-09-21 07:29:55.049587464,P014,XL,S10,Summer,Adult,West,48,No,2024,9
2024-09-21 09:41:19.706642216,P025,L,S01,Winter,Adult,South,65,No,2024,9
2024-09-21 11:52:44.363696976,P025,S,S06,Summer,Young Adult,North,47,Yes,2024,9
2024-09-21 14:04:09.020751728,P008,L,S08,Autumn,Senior,East,42,No,2024,9
2024-09-21 16:15:33.677806480,P008,M,S02,Winter,Adult,South,67,No,2024,9
2024-09-21 18:26:58.334861232,P027,L,S08,Summer,Young Adult,East,63,No,2024,9
2024-09-21 20:38:22.991915992,P030,XXL,S08,Summer,Teen,East,42,No,2024,9
2024-09-21 22:49:47.648970744,P012,XL,S10,Winter,Young Adult,West,58,No,2024,9
2024-09-22 01:01:12.306025496,P001,M,S08,Spring,Senior,East,67,Yes,2024,9
2024-09-22 03:12:36.963080256,P011,M,S10,Autumn,Adult,West,67,Yes,2024,9
2024-09-22 05:24:01.620135008,P008,M,S03,Spring,Senior,South,63,No,2024,9
2024-09-22 07:35:26.277189760,P010,L,S10,Autumn,Senior,West,59,No,2024,9
2024-09-22 09:46:50.934244520,P030,S,S08,Autumn,Teen,East,38,No,2024,9
2024-09-22 11:58:15.591299272,P019,L,S11,Spring,Adult,West,62,No,2024,9
2024-09-22 14:09:40.248354024,P011,S,S12,Spring,Adult,West,45,No,2024,9
2024-09-22 16:21:04.905408784,P007,M,S12,Autumn,Teen,West,62,No,2024,9
2024-09-22 18:32:29.562463536,P011,M,S04,Winter,Adult,North,63,No,2024,9
2024-09-22 20:43:54.219518288,P017,XXL,S03,Winter,Young Adult,South,57,No,2024,9
2024-09-22 22:55:18.876573048,P001,L,S11,Spring,Senior,West,62,No,2024,9
2024-09-23 01:06:43.533627800,P026,M,S09,Spring,Teen,East,60,No,2024,9
2024-09-23 03:18:08.190682552,P029,S,S08,Summer,Teen,East,50,No,2024,9
2024-09-23 05:29:32.847737312,P021,L,S10,Winter,Senior,West,53,No,2024,9
2024-09-23 07:40:57.504792064,P021,M,S02,Winter,Teen,South,57,No,2024,9
2024-09-23 09:52:22.161846816,P008,L,S08,Autumn,Adult,East,60,No,2024,9
2024-09-23 12:03:46.818901576,P023,XL,S11,Summer,Adult,West,51,No,2024,9
2024-09-23 14:15:11.475956328,P024,L,S11,Autumn,Senior,West,61,No,2024,9
2024-09-23 16:26:36.133011080,P006,L,S03,Summer,Teen,South,62,No,2024,9
2024-09-23 18:38:00.790065840,P022,L,S10,Winter,Young Adult,West,67,No,2024,9
2024-09-23 20:49:25.447120592,P018,XL,S12,Autumn,Senior,West,51,No,2024,9
2024-09-23 23:00:50.104175344,P006,XL,S06,Summer,Adult,North,44,No,2024,9
2024-09-24 01:12:14.761230096,P005,L,S05,Autumn,Adult,North,56,Yes,2024,9
2024-09-24 03:23:39.418284856,P013,M,S08,Summer,Adult,East,57,No,2024,9
2024-09-24 05:35:04.075339608,P019,M,S09,Spring,Young Adult,East,69,No,2024,9
2024-09-24 07:46:28.732394360,P022,M,S11,Autumn,Adult,West,72,No,2024,9
2024-09-24 09:57:53.389449120,P008,L,S07,Spring,Senior,East,43,No,2024,9
2024-09-24 12:09:18.046503872,P009,L,S06,Summer,Senior,North,50,No,2024,9
2024-09-24 14:20:42.703558624,P017,S,S06,Autumn,Senior,North,39,No,2024,9
2024-09-24 16:32:07.360613384,P003,M,S01,Summer,Adult,South,72,No,2024,9
2024-09-24 18:43:32.017668136,P019,M,S05,Summer,Young Adult,North,72,No,2024,9
2024-09-24 20:54:56.674722888,P011,XL,S08,Spring,Young Adult,East,46,No,2024,9
2024-09-24 23:06:21.331777648,P024,L,S06,Autumn,Adult,North,62,No,2024,9
2024-09-25 01:17:45.988832400,P017,L,S12,Winter,Teen,West,63,No,2024,9
2024-09-25 03:29:10.645887152,P021,M,S01,Summer,Teen,South,65,No,2024,9
2024-09-25 05:40:35.302941912,P019,L,S05,Spring,Senior,North,44,No,2024,9
2024-09-25 07:51:59.959996664,P002,M,S11,Winter,Young Adult,West,81,No,2024,9
2024-09-25 10:03:24.617051416,P008,L,S12,Spring,Adult,West,61,No,2024,9
2024-09-25 12:14:49.274106176,P019,S,S05,Spring,Young Adult,North,46,No,2024,9
2024-09-25 14:26:13.931160928,P007,M,S12,Spring,Young Adult,West,69,No,2024,9
2024-09-25 16:37:38.588215680,P028,M,S03,Summer,Teen,South,61,No,2024,9
2024-09-25 18:49:03.245270440,P027,M,S08,Winter,Young Adult,East,69,No,2024,9
2024-09-25 21:00:27.902325192,P017,XXL,S09,Summer,Young Adult,East,41,No,2024,9
2024-09-25 23:11:52.559379944,P006,M,S06,Summer,Adult,North,70,No,2024,9
2024-09-26 01:23:17.216434704,P019,M,S06,Autumn,Adult,North,65,No,2024,9
2024-09-26 03:34:41.873489456,P024,L,S02,Winter,Young Adult,South,63,No,2024,9
2024-09-26 05:46:06.530544208,P006,XL,S10,Autumn,Young Adult,West,46,No,2024,9
2024-09-26 07:57:31.187598960,P028,M,S02,Spring,Adult,South,68,No,2024,9
2024-09-26 10:08:55.844653720,P002,L,S06,Winter,Teen,North,68,No,2024,9
2024-09-26 12:20:20.501708472,P006,XL,S12,Winter,Adult,West,47,No,2024,9
2024-09-26 14:31:45.158763224,P023,M,S08,Summer,Adult,East,55,No,2024,9
2024-09-26 16:43:09.815817984,P005,M,S02,Spring,Adult,South,56,No,2024,9
2024-09-26 18:54:34.472872736,P019,M,S09,Summer,Adult,East,57,No,2024,9
2024-09-26 21:05:59.129927488,P020,XL,S12,Autumn,Adult,West,47,No,2024,9
2024-09-26 23:17:23.786982248,P004,S,S09,Spring,Teen,East,35,No,2024,9
2024-09-27 01:28:48.444037000,P022,M,S04,Summer,Senior,North,67,No,2024,9
2024-09-27 03:40:13.101091752,P026,L,S04,Summer,Adult,North,62,No,2024,9
2024-09-27 05:51:37.758146512,P017,L,S04,Summer,Adult,North,65,No,2024,9
2024-09-27 08:03:02.415201264,P011,M,S11,Spring,Teen,West,56,No,2024,9
2024-09-27 10:14:27.072256016,P004,L,S05,Autumn,Senior,North,61,No,2024,9
2024-09-27 12:25:51.729310776,P026,M,S08,Winter,Young Adult,East,65,No,2024,9
2024-09-27 14:37:16.386365528,P013,M,S02,Summer,Teen,South,58,No,2024,9
2024-09-27 16:48:41.043420280,P020,L,S11,Spring,Adult,West,62,Yes,2024,9
2024-09-27 19:00:05.700475040,P026,XL,S05,Winter,Young Adult,North,52,No,2024,9
2024-09-27 21:11:30.357529792,P017,M,S02,Summer,Teen,South,66,No,2024,9
2024-09-27 23:22:55.014584544,P009,XL,S11,Spring,Young Adult,West,53,No,2024,9
2024-09-28 01:34:19.671639304,P004,L,S11,Autumn,Teen,West,58,No,2024,9
2024-09-28 03:45:44.328694056,P023,S,S08,Summer,Teen,East,32,No,2024,9
2024-09-28 05:57:08.985748808,P028,L,S01,Spring,Young Adult,South,69,No,2024,9
2024-09-28 08:08:33.642803568,P014,S,S07,Summer,Senior,East,50,No,2024,9
2024-09-28 10:19:58.299858320,P019,XXL,S03,Spring,Young Adult,South,34,No,2024,9
2024-09-28 12:31:22.956913072,P026,XL,S04,Autumn,Young Adult,North,44,Yes,2024,9
2024-09-28 14:42:47.613967824,P028,M,S08,Autumn,Senior,East,61,No,2024,9
2024-09-28 16:54:12.271022584,P003,M,S03,Spring,Young Adult,South,72,No,2024,9
2024-09-28 19:05:36.928077336,P014,M,S12,Winter,Senior,West,75,No,2024,9
2024-09-28 21:17:01.585132088,P008,M,S07,Autumn,Senior,East,56,No,2024,9
2024-09-28 23:28:26.242186848,P024,M,S12,Summer,Senior,West,63,No,2024,9
2024-09-29 01:39:50.899241600,P027,M,S01,Autumn,Adult,South,62,No,2024,9
2024-09-29 03:51:15.556296352,P028,L,S09,Summer,Teen,East,56,No,2024,9
2024-09-29 06:02:40.213351112,P001,M,S06,Autumn,Adult,North,73,No,2024,9
2024-09-29 08:14:04.870405864,P010,XL,S03,Autumn,Teen,South,55,No,2024,9
2024-09-29 10:25:29.527460616,P018,XL,S07,Summer,Adult,East,42,Yes,2024,9
2024-09-29 12:36:54.184515376,P016,M,S05,Autumn,Senior,North,66,No,2024,9
2024-09-29 14:48:18.841570128,P008,XL,S08,Summer,Adult,East,48,No,2024,9
2024-09-29 16:59:43.498624880,P001,M,S08,Summer,Teen,East,67,No,2024,9
2024-09-29 19:11:08.155679640,P012,S,S12,Autumn,Adult,West,41,No,2024,9
2024-09-29 21:22:32.812734392,P008,L,S09,Autumn,Young Adult,East,57,Yes,2024,9
2024-09-29 23:33:57.469789144,P024,M,S06,Summer,Young Adult,North,74,No,2024,9
2024-09-30 01:45:22.126843904,P016,L,S04,Spring,Senior,North,58,No,2024,9
2024-09-30 03:56:46.783898656,P018,XL,S02,Autumn,Adult,South,52,No,2024,9
2024-09-30 06:08:11.440953408,P004,XXL,S03,Winter,Adult,South,53,No,2024,9
2024-09-30 08:19:36.098008168,P006,L,S05,Autumn,Teen,North,60,No,2024,9
2024-09-30 10:31:00.755062920,P012,L,S08,Spring,Teen,East,50,No,2024,9
2024-09-30 12:42:25.412117672,P027,S,S12,Spring,Adult,West,55,No,2024,9
2024-09-30 14:53:50.069172432,P009,M,S10,Autumn,Teen,West,58,No,2024,9
2024-09-30 17:05:14.726227184,P015,L,S02,Autumn,Young Adult,South,57,No,2024,9
2024-09-30 19:16:39.383281936,P016,M,S05,Winter,Young Adult,North,78,No,2024,9
2024-09-30 21:28:04.040336696,P024,M,S09,Autumn,Senior,East,51,No,2024,9
2024-09-30 23:39:28.697391448,P012,M,S02,Spring,Young Adult,South,65,No,2024,9
2024-10-01 01:50:53.354446200,P024,L,S08,Winter,Teen,East,54,No,2024,10
2024-10-01 04:02:18.011500952,P023,M,S03,Autumn,Teen,South,58,No,2024,10
2024-10-01 06:13:42.668555712,P014,L,S08,Winter,Teen,East,54,No,2024,10
2024-10-01 08:25:07.325610464,P013,M,S04,Winter,Teen,North,71,No,2024,10
2024-10-01 10:36:31.982665216,P025,S,S04,Spring,Adult,North,43,No,2024,10
2024-10-01 12:47:56.639719976,P002,M,S12,Spring,Adult,West,73,No,2024,10
2024-10-01 14:59:21.296774728,P003,M,S07,Summer,Adult,East,66,No,2024,10
2024-10-01 17:10:45.953829480,P026,XL,S05,Spring,Adult,North,46,No,2024,10
2024-10-01 19:22:10.610884240,P024,S,S04,Summer,Young Adult,North,42,No,2024,10
2024-10-01 21:33:35.267938992,P030,M,S07,Spring,Teen,East,61,No,2024,10
2024-10-01 23:44:59.924993744,P022,L,S12,Spring,Young Adult,West,65,No,2024,10
2024-10-02 01:56:24.582048504,P010,M,S03,Summer,Teen,South,69,No,2024,10
2024-10-02 04:07:49.239103256,P009,S,S09,Summer,Adult,East,48,No,2024,10
2024-10-02 06:19:13.896158008,P026,S,S05,Summer,Young Adult,North,48,No,2024,10
2024-10-02 08:30:38.553212768,P020,XXL,S12,Winter,Teen,West,33,No,2024,10
2024-10-02 10:42:03.210267520,P008,L,S03,Summer,Adult,South,60,No,2024,10
2024-10-02 12:53:27.867322272,P010,M,S02,Winter,Senior,South,79,No,2024,10
2024-10-02 15:04:52.524377032,P019,M,S07,Winter,Teen,East,67,No,2024,10
2024-10-02 17:16:17.181431784,P003,M,S12,Summer,Senior,West,63,No,2024,10
2024-10-02 19:27:41.838486536,P024,M,S07,Summer,Teen,East,62,No,2024,10
2024-10-02 21:39:06.495541296,P005,L,S12,Summer,Adult,West,53,No,2024,10
2024-10-02 23:50:31.152596048,P003,XL,S05,Spring,Young Adult,North,43,No,2024,10
2024-10-03 02:01:55.809650800,P026,M,S04,Spring,Teen,North,53,No,2024,10
2024-10-03 04:13:20.466705560,P027,XL,S11,Summer,Senior,West,49,No,2024,10
2024-10-03 06:24:45.123760312,P016,S,S02,Autumn,Adult,South,40,No,2024,10
2024-10-03 08:36:09.780815064,P017,M,S02,Summer,Teen,South,68,No,2024,10
2024-10-03 10:47:34.437869816,P015,S,S07,Autumn,Senior,East,28,No,2024,10
2024-10-03 12:58:59.094924576,P003,S,S10,Spring,Teen,West,44,No,2024,10
2024-10-03 15:10:23.751979328,P012,XL,S07,Spring,Senior,East,42,No,2024,10
2024-10-03 17:21:48.409034080,P009,M,S04,Autumn,Teen,North,66,No,2024,10
2024-10-03 19:33:13.066088840,P021,S,S04,Spring,Young Adult,North,48,No,2024,10
2024-10-03 21:44:37.723143592,P012,XXL,S04,Summer,Young Adult,North,44,No,2024,10
2024-10-03 23:56:02.380198344,P026,XL,S11,Autumn,Young Adult,West,45,No,2024,10
2024-10-04 02:07:27.037253104,P015,L,S02,Autumn,Young Adult,South,52,No,2024,10
2024-10-04 04:18:51.694307856,P002,XL,S09,Winter,Adult,East,50,No,2024,10
2024-10-04 06:30:16.351362608,P023,M,S01,Spring,Young Adult,South,64,No,2024,10
2024-10-04 08:41:41.008417368,P018,XL,S08,Autumn,Teen,East,47,No,2024,10
2024-10-04 10:53:05.665472120,P020,L,S06,Autumn,Adult,North,56,No,2024,10
2024-10-04 13:04:30.322526872,P012,XL,S10,Autumn,Teen,West,47,No,2024,10
2024-10-04 15:15:54.979581632,P023,L,S07,Spring,Senior,East,43,No,2024,10
2024-10-04 17:27:19.636636384,P004,M,S12,Autumn,Young Adult,West,75,No,2024,10
2024-10-04 19:38:44.293691136,P023,L,S05,Autumn,Teen,North,47,No,2024,10
2024-10-04 21:50:08.950745896,P016,M,S06,Summer,Teen,North,62,No,2024,10
2024-10-05 00:01:33.607800648,P023,M,S06,Summer,Teen,North,66,No,2024,10
2024-10-05 02:12:58.264855400,P016,S,S09,Winter,Senior,East,42,No,2024,10
2024-10-05 04:24:22.921910160,P001,XL,S10,Autumn,Senior,West,46,No,2024,10
2024-10-05 06:35:47.578964912,P022,M,S04,Spring,Senior,North,60,No,2024,10
2024-10-05 08:47:12.236019664,P025,L,S12,Winter,Teen,West,59,No,2024,10
2024-10-05 10:58:36.893074424,P002,M,S11,Winter,Senior,West,72,No,2024,10
2024-10-05 13:10:01.550129176,P030,XXL,S12,Winter,Young Adult,West,43,No,2024,10
2024-10-05 15:21:26.207183928,P003,M,S05,Autumn,Senior,North,62,No,2024,10
2024-10-05 17:32:50.864238680,P026,L,S04,Winter,Senior,North,54,No,2024,10
2024-10-05 19:44:15.521293440,P021,XL,S01,Spring,Teen,South,49,No,2024,10
2024-10-05 21:55:40.178348192,P025,M,S10,Summer,Teen,West,68,No,2024,10
2024-10-06 00:07:04.835402944,P020,M,S06,Summer,Teen,North,58,No,2024,10
2024-10-06 02:18:29.492457704,P017,L,S05,Autumn,Teen,North,62,No,2024,10
2024-10-06 04:29:54.149512456,P020,XL,S04,Spring,Young Adult,North,41,No,2024,10
2024-10-06 06:41:18.806567208,P022,L,S06,Spring,Teen,North,56,No,2024,10
2024-10-06 08:52:43.463621968,P021,M,S12,Spring,Adult,West,59,No,2024,10
2024-10-06 11:04:08.120676720,P030,XL,S05,Autumn,Adult,North,53,No,2024,10
2024-10-06 13:15:32.777731472,P029,M,S03,Spring,Teen,South,70,No,2024,10
2024-10-06 15:26:57.434786232,P001,L,S02,Summer,Teen,South,66,No,2024,10
2024-10-06 17:38:22.091840984,P020,XL,S06,Spring,Young Adult,North,42,No,2024,10
2024-10-06 19:49:46.748895736,P006,M,S04,Spring,Adult,North,56,No,2024,10
2024-10-06 22:01:11.405950496,P029,L,S11,Autumn,Senior,West,56,No,2024,10
2024-10-07 00:12:36.063005248,P015,L,S10,Winter,Young Adult,West,65,Yes,2024,10
2024-10-07 02:24:00.720060000,P026,XL,S03,Winter,Senior,South,52,No,2024,10
2024-10-07 04:35:25.377114760,P026,M,S08,Autumn,Teen,East,54,No,2024,10
2024-10-07 06:46:50.034169512,P014,M,S12,Autumn,Adult,West,60,No,2024,10
2024-10-07 08:58:14.691224264,P020,XL,S09,Autumn,Senior,East,33,No,2024,10
2024-10-07 11:09:39.348279024,P015,S,S07,Autumn,Adult,East,39,No,2024,10
2024-10-07 13:21:04.005333776,P014,S,S02,Spring,Senior,South,48,No,2024,10
2024-10-07 15:32:28.662388528,P025,XXL,S08,Spring,Young Adult,East,39,No,2024,10
2024-10-07 17:43:53.319443288,P021,M,S11,Winter,Teen,West,64,No,2024,10
2024-10-07 19:55:17.976498040,P024,XXL,S11,Autumn,Adult,West,36,No,2024,10
2024-10-07 22:06:42.633552792,P025,M,S05,Autumn,Young Adult,North,71,No,2024,10
2024-10-08 00:18:07.290607544,P026,M,S11,Spring,Adult,West,63,No,2024,10
2024-10-08 02:29:31.947662304,P005,L,S10,Autumn,Senior,West,43,Yes,2024,10
2024-10-08 04:40:56.604717056,P006,L,S07,Summer,Senior,East,50,No,2024,10
2024-10-08 06:52:21.261771808,P017,L,S05,Spring,Teen,North,64,Yes,2024,10
2024-10-08 09:03:45.918826568,P011,L,S02,Summer,Senior,South,63,No,2024,10
2024-10-08 11:15:10.575881320,P016,XL,S12,Spring,Teen,West,47,No,2024,10
2024-10-08 13:26:35.232936072,P012,M,S12,Spring,Teen,West,56,No,2024,10
2024-10-08 15:37:59.889990832,P015,M,S12,Spring,Young Adult,West,69,No,2024,10
2024-10-08 17:49:24.547045584,P023,M,S04,Winter,Teen,North,60,No,2024,10
2024-10-08 20:00:49.204100336,P004,L,S11,Winter,Young Adult,West,65,No,2024,10
2024-10-08 22:12:13.861155096,P027,M,S05,Spring,Adult,North,71,No,2024,10
2024-10-09 00:23:38.518209848,P018,M,S06,Spring,Senior,North,58,Yes,2024,10
2024-10-09 02:35:03.175264600,P021,M,S05,Spring,Senior,North,51,No,2024,10
2024-10-09 04:46:27.832319360,P028,S,S10,Spring,Senior,West,41,No,2024,10
2024-10-09 06:57:52.489374112,P003,S,S11,Autumn,Teen,West,44,No,2024,10
2024-10-09 09:09:17.146428864,P022,L,S01,Autumn,Young Adult,South,62,No,2024,10
2024-10-09 11:20:41.803483624,P008,M,S01,Autumn,Young Adult,South,67,No,2024,10
2024-10-09 13:32:06.460538376,P023,XL,S03,Winter,Young Adult,South,55,No,2024,10
2024-10-09 15:43:31.117593128,P003,L,S09,Summer,Teen,East,60,No,2024,10
2024-10-09 17:54:55.774647888,P008,S,S11,Spring,Senior,West,39,No,2024,10
2024-10-09 20:06:20.431702640,P018,L,S02,Autumn,Senior,South,59,No,2024,10
2024-10-09 22:17:45.088757392,P010,S,S10,Autumn,Young Adult,West,44,No,2024,10
2024-10-10 00:29:09.745812152,P025,L,S05,Autumn,Teen,North,54,No,2024,10
2024-10-10 02:40:34.402866904,P020,XXL,S09,Spring,Senior,East,30,No,2024,10
2024-10-10 04:51:59.059921656,P017,L,S07,Spring,Teen,East,62,No,2024,10
2024-10-10 07:03:23.716976416,P008,L,S11,Summer,Adult,West,67,No,2024,10
2024-10-10 09:14:48.374031168,P023,M,S08,Winter,Adult,East,70,No,2024,10
2024-10-10 11:26:13.031085920,P011,M,S02,Summer,Teen,South,68,No,2024,10
2024-10-10 13:37:37.688140672,P029,XL,S05,Spring,Adult,North,49,No,2024,10
2024-10-10 15:49:02.345195432,P005,M,S09,Summer,Senior,East,62,No,2024,10
2024-10-10 18:00:27.002250184,P026,M,S01,Autumn,Young Adult,South,64,No,2024,10
2024-10-10 20:11:51.659304936,P013,M,S01,Summer,Teen,South,63,No,2024,10
2024-10-10 22:23:16.316359696,P021,L,S10,Autumn,Adult,West,52,No,2024,10
2024-10-11 00:34:40.973414448,P023,M,S08,Summer,Young Adult,East,68,No,2024,10
2024-10-11 02:46:05.630469200,P005,XL,S02,Autumn,Senior,South,37,No,2024,10
2024-10-11 04:57:30.287523960,P024,S,S09,Summer,Senior,East,36,No,2024,10
2024-10-11 07:08:54.944578712,P027,M,S10,Winter,Teen,West,66,No,2024,10
2024-10-11 09:20:19.601633464,P013,L,S09,Summer,Young Adult,East,54,No,2024,10
2024-10-11 11:31:44.258688224,P006,M,S04,Spring,Senior,North,55,No,2024,10
2024-10-11 13:43:08.915742976,P029,L,S02,Spring,Teen,South,62,No,2024,10
2024-10-11 15:54:33.572797728,P005,M,S03,Autumn,Adult,South,60,No,2024,10
2024-10-11 18:05:58.229852488,P009,S,S10,Spring,Young Adult,West,43,Yes,2024,10
2024-10-11 20:17:22.886907240,P027,S,S01,Autumn,Senior,South,45,No,2024,10
2024-10-11 22:28:47.543961992,P016,XL,S03,Winter,Adult,South,62,No,2024,10
2024-10-12 00:40:12.201016752,P002,L,S05,Spring,Young Adult,North,68,No,2024,10
2024-10-12 02:51:36.858071504,P001,L,S03,Spring,Young Adult,South,73,No,2024,10
2024-10-12 05:03:01.515126256,P008,M,S03,Autumn,Young Adult,South,70,No,2024,10
2024-10-12 07:14:26.172181016,P028,L,S10,Winter,Senior,West,61,Yes,2024,10
2024-10-12 09:25:50.829235768,P019,M,S06,Winter,Young Adult,North,61,No,2024,10
2024-10-12 11:37:15.486290520,P030,XL,S03,Summer,Adult,South,58,No,2024,10
2024-10-12 13:48:40.143345280,P011,L,S03,Autumn,Senior,South,49,No,2024,10
2024-10-12 16:00:04.800400032,P028,L,S09,Autumn,Young Adult,East,58,No,2024,10
2024-10-12 18:11:29.457454784,P012,S,S02,Winter,Adult,South,53,No,2024,10
2024-10-12 20:22:54.114509536,P012,L,S01,Autumn,Senior,South,55,No,2024,10
2024-10-12 22:34:18.771564296,P007,M,S10,Spring,Young Adult,West,66,No,2024,10
2024-10-13 00:45:43.428619048,P026,XL,S08,Spring,Teen,East,35,No,2024,10
2024-10-13 02:57:08.085673800,P013,M,S03,Spring,Teen,South,61,No,2024,10
2024-10-13 05:08:32.742728560,P027,M,S07,Autumn,Young Adult,East,74,No,2024,10
2024-10-13 07:19:57.399783312,P008,M,S02,Summer,Teen,South,65,No,2024,10
2024-10-13 09:31:22.056838064,P029,M,S11,Summer,Senior,West,75,No,2024,10
2024-10-13 11:42:46.713892824,P029,S,S11,Winter,Young Adult,West,56,No,2024,10
2024-10-13 13:54:11.370947576,P022,XL,S12,Autumn,Adult,West,51,No,2024,10
2024-10-13 16:05:36.028002328,P028,L,S08,Winter,Teen,East,51,No,2024,10
2024-10-13 18:17:00.685057088,P026,XL,S09,Autumn,Young Adult,East,41,No,2024,10
2024-10-13 20:28:25.342111840,P030,XL,S08,Summer,Senior,East,44,No,2024,10
2024-10-13 22:39:49.999166592,P009,M,S08,Spring,Young Adult,East,72,Yes,2024,10
2024-10-14 00:51:14.656221352,P007,L,S08,Autumn,Adult,East,56,No,2024,10
2024-10-14 03:02:39.313276104,P026,S,S07,Summer,Adult,East,44,No,2024,10
2024-10-14 05:14:03.970330856,P021,XL,S02,Summer,Young Adult,South,44,No,2024,10
2024-10-14 07:25:28.627385616,P024,M,S08,Summer,Young Adult,East,62,No,2024,10
2024-10-14 09:36:53.284440368,P015,M,S05,Spring,Young Adult,North,67,No,2024,10
2024-10-14 11:48:17.941495120,P002,M,S06,Summer,Young Adult,North,68,No,2024,10
2024-10-14 13:59:42.598549880,P023,M,S04,Winter,Senior,North,66,No,2024,10
2024-10-14 16:11:07.255604632,P020,M,S01,Summer,Young Adult,South,70,No,2024,10
2024-10-14 18:22:31.912659384,P025,M,S05,Summer,Senior,North,61,No,2024,10
2024-10-14 20:33:56.569714144,P012,L,S03,Autumn,Young Adult,South,69,No,2024,10
2024-10-14 22:45:21.226768896,P001,XL,S09,Autumn,Senior,East,43,No,2024,10
2024-10-15 00:56:45.883823648,P023,M,S04,Autumn,Adult,North,52,No,2024,10
2024-10-15 03:08:10.540878400,P022,M,S10,Summer,Teen,West,63,No,2024,10
2024-10-15 05:19:35.197933160,P008,XL,S02,Summer,Young Adult,South,58,No,2024,10
2024-10-15 07:30:59.854987912,P005,S,S04,Winter,Young Adult,North,52,No,2024,10
2024-10-15 09:42:24.512042664,P015,XL,S03,Spring,Adult,South,41,Yes,2024,10
2024-10-15 11:53:49.169097424,P001,M,S03,Summer,Teen,South,77,No,2024,10
2024-10-15 14:05:13.826152176,P001,L,S05,Spring,Adult,North,60,No,2024,10
2024-10-15 16:16:38.483206928,P025,L,S01,Summer,Adult,South,68,No,2024,10
2024-10-15 18:28:03.140261688,P010,L,S05,Spring,Young Adult,North,69,No,2024,10
2024-10-15 20:39:27.797316440,P022,XL,S08,Autumn,Young Adult,East,50,No,2024,10
2024-10-15 22:50:52.454371192,P010,S,S10,Summer,Adult,West,49,No,2024,10
2024-10-16 01:02:17.111425952,P021,M,S12,Winter,Young Adult,West,62,No,2024,10
2024-10-16 03:13:41.768480704,P015,L,S09,Spring,Young Adult,East,60,No,2024,10
2024-10-16 05:25:06.425535456,P017,XL,S12,Autumn,Young Adult,West,51,No,2024,10
2024-10-16 07:36:31.082590216,P022,M,S01,Winter,Teen,South,73,No,2024,10
2024-10-16 09:47:55.739644968,P006,XL,S02,Autumn,Teen,South,42,No,2024,10
2024-10-16 11:59:20.396699720,P003,M,S02,Summer,Young Adult,South,67,No,2024,10
2024-10-16 14:10:45.053754480,P013,M,S06,Winter,Adult,North,62,No,2024,10
2024-10-16 16:22:09.710809232,P016,L,S01,Spring,Teen,South,59,No,2024,10
2024-10-16 18:33:34.367863984,P008,S,S11,Spring,Adult,West,42,No,2024,10
2024-10-16 20:44:59.024918744,P030,L,S01,Winter,Senior,South,63,No,2024,10
2024-10-16 22:56:23.681973496,P015,S,S02,Spring,Senior,South,47,No,2024,10
2024-10-17 01:07:48.339028248,P017,M,S12,Autumn,Young Adult,West,70,No,2024,10
2024-10-17 03:19:12.996083008,P017,L,S04,Winter,Adult,North,71,No,2024,10
2024-10-17 05:30:37.653137760,P022,L,S02,Spring,Adult,South,65,No,2024,10
2024-10-17 07:42:02.310192512,P026,M,S04,Autumn,Senior,North,59,No,2024,10
2024-10-17 09:53:26.967247264,P013,M,S03,Spring,Teen,South,58,No,2024,10
2024-10-17 12:04:51.624302024,P017,M,S03,Autumn,Adult,South,67,No,2024,10
2024-10-17 14:16:16.281356776,P006,M,S09,Summer,Adult,East,70,No,2024,10
2024-10-17 16:27:40.938411528,P017,XXL,S08,Autumn,Teen,East,34,No,2024,10
2024-10-17 18:39:05.595466288,P016,XL,S12,Spring,Young Adult,West,59,No,2024,10
2024-10-17 20:50:30.252521040,P014,S,S12,Autumn,Senior,West,40,No,2024,10
2024-10-17 23:01:54.909575792,P013,S,S10,Spring,Adult,West,51,No,2024,10
2024-10-18 01:13:19.566630552,P006,XL,S09,Winter,Young Adult,East,54,No,2024,10
2024-10-18 03:24:44.223685304,P003,L,S01,Winter,Young Adult,South,61,No,2024,10
2024-10-18 05:36:08.880740056,P014,L,S12,Summer,Young Adult,West,66,No,2024,10
2024-10-18 07:47:33.537794816,P014,L,S05,Autumn,Teen,North,58,No,2024,10
2024-10-18 09:58:58.194849568,P015,M,S12,Summer,Young Adult,West,70,No,2024,10
2024-10-18 12:10:22.851904320,P008,M,S12,Winter,Adult,West,71,No,2024,10
2024-10-18 14:21:47.508959080,P029,XXL,S04,Autumn,Young Adult,North,36,No,2024,10
2024-10-18 16:33:12.166013832,P015,L,S11,Autumn,Young Adult,West,59,No,2024,10
2024-10-18 18:44:36.823068584,P022,M,S09,Summer,Young Adult,East,63,No,2024,10
2024-10-18 20:56:01.480123344,P029,S,S03,Summer,Senior,South,46,No,2024,10
2024-10-18 23:07:26.137178096,P027,M,S05,Autumn,Adult,North,70,No,2024,10
2024-10-19 01:18:50.794232848,P013,L,S08,Autumn,Senior,East,46,No,2024,10
2024-10-19 03:30:15.451287608,P017,M,S10,Autumn,Senior,West,62,No,2024,10
2024-10-19 05:41:40.108342360,P021,S,S05,Summer,Young Adult,North,42,No,2024,10
2024-10-19 07:53:04.765397112,P024,XL,S09,Spring,Young Adult,East,54,No,2024,10
2024-10-19 10:04:29.422451872,P003,M,S02,Winter,Young Adult,South,77,No,2024,10
2024-10-19 12:15:54.079506624,P028,S,S06,Winter,Teen,North,38,No,2024,10
2024-10-19 14:27:18.736561376,P006,M,S05,Summer,Adult,North,66,No,2024,10
2024-10-19 16:38:43.393616128,P005,M,S09,Autumn,Teen,East,61,No,2024,10
2024-10-19 18:50:08.050670888,P022,M,S07,Winter,Adult,East,74,No,2024,10
2024-10-19 21:01:32.707725640,P026,XL,S08,Winter,Young Adult,East,52,No,2024,10
2024-10-19 23:12:57.364780392,P017,XL,S07,Winter,Adult,East,51,No,2024,10
2024-10-20 01:24:22.021835152,P023,M,S10,Winter,Adult,West,65,No,2024,10
2024-10-20 03:35:46.678889904,P025,M,S10,Autumn,Senior,West,59,No,2024,10
2024-10-20 05:47:11.335944656,P002,L,S05,Summer,Adult,North,65,No,2024,10
2024-10-20 07:58:35.992999416,P026,M,S11,Autumn,Adult,West,63,No,2024,10
2024-10-20 10:10:00.650054168,P015,S,S05,Autumn,Senior,North,39,No,2024,10
2024-10-20 12:21:25.307108920,P005,XL,S11,Winter,Teen,West,46,No,2024,10
2024-10-20 14:32:49.964163680,P026,M,S04,Winter,Adult,North,68,Yes,2024,10
2024-10-20 16:44:14.621218432,P020,M,S02,Autumn,Teen,South,59,No,2024,10
2024-10-20 18:55:39.278273184,P006,M,S09,Autumn,Teen,East,54,No,2024,10
2024-10-20 21:07:03.935327944,P006,M,S10,Autumn,Young Adult,West,68,No,2024,10
2024-10-20 23:18:28.592382696,P027,S,S10,Spring,Adult,West,45,No,2024,10
2024-10-21 01:29:53.249437448,P018,S,S12,Winter,Senior,West,48,No,2024,10
2024-10-21 03:41:17.906492208,P018,M,S10,Summer,Senior,West,64,No,2024,10
2024-10-21 05:52:42.563546960,P004,L,S10,Summer,Young Adult,West,73,No,2024,10
2024-10-21 08:04:07.220601712,P017,M,S03,Summer,Senior,South,66,No,2024,10
2024-10-21 10:15:31.877656472,P025,M,S11,Spring,Adult,West,70,No,2024,10
2024-10-21 12:26:56.534711224,P014,L,S11,Spring,Teen,West,54,No,2024,10
2024-10-21 14:38:21.191765976,P014,XL,S03,Summer,Teen,South,54,No,2024,10
2024-10-21 16:49:45.848820736,P013,M,S03,Summer,Senior,South,59,No,2024,10
2024-10-21 19:01:10.505875488,P007,S,S08,Summer,Senior,East,49,Yes,2024,10
2024-10-21 21:12:35.162930240,P012,M,S06,Autumn,Senior,North,54,No,2024,10
2024-10-21 23:23:59.819984992,P023,L,S01,Winter,Teen,South,61,No,2024,10
2024-10-22 01:35:24.477039752,P015,S,S12,Spring,Adult,West,39,No,2024,10
2024-10-22 03:46:49.134094504,P019,M,S03,Spring,Adult,South,68,No,2024,10
2024-10-22 05:58:13.791149256,P011,S,S04,Autumn,Adult,North,48,No,2024,10
2024-10-22 08:09:38.448204016,P015,S,S02,Spring,Adult,South,50,No,2024,10
2024-10-22 10:21:03.105258768,P012,M,S06,Summer,Adult,North,61,Yes,2024,10
2024-10-22 12:32:27.762313520,P003,M,S10,Spring,Young Adult,West,70,No,2024,10
2024-10-22 14:43:52.419368280,P017,XL,S12,Autumn,Senior,West,44,No,2024,10
2024-10-22 16:55:17.076423032,P003,L,S01,Winter,Adult,South,67,No,2024,10
2024-10-22 19:06:41.733477784,P019,M,S01,Summer,Young Adult,South,73,No,2024,10
2024-10-22 21:18:06.390532544,P020,M,S08,Spring,Adult,East,53,No,2024,10
2024-10-22 23:29:31.047587296,P004,M,S04,Summer,Senior,North,71,No,2024,10
2024-10-23 01:40:55.704642048,P003,S,S01,Winter,Adult,South,53,No,2024,10
2024-10-23 03:52:20.361696808,P026,XL,S07,Spring,Adult,East,48,Yes,2024,10
2024-10-23 06:03:45.018751560,P016,XXL,S09,Summer,Adult,East,36,No,2024,10
2024-10-23 08:15:09.675806312,P012,M,S10,Autumn,Senior,West,66,No,2024,10
2024-10-23 10:26:34.332861072,P008,S,S07,Autumn,Teen,East,31,No,2024,10
2024-10-23 12:37:58.989915824,P024,S,S01,Winter,Senior,South,41,No,2024,10
2024-10-23 14:49:23.646970576,P029,L,S01,Winter,Teen,South,67,No,2024,10
2024-10-23 17:00:48.304025336,P029,L,S12,Winter,Young Adult,West,70,No,2024,10
2024-10-23 19:12:12.961080088,P017,XL,S01,Spring,Young Adult,South,54,Yes,2024,10
2024-10-23 21:23:37.618134840,P007,L,S08,Winter,Adult,East,70,No,2024,10
2024-10-23 23:35:02.275189600,P011,M,S07,Spring,Adult,East,64,No,2024,10
2024-10-24 01:46:26.932244352,P018,L,S03,Summer,Adult,South,60,No,2024,10
2024-10-24 03:57:51.589299104,P001,L,S03,Autumn,Senior,South,57,No,2024,10
2024-10-24 06:09:16.246353864,P003,L,S12,Summer,Adult,West,66,No,2024,10
2024-10-24 08:20:40.903408616,P004,M,S03,Autumn,Teen,South,68,No,2024,10
2024-10-24 10:32:05.560463368,P013,L,S02,Winter,Young Adult,South,69,No,2024,10
2024-10-24 12:43:30.217518120,P006,L,S04,Summer,Young Adult,North,58,No,2024,10
2024-10-24 14:54:54.874572880,P026,L,S07,Summer,Young Adult,East,61,No,2024,10
2024-10-24 17:06:19.531627632,P014,L,S09,Winter,Teen,East,55,No,2024,10
2024-10-24 19:17:44.188682384,P005,L,S03,Summer,Adult,South,64,No,2024,10
2024-10-24 21:29:08.845737144,P016,L,S10,Spring,Teen,West,59,Yes,2024,10
2024-10-24 23:40:33.502791896,P015,L,S07,Autumn,Teen,East,51,No,2024,10
2024-10-25 01:51:58.159846648,P015,L,S12,Winter,Senior,West,54,No,2024,10
2024-10-25 04:03:22.816901408,P030,M,S04,Spring,Senior,North,59,Yes,2024,10
2024-10-25 06:14:47.473956160,P004,M,S01,Spring,Young Adult,South,78,No,2024,10
2024-10-25 08:26:12.131010912,P008,S,S05,Winter,Teen,North,40,No,2024,10
2024-10-25 10:37:36.788065672,P027,L,S08,Summer,Young Adult,East,64,No,2024,10
2024-10-25 12:49:01.445120424,P016,L,S03,Autumn,Teen,South,61,Yes,2024,10
2024-10-25 15:00:26.102175176,P028,XXL,S10,Spring,Young Adult,West,39,No,2024,10
2024-10-25 17:11:50.759229936,P016,M,S04,Summer,Young Adult,North,75,No,2024,10
2024-10-25 19:23:15.416284688,P030,M,S03,Winter,Adult,South,72,No,2024,10
2024-10-25 21:34:40.073339440,P004,M,S10,Winter,Young Adult,West,77,No,2024,10
2024-10-25 23:46:04.730394200,P013,S,S08,Autumn,Senior,East,34,No,2024,10
2024-10-26 01:57:29.387448952,P026,L,S10,Winter,Teen,West,54,No,2024,10
2024-10-26 04:08:54.044503704,P028,M,S08,Autumn,Young Adult,East,70,No,2024,10
2024-10-26 06:20:18.701558464,P013,L,S04,Winter,Teen,North,61,No,2024,10
2024-10-26 08:31:43.358613216,P002,L,S11,Winter,Young Adult,West,64,Yes,2024,10
2024-10-26 10:43:08.015667968,P003,M,S02,Spring,Senior,South,65,No,2024,10
2024-10-26 12:54:32.672722728,P022,XL,S12,Summer,Adult,West,62,No,2024,10
2024-10-26 15:05:57.329777480,P008,M,S03,Spring,Adult,South,64,No,2024,10
2024-10-26 17:17:21.986832232,P024,M,S03,Autumn,Teen,South,59,No,2024,10
2024-10-26 19:28:46.643886984,P015,XL,S04,Spring,Young Adult,North,47,No,2024,10
2024-10-26 21:40:11.300941744,P011,XL,S11,Winter,Senior,West,49,No,2024,10
2024-10-26 23:51:35.957996496,P009,M,S02,Winter,Teen,South,69,No,2024,10
2024-10-27 02:03:00.615051248,P007,S,S02,Summer,Adult,South,58,Yes,2024,10
2024-10-27 04:14:25.272106008,P013,S,S03,Autumn,Teen,South,34,No,2024,10
2024-10-27 06:25:49.929160760,P002,M,S12,Winter,Teen,West,78,No,2024,10
2024-10-27 08:37:14.586215512,P008,XXL,S01,Summer,Young Adult,South,42,No,2024,10
2024-10-27 10:48:39.243270272,P007,L,S08,Summer,Senior,East,65,No,2024,10
2024-10-27 13:00:03.900325024,P024,M,S06,Winter,Adult,North,69,No,2024,10
2024-10-27 15:11:28.557379776,P012,XL,S03,Winter,Adult,South,51,No,2024,10
2024-10-27 17:22:53.214434536,P019,M,S01,Autumn,Senior,South,64,No,2024,10
2024-10-27 19:34:17.871489288,P007,M,S03,Summer,Young Adult,South,72,No,2024,10
2024-10-27 21:45:42.528544040,P010,XL,S01,Summer,Senior,South,58,Yes,2024,10
2024-10-27 23:57:07.185598800,P029,XL,S03,Summer,Senior,South,52,No,2024,10
2024-10-28 02:08:31.842653552,P025,XL,S04,Autumn,Young Adult,North,48,No,2024,10
2024-10-28 04:19:56.499708304,P016,L,S06,Summer,Young Adult,North,70,No,2024,10
2024-10-28 06:31:21.156763064,P003,L,S07,Spring,Adult,East,54,No,2024,10
2024-10-28 08:42:45.813817816,P030,M,S07,Spring,Adult,East,58,No,2024,10
2024-10-28 10:54:10.470872568,P010,L,S09,Summer,Young Adult,East,73,No,2024,10
2024-10-28 13:05:35.127927328,P006,XXL,S08,Spring,Teen,East,38,No,2024,10
2024-10-28 15:16:59.784982080,P018,M,S04,Spring,Adult,North,62,No,2024,10
2024-10-28 17:28:24.442036832,P018,L,S06,Autumn,Young Adult,North,51,No,2024,10
2024-10-28 19:39:49.099091592,P005,M,S11,Summer,Young Adult,West,63,No,2024,10
2024-10-28 21:51:13.756146344,P021,S,S01,Autumn,Teen,South,39,No,2024,10
2024-10-29 00:02:38.413201096,P029,L,S08,Summer,Senior,East,53,No,2024,10
2024-10-29 02:14:03.070255848,P007,M,S06,Winter,Young Adult,North,69,No,2024,10
2024-10-29 04:25:27.727310608,P028,L,S02,Spring,Teen,South,58,No,2024,10
2024-10-29 06:36:52.384365360,P002,S,S08,Autumn,Teen,East,37,No,2024,10
2024-10-29 08:48:17.041420112,P011,XL,S04,Autumn,Adult,North,47,No,2024,10
2024-10-29 10:59:41.698474872,P030,M,S09,Winter,Young Adult,East,68,No,2024,10
2024-10-29 13:11:06.355529624,P013,M,S04,Winter,Adult,North,66,No,2024,10
2024-10-29 15:22:31.012584376,P023,S,S01,Spring,Senior,South,35,No,2024,10
2024-10-29 17:33:55.669639136,P005,XL,S07,Spring,Senior,East,40,No,2024,10
2024-10-29 19:45:20.326693888,P030,L,S10,Summer,Adult,West,67,No,2024,10
2024-10-29 21:56:44.983748640,P006,L,S05,Summer,Adult,North,59,No,2024,10
2024-10-30 00:08:09.640803400,P024,M,S10,Winter,Young Adult,West,74,No,2024,10
2024-10-30 02:19:34.297858152,P026,M,S11,Spring,Young Adult,West,66,No,2024,10
2024-10-30 04:30:58.954912904,P029,S,S12,Spring,Young Adult,West,53,No,2024,10
2024-10-30 06:42:23.611967664,P014,L,S05,Winter,Senior,North,65,No,2024,10
2024-10-30 08:53:48.269022416,P012,M,S04,Winter,Adult,North,64,No,2024,10
2024-10-30 11:05:12.926077168,P004,XXL,S06,Autumn,Teen,North,41,No,2024,10
2024-10-30 13:16:37.583131928,P029,L,S01,Winter,Adult,South,72,No,2024,10
2024-10-30 15:28:02.240186680,P023,M,S03,Autumn,Teen,South,55,No,2024,10
2024-10-30 17:39:26.897241432,P006,M,S11,Summer,Young Adult,West,68,No,2024,10
2024-10-30 19:50:51.554296192,P010,L,S12,Winter,Young Adult,West,72,No,2024,10
2024-10-30 22:02:16.211350944,P018,S,S07,Winter,Adult,East,43,No,2024,10
2024-10-31 00:13:40.868405696,P015,M,S11,Winter,Teen,West,65,Yes,2024,10
2024-10-31 02:25:05.525460456,P008,M,S08,Autumn,Senior,East,61,No,2024,10
2024-10-31 04:36:30.182515208,P026,L,S12,Winter,Young Adult,West,69,No,2024,10
2024-10-31 06:47:54.839569960,P009,L,S09,Winter,Young Adult,East,70,No,2024,10
2024-10-31 08:59:19.496624712,P005,M,S01,Spring,Adult,South,62,No,2024,10
2024-10-31 11:10:44.153679472,P010,S,S04,Spring,Adult,North,50,No,2024,10
2024-10-31 13:22:08.810734224,P020,M,S02,Spring,Senior,South,66,No,2024,10
2024-10-31 15:33:33.467788976,P006,L,S02,Winter,Adult,South,72,No,2024,10
2024-10-31 17:44:58.124843736,P016,M,S01,Spring,Senior,South,61,No,2024,10
2024-10-31 19:56:22.781898488,P024,M,S05,Summer,Teen,North,67,No,2024,10
2024-10-31 22:07:47.438953240,P027,XL,S02,Spring,Senior,South,57,No,2024,10
2024-11-01 00:19:12.096008000,P003,XXL,S04,Winter,Teen,North,36,No,2024,11
2024-11-01 02:30:36.753062752,P010,XXL,S09,Spring,Young Adult,East,48,No,2024,11
2024-11-01 04:42:01.410117504,P011,XL,S11,Spring,Adult,West,54,No,2024,11
2024-11-01 06:53:26.067172264,P011,M,S03,Spring,Young Adult,South,75,No,2024,11
2024-11-01 09:04:50.724227016,P017,M,S08,Summer,Senior,East,63,No,2024,11
2024-11-01 11:16:15.381281768,P004,M,S10,Summer,Senior,West,60,No,2024,11
2024-11-01 13:27:40.038336528,P004,M,S06,Autumn,Senior,North,57,No,2024,11
2024-11-01 15:39:04.695391280,P017,XXL,S10,Winter,Teen,West,47,No,2024,11
2024-11-01 17:50:29.352446032,P009,L,S05,Summer,Young Adult,North,61,No,2024,11
2024-11-01 20:01:54.009500792,P019,L,S02,Summer,Young Adult,South,70,No,2024,11
2024-11-01 22:13:18.666555544,P005,M,S11,Summer,Senior,West,61,No,2024,11
2024-11-02 00:24:43.323610296,P022,XL,S03,Winter,Adult,South,63,No,2024,11
2024-11-02 02:36:07.980665056,P024,XL,S08,Autumn,Young Adult,East,53,No,2024,11
2024-11-02 04:47:32.637719808,P006,M,S12,Winter,Adult,West,66,No,2024,11
2024-11-02 06:58:57.294774560,P003,XL,S12,Spring,Young Adult,West,48,No,2024,11
2024-11-02 09:10:21.951829320,P022,M,S09,Autumn,Senior,East,65,No,2024,11
2024-11-02 11:21:46.608884072,P001,S,S11,Spring,Senior,West,48,No,2024,11
2024-11-02 13:33:11.265938824,P020,L,S11,Summer,Young Adult,West,66,No,2024,11
2024-11-02 15:44:35.922993584,P022,L,S07,Winter,Teen,East,64,No,2024,11
2024-11-02 17:56:00.580048336,P016,S,S01,Spring,Teen,South,41,No,2024,11
2024-11-02 20:07:25.237103088,P023,M,S12,Autumn,Young Adult,West,63,No,2024,11
2024-11-02 22:18:49.894157840,P011,XXL,S12,Spring,Senior,West,36,No,2024,11
2024-11-03 00:30:14.551212600,P013,L,S06,Spring,Young Adult,North,64,Yes,2024,11
2024-11-03 02:41:39.208267352,P027,L,S07,Summer,Adult,East,61,Yes,2024,11
2024-11-03 04:53:03.865322104,P010,M,S12,Spring,Senior,West,61,No,2024,11
2024-11-03 07:04:28.522376864,P003,S,S06,Spring,Teen,North,33,No,2024,11
2024-11-03 09:15:53.179431616,P009,M,S10,Summer,Teen,West,61,No,2024,11
2024-11-03 11:27:17.836486368,P028,M,S11,Autumn,Young Adult,West,64,No,2024,11
2024-11-03 13:38:42.493541128,P012,M,S02,Summer,Adult,South,72,No,2024,11
2024-11-03 15:50:07.150595880,P023,M,S09,Spring,Senior,East,54,Yes,2024,11
2024-11-03 18:01:31.807650632,P014,L,S03,Winter,Teen,South,64,No,2024,11
2024-11-03 20:12:56.464705392,P001,M,S06,Summer,Young Adult,North,77,No,2024,11
2024-11-03 22:24:21.121760144,P018,XL,S06,Summer,Young Adult,North,49,Yes,2024,11
2024-11-04 00:35:45.778814896,P017,M,S08,Spring,Senior,East,56,No,2024,11
2024-11-04 02:47:10.435869656,P027,M,S04,Winter,Young Adult,North,67,No,2024,11
2024-11-04 04:58:35.092924408,P009,S,S06,Autumn,Young Adult,North,49,No,2024,11
2024-11-04 07:09:59.749979160,P009,M,S01,Winter,Young Adult,South,73,No,2024,11
2024-11-04 09:21:24.407033920,P023,S,S09,Summer,Teen,East,32,No,2024,11
2024-11-04 11:32:49.064088672,P010,XXL,S12,Winter,Teen,West,49,No,2024,11
2024-11-04 13:44:13.721143424,P019,L,S09,Autumn,Adult,East,49,No,2024,11
2024-11-04 15:55:38.378198184,P029,M,S07,Winter,Senior,East,69,No,2024,11
2024-11-04 18:07:03.035252936,P015,S,S11,Winter,Senior,West,41,No,2024,11
2024-11-04 20:18:27.692307688,P005,L,S01,Winter,Senior,South,57,No,2024,11
2024-11-04 22:29:52.349362448,P015,L,S03,Summer,Senior,South,59,No,2024,11
2024-11-05 00:41:17.006417200,P020,M,S12,Spring,Young Adult,West,65,No,2024,11
2024-11-05 02:52:41.663471952,P023,L,S05,Spring,Senior,North,54,No,2024,11
2024-11-05 05:04:06.320526704,P030,XL,S04,Winter,Adult,North,46,No,2024,11
2024-11-05 07:15:30.977581464,P025,L,S05,Summer,Senior,North,57,No,2024,11
2024-11-05 09:26:55.634636216,P028,XL,S07,Summer,Senior,East,42,No,2024,11
2024-11-05 11:38:20.291690968,P002,XL,S09,Summer,Young Adult,East,51,No,2024,11
2024-11-05 13:49:44.948745728,P013,XL,S01,Spring,Young Adult,South,53,No,2024,11
2024-11-05 16:01:09.605800480,P024,M,S05,Summer,Young Adult,North,65,No,2024,11
2024-11-05 18:12:34.262855232,P016,L,S03,Winter,Adult,South,72,No,2024,11
2024-11-05 20:23:58.919909992,P015,L,S03,Spring,Young Adult,South,61,No,2024,11
2024-11-05 22:35:23.576964744,P025,L,S11,Summer,Senior,West,58,No,2024,11
2024-11-06 00:46:48.234019496,P010,XXL,S02,Winter,Adult,South,50,No,2024,11
2024-11-06 02:58:12.891074256,P014,S,S06,Spring,Teen,North,47,No,2024,11
2024-11-06 05:09:37.548129008,P010,M,S06,Summer,Young Adult,North,77,No,2024,11
2024-11-06 07:21:02.205183760,P025,M,S03,Autumn,Adult,South,62,No,2024,11
2024-11-06 09:32:26.862238520,P014,M,S01,Winter,Teen,South,75,No,2024,11
2024-11-06 11:43:51.519293272,P026,M,S07,Autumn,Young Adult,East,62,No,2024,11
2024-11-06 13:55:16.176348024,P030,L,S02,Spring,Teen,South,64,No,2024,11
2024-11-06 16:06:40.833402784,P023,S,S08,Summer,Young Adult,East,45,No,2024,11
2024-11-06 18:18:05.490457536,P009,L,S03,Winter,Adult,South,63,No,2024,11
2024-11-06 20:29:30.147512288,P025,L,S01,Winter,Young Adult,South,60,No,2024,11
2024-11-06 22:40:54.804567048,P014,M,S10,Winter,Young Adult,West,75,No,2024,11
2024-11-07 00:52:19.461621800,P003,M,S09,Autumn,Adult,East,55,No,2024,11
2024-11-07 03:03:44.118676552,P020,L,S05,Summer,Adult,North,50,No,2024,11
2024-11-07 05:15:08.775731312,P016,L,S01,Summer,Senior,South,57,No,2024,11
2024-11-07 07:26:33.432786064,P002,XL,S10,Summer,Senior,West,54,No,2024,11
2024-11-07 09:37:58.089840816,P010,XL,S11,Autumn,Adult,West,48,No,2024,11
2024-11-07 11:49:22.746895568,P003,XXL,S06,Spring,Young Adult,North,34,No,2024,11
2024-11-07 14:00:47.403950328,P011,L,S10,Autumn,Teen,West,55,No,2024,11
2024-11-07 16:12:12.061005080,P011,XL,S03,Spring,Adult,South,54,No,2024,11
2024-11-07 18:23:36.718059832,P021,XL,S11,Autumn,Teen,West,37,Yes,2024,11
2024-11-07 20:35:01.375114592,P021,XL,S04,Summer,Senior,North,38,No,2024,11
2024-11-07 22:46:26.032169344,P022,S,S08,Summer,Senior,East,38,No,2024,11
2024-11-08 00:57:50.689224096,P013,XXL,S05,Summer,Adult,North,31,No,2024,11
2024-11-08 03:09:15.346278856,P007,M,S12,Autumn,Adult,West,67,No,2024,11
2024-11-08 05:20:40.003333608,P023,L,S06,Winter,Young Adult,North,63,No,2024,11
2024-11-08 07:32:04.660388360,P017,S,S10,Autumn,Senior,West,42,No,2024,11
2024-11-08 09:43:29.317443120,P030,M,S04,Spring,Senior,North,57,No,2024,11
2024-11-08 11:54:53.974497872,P002,M,S06,Autumn,Adult,North,70,No,2024,11
2024-11-08 14:06:18.631552624,P012,M,S03,Spring,Teen,South,58,Yes,2024,11
2024-11-08 16:17:43.288607384,P025,S,S10,Autumn,Young Adult,West,45,No,2024,11
2024-11-08 18:29:07.945662136,P010,XL,S12,Winter,Adult,West,53,No,2024,11
2024-11-08 20:40:32.602716888,P018,S,S01,Winter,Teen,South,53,No,2024,11
2024-11-08 22:51:57.259771648,P022,M,S06,Summer,Young Adult,North,75,No,2024,11
2024-11-09 01:03:21.916826400,P027,M,S01,Winter,Teen,South,69,No,2024,11
2024-11-09 03:14:46.573881152,P011,L,S10,Autumn,Young Adult,West,58,No,2024,11
2024-11-09 05:26:11.230935912,P016,M,S12,Winter,Young Adult,West,68,No,2024,11
2024-11-09 07:37:35.887990664,P017,M,S03,Summer,Young Adult,South,70,No,2024,11
2024-11-09 09:49:00.545045416,P019,M,S12,Autumn,Senior,West,53,No,2024,11
2024-11-09 12:00:25.202100176,P018,L,S08,Spring,Adult,East,59,No,2024,11
2024-11-09 14:11:49.859154928,P003,S,S07,Autumn,Senior,East,33,No,2024,11
2024-11-09 16:23:14.516209680,P021,M,S08,Summer,Senior,East,61,No,2024,11
2024-11-09 18:34:39.173264432,P027,M,S10,Winter,Young Adult,West,81,No,2024,11
2024-11-09 20:46:03.830319192,P026,XXL,S10,Winter,Adult,West,36,No,2024,11
2024-11-09 22:57:28.487373944,P016,M,S02,Autumn,Adult,South,62,No,2024,11
2024-11-10 01:08:53.144428696,P006,L,S10,Spring,Adult,West,58,No,2024,11
2024-11-10 03:20:17.801483456,P025,M,S07,Spring,Adult,East,56,No,2024,11
2024-11-10 05:31:42.458538208,P012,M,S04,Spring,Young Adult,North,72,No,2024,11
2024-11-10 07:43:07.115592960,P011,S,S01,Spring,Adult,South,45,No,2024,11
2024-11-10 09:54:31.772647720,P015,S,S11,Autumn,Teen,West,45,No,2024,11
2024-11-10 12:05:56.429702472,P015,M,S03,Winter,Teen,South,67,No,2024,11
2024-11-10 14:17:21.086757224,P016,M,S05,Spring,Senior,North,62,No,2024,11
2024-11-10 16:28:45.743811984,P010,S,S10,Autumn,Young Adult,West,48,No,2024,11
2024-11-10 18:40:10.400866736,P012,L,S08,Autumn,Senior,East,48,No,2024,11
2024-11-10 20:51:35.057921488,P028,XXL,S02,Autumn,Senior,South,39,No,2024,11
2024-11-10 23:02:59.714976248,P013,M,S02,Spring,Adult,South,66,No,2024,11
2024-11-11 01:14:24.372031000,P004,L,S08,Spring,Teen,East,54,No,2024,11
2024-11-11 03:25:49.029085752,P007,XXL,S09,Autumn,Teen,East,38,No,2024,11
2024-11-11 05:37:13.686140512,P022,XL,S10,Autumn,Adult,West,58,Yes,2024,11
2024-11-11 07:48:38.343195264,P002,M,S01,Autumn,Adult,South,65,No,2024,11
2024-11-11 10:00:03.000250016,P026,L,S02,Winter,Young Adult,South,70,No,2024,11
2024-11-11 12:11:27.657304776,P027,S,S04,Winter,Teen,North,42,No,2024,11
2024-11-11 14:22:52.314359528,P027,L,S12,Summer,Senior,West,63,No,2024,11
2024-11-11 16:34:16.971414280,P027,M,S03,Summer,Senior,South,71,No,2024,11
2024-11-11 18:45:41.628469040,P015,M,S01,Spring,Young Adult,South,61,No,2024,11
2024-11-11 20:57:06.285523792,P008,M,S04,Winter,Teen,North,61,No,2024,11
2024-11-11 23:08:30.942578544,P007,S,S11,Summer,Adult,West,45,No,2024,11
2024-11-12 01:19:55.599633296,P015,L,S11,Autumn,Senior,West,50,No,2024,11
2024-11-12 03:31:20.256688056,P023,M,S02,Autumn,Teen,South,53,No,2024,11
2024-11-12 05:42:44.913742808,P014,L,S10,Spring,Teen,West,53,No,2024,11
2024-11-12 07:54:09.570797560,P008,S,S05,Spring,Teen,North,41,No,2024,11
2024-11-12 10:05:34.227852320,P028,S,S01,Summer,Adult,South,48,No,2024,11
2024-11-12 12:16:58.884907072,P012,L,S08,Autumn,Senior,East,55,No,2024,11
2024-11-12 14:28:23.541961824,P013,XXL,S10,Spring,Adult,West,37,No,2024,11
2024-11-12 16:39:48.199016584,P030,S,S02,Spring,Teen,South,42,No,2024,11
2024-11-12 18:51:12.856071336,P011,M,S11,Winter,Teen,West,72,No,2024,11
2024-11-12 21:02:37.513126088,P017,XL,S03,Summer,Senior,South,60,Yes,2024,11
2024-11-12 23:14:02.170180848,P029,S,S03,Spring,Senior,South,52,No,2024,11
2024-11-13 01:25:26.827235600,P017,XL,S04,Summer,Adult,North,48,No,2024,11
2024-11-13 03:36:51.484290352,P024,L,S07,Autumn,Adult,East,56,No,2024,11
2024-11-13 05:48:16.141345112,P004,M,S09,Summer,Adult,East,73,No,2024,11
2024-11-13 07:59:40.798399864,P021,M,S03,Spring,Teen,South,56,No,2024,11
2024-11-13 10:11:05.455454616,P008,M,S01,Winter,Senior,South,59,No,2024,11
2024-11-13 12:22:30.112509376,P005,M,S11,Summer,Young Adult,West,61,No,2024,11
2024-11-13 14:33:54.769564128,P026,XL,S10,Summer,Senior,West,47,No,2024,11
2024-11-13 16:45:19.426618880,P016,L,S01,Autumn,Senior,South,53,No,2024,11
2024-11-13 18:56:44.083673640,P004,L,S12,Winter,Senior,West,67,No,2024,11
2024-11-13 21:08:08.740728392,P028,L,S11,Summer,Young Adult,West,58,No,2024,11
2024-11-13 23:19:33.397783144,P022,M,S06,Winter,Adult,North,77,No,2024,11
2024-11-14 01:30:58.054837904,P029,L,S05,Spring,Young Adult,North,67,No,2024,11
2024-11-14 03:42:22.711892656,P015,M,S10,Winter,Senior,West,69,No,2024,11
2024-11-14 05:53:47.368947408,P012,L,S07,Spring,Senior,East,59,No,2024,11
2024-11-14 08:05:12.026002160,P005,M,S07,Autumn,Teen,East,58,No,2024,11
2024-11-14 10:16:36.683056920,P030,L,S03,Autumn,Senior,South,51,No,2024,11
2024-11-14 12:28:01.340111672,P023,XL,S07,Autumn,Young Adult,East,43,No,2024,11
2024-11-14 14:39:25.997166424,P016,M,S09,Spring,Young Adult,East,70,No,2024,11
2024-11-14 16:50:50.654221184,P014,S,S08,Summer,Young Adult,East,47,No,2024,11
2024-11-14 19:02:15.311275936,P010,L,S03,Spring,Adult,South,69,No,2024,11
2024-11-14 21:13:39.968330688,P007,M,S10,Winter,Teen,West,65,No,2024,11
2024-11-14 23:25:04.625385448,P013,L,S05,Winter,Adult,North,55,No,2024,11
2024-11-15 01:36:29.282440200,P020,XXL,S08,Spring,Young Adult,East,26,No,2024,11
2024-11-15 03:47:53.939494952,P028,M,S02,Autumn,Adult,South,64,No,2024,11
2024-11-15 05:59:18.596549712,P029,M,S07,Autumn,Teen,East,60,No,2024,11
2024-11-15 08:10:43.253604464,P005,L,S11,Winter,Teen,West,62,No,2024,11
2024-11-15 10:22:07.910659216,P029,S,S10,Winter,Teen,West,56,No,2024,11
2024-11-15 12:33:32.567713976,P003,M,S10,Summer,Teen,West,62,No,2024,11
2024-11-15 14:44:57.224768728,P015,XL,S07,Summer,Young Adult,East,46,No,2024,11
2024-11-15 16:56:21.881823480,P004,L,S11,Summer,Senior,West,56,No,2024,11
2024-11-15 19:07:46.538878240,P015,S,S12,Winter,Young Adult,West,50,No,2024,11
2024-11-15 21:19:11.195932992,P014,M,S08,Summer,Young Adult,East,64,No,2024,11
2024-11-15 23:30:35.852987744,P020,L,S01,Winter,Young Adult,South,61,No,2024,11
2024-11-16 01:42:00.510042504,P019,L,S08,Winter,Young Adult,East,61,No,2024,11
2024-11-16 03:53:25.167097256,P013,XL,S01,Spring,Adult,South,55,No,2024,11
2024-11-16 06:04:49.824152008,P010,M,S03,Summer,Teen,South,75,No,2024,11
2024-11-16 08:16:14.481206768,P021,XL,S09,Spring,Senior,East,33,No,2024,11
2024-11-16 10:27:39.138261520,P005,L,S04,Spring,Senior,North,55,No,2024,11
2024-11-16 12:39:03.795316272,P027,L,S10,Summer,Senior,West,59,No,2024,11
2024-11-16 14:50:28.452371032,P023,L,S09,Winter,Young Adult,East,62,No,2024,11
2024-11-16 17:01:53.109425784,P020,S,S01,Winter,Teen,South,43,No,2024,11
2024-11-16 19:13:17.766480536,P029,XXL,S08,Winter,Teen,East,33,No,2024,11
2024-11-16 21:24:42.423535288,P020,S,S03,Summer,Senior,South,36,No,2024,11
2024-11-16 23:36:07.080590048,P025,M,S11,Winter,Senior,West,65,No,2024,11
2024-11-17 01:47:31.737644800,P006,XL,S07,Spring,Young Adult,East,49,No,2024,11
2024-11-17 03:58:56.394699552,P004,L,S02,Autumn,Senior,South,63,No,2024,11
2024-11-17 06:10:21.051754312,P002,XL,S07,Summer,Young Adult,East,61,No,2024,11
2024-11-17 08:21:45.708809064,P022,L,S07,Autumn,Senior,East,56,No,2024,11
2024-11-17 10:33:10.365863816,P016,M,S09,Spring,Teen,East,56,No,2024,11
2024-11-17 12:44:35.022918576,P018,XL,S02,Autumn,Teen,South,43,No,2024,11
2024-11-17 14:55:59.679973328,P005,S,S08,Spring,Teen,East,39,No,2024,11
2024-11-17 17:07:24.337028080,P022,XL,S05,Autumn,Adult,North,45,No,2024,11
2024-11-17 19:18:48.994082840,P004,M,S10,Autumn,Senior,West,66,No,2024,11
2024-11-17 21:30:13.651137592,P030,XL,S09,Winter,Adult,East,47,No,2024,11
2024-11-17 23:41:38.308192344,P013,S,S08,Autumn,Teen,East,39,No,2024,11
2024-11-18 01:53:02.965247104,P019,L,S03,Spring,Senior,South,48,No,2024,11
2024-11-18 04:04:27.622301856,P023,XL,S03,Spring,Adult,South,52,No,2024,11
2024-11-18 06:15:52.279356608,P002,M,S11,Spring,Teen,West,61,No,2024,11
2024-11-18 08:27:16.936411368,P013,L,S12,Summer,Teen,West,65,No,2024,11
2024-11-18 10:38:41.593466120,P011,XL,S10,Spring,Senior,West,40,No,2024,11
2024-11-18 12:50:06.250520872,P030,L,S08,Summer,Senior,East,62,No,2024,11
2024-11-18 15:01:30.907575632,P022,XL,S09,Spring,Young Adult,East,51,No,2024,11
2024-11-18 17:12:55.564630384,P029,M,S02,Summer,Senior,South,62,No,2024,11
2024-11-18 19:24:20.221685136,P004,M,S03,Autumn,Teen,South,62,No,2024,11
2024-11-18 21:35:44.878739896,P022,S,S08,Autumn,Young Adult,East,39,No,2024,11
2024-11-18 23:47:09.535794648,P020,M,S02,Spring,Young Adult,South,62,No,2024,11
2024-11-19 01:58:34.192849400,P020,S,S08,Summer,Senior,East,44,No,2024,11
2024-11-19 04:09:58.849904152,P015,L,S05,Winter,Teen,North,52,No,2024,11
2024-11-19 06:21:23.506958912,P004,M,S06,Winter,Adult,North,78,No,2024,11
2024-11-19 08:32:48.164013664,P009,S,S10,Winter,Teen,West,49,No,2024,11
2024-11-19 10:44:12.821068416,P007,S,S12,Autumn,Teen,West,52,No,2024,11
2024-11-19 12:55:37.478123176,P019,XL,S04,Autumn,Senior,North,44,No,2024,11
2024-11-19 15:07:02.135177928,P019,L,S03,Summer,Adult,South,54,No,2024,11
2024-11-19 17:18:26.792232680,P006,M,S08,Spring,Young Adult,East,66,No,2024,11
2024-11-19 19:29:51.449287440,P006,XL,S09,Autumn,Adult,East,38,No,2024,11
2024-11-19 21:41:16.106342192,P020,S,S08,Spring,Senior,East,35,No,2024,11
2024-11-19 23:52:40.763396944,P015,XXL,S09,Winter,Teen,East,29,No,2024,11
2024-11-20 02:04:05.420451704,P015,L,S01,Winter,Teen,South,63,No,2024,11
2024-11-20 04:15:30.077506456,P025,M,S05,Spring,Adult,North,62,No,2024,11
2024-11-20 06:26:54.734561208,P020,L,S12,Summer,Adult,West,61,No,2024,11
2024-11-20 08:38:19.391615968,P009,L,S07,Winter,Senior,East,55,No,2024,11
2024-11-20 10:49:44.048670720,P004,M,S08,Summer,Adult,East,62,No,2024,11
2024-11-20 13:01:08.705725472,P018,XL,S11,Winter,Senior,West,56,No,2024,11
2024-11-20 15:12:33.362780232,P018,M,S02,Autumn,Young Adult,South,72,No,2024,11
2024-11-20 17:23:58.019834984,P005,M,S12,Winter,Adult,West,69,No,2024,11
2024-11-20 19:35:22.676889736,P020,S,S11,Summer,Teen,West,41,No,2024,11
2024-11-20 21:46:47.333944496,P023,M,S04,Autumn,Adult,North,57,No,2024,11
2024-11-20 23:58:11.990999248,P030,M,S07,Winter,Teen,East,60,No,2024,11
2024-11-21 02:09:36.648054000,P011,XL,S05,Autumn,Young Adult,North,47,No,2024,11
2024-11-21 04:21:01.305108760,P005,S,S01,Autumn,Young Adult,South,40,No,2024,11
2024-11-21 06:32:25.962163512,P022,M,S02,Winter,Adult,South,67,No,2024,11
2024-11-21 08:43:50.619218264,P026,L,S05,Spring,Senior,North,42,No,2024,11
2024-11-21 10:55:15.276273016,P004,XL,S06,Spring,Teen,North,41,Yes,2024,11
2024-11-21 13:06:39.933327776,P029,XXL,S01,Summer,Young Adult,South,46,No,2024,11
2024-11-21 15:18:04.590382528,P012,L,S12,Summer,Adult,West,58,No,2024,11
2024-11-21 17:29:29.247437280,P002,XXL,S03,Winter,Young Adult,South,50,No,2024,11
2024-11-21 19:40:53.904492040,P013,L,S06,Autumn,Adult,North,50,No,2024,11
2024-11-21 21:52:18.561546792,P010,XXL,S06,Autumn,Teen,North,38,No,2024,11
2024-11-22 00:03:43.218601544,P009,L,S07,Spring,Adult,East,53,No,2024,11
2024-11-22 02:15:07.875656304,P010,S,S10,Spring,Teen,West,50,No,2024,11
2024-11-22 04:26:32.532711056,P007,M,S12,Autumn,Young Adult,West,70,No,2024,11
2024-11-22 06:37:57.189765808,P004,L,S03,Autumn,Teen,South,55,No,2024,11
2024-11-22 08:49:21.846820568,P019,M,S01,Summer,Teen,South,63,No,2024,11
2024-11-22 11:00:46.503875320,P010,M,S07,Autumn,Senior,East,65,No,2024,11
2024-11-22 13:12:11.160930072,P030,L,S12,Autumn,Young Adult,West,58,No,2024,11
2024-11-22 15:23:35.817984832,P003,XL,S11,Winter,Teen,West,48,No,2024,11
2024-11-22 17:35:00.475039584,P025,S,S03,Autumn,Senior,South,41,No,2024,11
2024-11-22 19:46:25.132094336,P021,L,S05,Spring,Senior,North,45,No,2024,11
2024-11-22 21:57:49.789149096,P029,L,S04,Spring,Teen,North,63,No,2024,11
2024-11-23 00:09:14.446203848,P019,XXL,S12,Summer,Adult,West,36,No,2024,11
2024-11-23 02:20:39.103258600,P021,XL,S01,Summer,Teen,South,51,No,2024,11
2024-11-23 04:32:03.760313360,P002,L,S12,Winter,Adult,West,70,No,2024,11
2024-11-23 06:43:28.417368112,P027,L,S07,Summer,Teen,East,54,No,2024,11
2024-11-23 08:54:53.074422864,P020,M,S04,Autumn,Young Adult,North,62,No,2024,11
2024-11-23 11:06:17.731477624,P010,L,S01,Autumn,Senior,South,64,No,2024,11
2024-11-23 13:17:42.388532376,P002,L,S11,Winter,Teen,West,66,Yes,2024,11
2024-11-23 15:29:07.045587128,P002,XL,S06,Spring,Teen,North,55,No,2024,11
2024-11-23 17:40:31.702641880,P028,L,S04,Autumn,Teen,North,57,No,2024,11
2024-11-23 19:51:56.359696640,P024,M,S04,Autumn,Adult,North,64,No,2024,11
2024-11-23 22:03:21.016751392,P017,L,S02,Winter,Young Adult,South,74,No,2024,11
2024-11-24 00:14:45.673806144,P016,M,S01,Spring,Young Adult,South,67,No,2024,11
2024-11-24 02:26:10.330860904,P016,S,S03,Summer,Teen,South,45,No,2024,11
2024-11-24 04:37:34.987915656,P014,M,S10,Autumn,Senior,West,64,Yes,2024,11
2024-11-24 06:48:59.644970408,P007,S,S05,Spring,Senior,North,42,No,2024,11
2024-11-24 09:00:24.302025168,P021,XL,S12,Winter,Teen,West,43,No,2024,11
2024-11-24 11:11:48.959079920,P011,M,S09,Winter,Adult,East,67,No,2024,11
2024-11-24 13:23:13.616134672,P024,M,S07,Spring,Senior,East,65,No,2024,11
2024-11-24 15:34:38.273189432,P001,XXL,S04,Winter,Young Adult,North,49,No,2024,11
2024-11-24 17:46:02.930244184,P011,M,S08,Summer,Senior,East,55,No,2024,11
2024-11-24 19:57:27.587298936,P023,S,S12,Spring,Senior,West,42,No,2024,11
2024-11-24 22:08:52.244353696,P021,M,S04,Summer,Teen,North,65,No,2024,11
2024-11-25 00:20:16.901408448,P004,S,S06,Winter,Senior,North,46,No,2024,11
2024-11-25 02:31:41.558463200,P007,S,S12,Summer,Teen,West,53,No,2024,11
2024-11-25 04:43:06.215517960,P026,S,S01,Summer,Young Adult,South,52,No,2024,11
2024-11-25 06:54:30.872572712,P015,L,S06,Summer,Senior,North,47,No,2024,11
2024-11-25 09:05:55.529627464,P018,M,S10,Summer,Teen,West,68,No,2024,11
2024-11-25 11:17:20.186682224,P012,M,S05,Spring,Teen,North,67,No,2024,11
2024-11-25 13:28:44.843736976,P017,XL,S02,Winter,Young Adult,South,62,No,2024,11
2024-11-25 15:40:09.500791728,P001,M,S01,Winter,Senior,South,74,No,2024,11
2024-11-25 17:51:34.157846488,P011,XL,S06,Autumn,Adult,North,45,No,2024,11
2024-11-25 20:02:58.814901240,P028,M,S11,Summer,Senior,West,70,No,2024,11
2024-11-25 22:14:23.471955992,P001,M,S02,Summer,Teen,South,77,No,2024,11
2024-11-26 00:25:48.129010752,P015,L,S09,Autumn,Teen,East,43,No,2024,11
2024-11-26 02:37:12.786065504,P028,S,S09,Autumn,Young Adult,East,46,No,2024,11
2024-11-26 04:48:37.443120256,P021,S,S01,Summer,Young Adult,South,51,No,2024,11
2024-11-26 07:00:02.100175008,P010,L,S05,Winter,Adult,North,60,No,2024,11
2024-11-26 09:11:26.757229768,P007,M,S08,Autumn,Adult,East,69,No,2024,11
2024-11-26 11:22:51.414284520,P002,L,S04,Summer,Teen,North,66,No,2024,11
2024-11-26 13:34:16.071339272,P010,XL,S03,Winter,Adult,South,65,No,2024,11
2024-11-26 15:45:40.728394032,P024,M,S05,Spring,Adult,North,59,No,2024,11
2024-11-26 17:57:05.385448784,P004,L,S05,Autumn,Adult,North,58,No,2024,11
2024-11-26 20:08:30.042503536,P012,L,S08,Autumn,Senior,East,49,No,2024,11
2024-11-26 22:19:54.699558296,P019,XXL,S06,Winter,Senior,North,31,No,2024,11
2024-11-27 00:31:19.356613048,P026,XL,S02,Spring,Teen,South,43,No,2024,11
2024-11-27 02:42:44.013667800,P011,XL,S11,Winter,Senior,West,45,No,2024,11
2024-11-27 04:54:08.670722560,P008,M,S01,Autumn,Adult,South,59,No,2024,11
2024-11-27 07:05:33.327777312,P018,L,S03,Spring,Adult,South,56,No,2024,11
2024-11-27 09:16:57.984832064,P011,M,S02,Summer,Adult,South,73,No,2024,11
2024-11-27 11:28:22.641886824,P011,M,S04,Autumn,Senior,North,59,No,2024,11
2024-11-27 13:39:47.298941576,P013,XL,S03,Winter,Young Adult,South,54,No,2024,11
2024-11-27 15:51:11.955996328,P003,S,S09,Winter,Adult,East,48,No,2024,11
2024-11-27 18:02:36.613051088,P012,XXL,S05,Winter,Adult,North,42,No,2024,11
2024-11-27 20:14:01.270105840,P003,S,S04,Winter,Young Adult,North,51,No,2024,11
2024-11-27 22:25:25.927160592,P010,XL,S10,Winter,Young Adult,West,62,No,2024,11
2024-11-28 00:36:50.584215352,P027,M,S09,Autumn,Teen,East,58,No,2024,11
2024-11-28 02:48:15.241270104,P017,M,S04,Spring,Teen,North,67,Yes,2024,11
2024-11-28 04:59:39.898324856,P022,M,S06,Winter,Senior,North,66,No,2024,11
2024-11-28 07:11:04.555379616,P002,L,S10,Winter,Young Adult,West,65,No,2024,11
2024-11-28 09:22:29.212434368,P017,M,S01,Summer,Teen,South,69,No,2024,11
2024-11-28 11:33:53.869489120,P016,L,S02,Summer,Adult,South,69,No,2024,11
2024-11-28 13:45:18.526543872,P002,S,S04,Spring,Teen,North,37,No,2024,11
2024-11-28 15:56:43.183598632,P028,S,S09,Autumn,Adult,East,38,Yes,2024,11
2024-11-28 18:08:07.840653384,P022,S,S06,Autumn,Adult,North,43,No,2024,11
2024-11-28 20:19:32.497708136,P030,M,S06,Spring,Adult,North,68,No,2024,11
2024-11-28 22:30:57.154762896,P020,XL,S11,Spring,Senior,West,46,No,2024,11
2024-11-29 00:42:21.811817648,P006,XL,S09,Spring,Young Adult,East,52,No,2024,11
2024-11-29 02:53:46.468872400,P028,M,S12,Winter,Senior,West,63,No,2024,11
2024-11-29 05:05:11.125927160,P025,L,S04,Autumn,Teen,North,59,No,2024,11
2024-11-29 07:16:35.782981912,P029,L,S03,Spring,Teen,South,60,No,2024,11
2024-11-29 09:28:00.440036664,P010,M,S07,Summer,Young Adult,East,76,No,2024,11
2024-11-29 11:39:25.097091424,P028,M,S12,Winter,Young Adult,West,68,No,2024,11
2024-11-29 13:50:49.754146176,P010,L,S07,Winter,Teen,East,60,Yes,2024,11
2024-11-29 16:02:14.411200928,P008,S,S09,Winter,Young Adult,East,43,No,2024,11
2024-11-29 18:13:39.068255688,P001,S,S06,Winter,Young Adult,North,61,No,2024,11
2024-11-29 20:25:03.725310440,P013,M,S02,Spring,Adult,South,66,No,2024,11
2024-11-29 22:36:28.382365192,P024,L,S06,Winter,Senior,North,52,No,2024,11
2024-11-30 00:47:53.039419952,P009,S,S08,Summer,Senior,East,35,No,2024,11
2024-11-30 02:59:17.696474704,P022,M,S06,Summer,Senior,North,72,No,2024,11
2024-11-30 05:10:42.353529456,P010,M,S09,Spring,Adult,East,63,No,2024,11
2024-11-30 07:22:07.010584216,P015,S,S04,Winter,Adult,North,52,No,2024,11
2024-11-30 09:33:31.667638968,P005,M,S03,Summer,Young Adult,South,73,No,2024,11
2024-11-30 11:44:56.324693720,P022,XL,S11,Autumn,Young Adult,West,57,No,2024,11
2024-11-30 13:56:20.981748480,P016,S,S05,Winter,Adult,North,56,No,2024,11
2024-11-30 16:07:45.638803232,P013,L,S03,Spring,Adult,South,66,No,2024,11
2024-11-30 18:19:10.295857984,P022,M,S11,Autumn,Teen,West,68,No,2024,11
2024-11-30 20:30:34.952912736,P025,L,S12,Winter,Adult,West,68,No,2024,11
2024-11-30 22:41:59.609967496,P020,L,S02,Autumn,Adult,South,61,No,2024,11
2024-12-01 00:53:24.267022248,P018,M,S02,Winter,Senior,South,65,No,2024,12
2024-12-01 03:04:48.924077000,P011,XL,S04,Winter,Teen,North,52,No,2024,12
2024-12-01 05:16:13.581131760,P027,M,S03,Summer,Senior,South,74,No,2024,12
2024-12-01 07:27:38.238186512,P009,XL,S09,Autumn,Senior,East,47,No,2024,12
2024-12-01 09:39:02.895241264,P016,M,S07,Autumn,Teen,East,65,No,2024,12
2024-12-01 11:50:27.552296024,P002,XXL,S06,Spring,Teen,North,43,No,2024,12
2024-12-01 14:01:52.209350776,P026,L,S10,Spring,Teen,West,52,No,2024,12
2024-12-01 16:13:16.866405528,P025,XXL,S12,Autumn,Young Adult,West,34,No,2024,12
2024-12-01 18:24:41.523460288,P002,L,S08,Summer,Teen,East,53,No,2024,12
2024-12-01 20:36:06.180515040,P012,M,S09,Summer,Senior,East,68,No,2024,12
2024-12-01 22:47:30.837569792,P008,L,S03,Winter,Teen,South,61,No,2024,12
2024-12-02 00:58:55.494624552,P009,XL,S12,Spring,Young Adult,West,47,No,2024,12
2024-12-02 03:10:20.151679304,P012,XXL,S10,Spring,Senior,West,32,No,2024,12
2024-12-02 05:21:44.808734056,P026,M,S07,Spring,Teen,East,57,No,2024,12
2024-12-02 07:33:09.465788816,P009,L,S09,Winter,Teen,East,65,Yes,2024,12
2024-12-02 09:44:34.122843568,P010,M,S01,Summer,Senior,South,70,Yes,2024,12
2024-12-02 11:55:58.779898320,P025,L,S10,Spring,Senior,West,58,No,2024,12
2024-12-02 14:07:23.436953080,P002,M,S09,Winter,Teen,East,65,No,2024,12
2024-12-02 16:18:48.094007832,P016,M,S07,Autumn,Young Adult,East,67,No,2024,12
2024-12-02 18:30:12.751062584,P020,XL,S10,Summer,Senior,West,44,No,2024,12
2024-12-02 20:41:37.408117344,P007,S,S04,Autumn,Adult,North,49,No,2024,12
2024-12-02 22:53:02.065172096,P028,L,S11,Spring,Teen,West,62,No,2024,12
2024-12-03 01:04:26.722226848,P002,L,S12,Winter,Senior,West,67,Yes,2024,12
2024-12-03 03:15:51.379281600,P001,S,S06,Summer,Senior,North,49,No,2024,12
2024-12-03 05:27:16.036336360,P019,M,S11,Spring,Teen,West,66,No,2024,12
2024-12-03 07:38:40.693391112,P028,L,S11,Summer,Teen,West,60,No,2024,12
2024-12-03 09:50:05.350445864,P004,M,S06,Winter,Teen,North,61,No,2024,12
2024-12-03 12:01:30.007500624,P024,XL,S06,Winter,Young Adult,North,57,No,2024,12
2024-12-03 14:12:54.664555376,P022,XXL,S02,Spring,Adult,South,47,No,2024,12
2024-12-03 16:24:19.321610128,P027,M,S05,Summer,Senior,North,66,No,2024,12
2024-12-03 18:35:43.978664888,P002,M,S07,Winter,Teen,East,62,No,2024,12
2024-12-03 20:47:08.635719640,P025,M,S06,Summer,Teen,North,56,No,2024,12
2024-12-03 22:58:33.292774392,P014,L,S03,Summer,Young Adult,South,63,No,2024,12
2024-12-04 01:09:57.949829152,P002,M,S11,Autumn,Adult,West,66,No,2024,12
2024-12-04 03:21:22.606883904,P029,S,S12,Spring,Senior,West,52,No,2024,12
2024-12-04 05:32:47.263938656,P015,L,S05,Spring,Adult,North,61,No,2024,12
2024-12-04 07:44:11.920993416,P012,XXL,S08,Summer,Adult,East,38,No,2024,12
2024-12-04 09:55:36.578048168,P005,M,S11,Autumn,Teen,West,64,No,2024,12
2024-12-04 12:07:01.235102920,P028,M,S05,Summer,Teen,North,56,No,2024,12
2024-12-04 14:18:25.892157680,P020,XXL,S12,Spring,Teen,West,24,No,2024,12
2024-12-04 16:29:50.549212432,P029,L,S10,Spring,Young Adult,West,67,No,2024,12
2024-12-04 18:41:15.206267184,P007,L,S03,Summer,Young Adult,South,63,No,2024,12
2024-12-04 20:52:39.863321944,P024,L,S09,Summer,Young Adult,East,62,No,2024,12
2024-12-04 23:04:04.520376696,P021,XXL,S11,Summer,Teen,West,37,No,2024,12
2024-12-05 01:15:29.177431448,P010,L,S03,Spring,Teen,South,58,No,2024,12
2024-12-05 03:26:53.834486208,P014,XL,S02,Summer,Teen,South,51,No,2024,12
2024-12-05 05:38:18.491540960,P014,L,S06,Summer,Adult,North,57,No,2024,12
2024-12-05 07:49:43.148595712,P005,L,S08,Winter,Young Adult,East,62,No,2024,12
2024-12-05 10:01:07.805650464,P018,M,S06,Spring,Young Adult,North,58,No,2024,12
2024-12-05 12:12:32.462705224,P024,M,S01,Summer,Adult,South,62,No,2024,12
2024-12-05 14:23:57.119759976,P014,L,S08,Autumn,Senior,East,54,No,2024,12
2024-12-05 16:35:21.776814728,P002,M,S01,Spring,Adult,South,76,No,2024,12
2024-12-05 18:46:46.433869488,P026,L,S09,Summer,Adult,East,51,No,2024,12
2024-12-05 20:58:11.090924240,P012,M,S08,Summer,Teen,East,68,No,2024,12
2024-12-05 23:09:35.747978992,P022,XL,S06,Winter,Senior,North,54,No,2024,12
2024-12-06 01:21:00.405033752,P024,S,S02,Winter,Adult,South,46,No,2024,12
2024-12-06 03:32:25.062088504,P006,XL,S09,Spring,Senior,East,39,No,2024,12
2024-12-06 05:43:49.719143256,P004,L,S08,Winter,Senior,East,53,No,2024,12
2024-12-06 07:55:14.376198016,P013,M,S04,Winter,Teen,North,59,No,2024,12
2024-12-06 10:06:39.033252768,P004,L,S02,Spring,Senior,South,55,No,2024,12
2024-12-06 12:18:03.690307520,P022,M,S06,Autumn,Teen,North,67,No,2024,12
2024-12-06 14:29:28.347362280,P014,M,S01,Summer,Young Adult,South,77,No,2024,12
2024-12-06 16:40:53.004417032,P016,M,S07,Summer,Adult,East,64,No,2024,12
2024-12-06 18:52:17.661471784,P029,S,S01,Winter,Teen,South,53,No,2024,12
2024-12-06 21:03:42.318526544,P004,XXL,S06,Summer,Teen,North,33,No,2024,12
2024-12-06 23:15:06.975581296,P024,S,S05,Winter,Adult,North,55,No,2024,12
2024-12-07 01:26:31.632636048,P025,L,S12,Spring,Teen,West,52,No,2024,12
2024-12-07 03:37:56.289690808,P001,M,S10,Spring,Senior,West,63,No,2024,12
2024-12-07 05:49:20.946745560,P013,L,S03,Spring,Teen,South,63,No,2024,12
2024-12-07 08:00:45.603800312,P004,M,S06,Summer,Teen,North,66,No,2024,12
2024-12-07 10:12:10.260855072,P020,L,S04,Winter,Senior,North,56,No,2024,12
2024-12-07 12:23:34.917909824,P018,L,S12,Winter,Adult,West,59,No,2024,12
2024-12-07 14:34:59.574964576,P006,L,S06,Summer,Teen,North,52,No,2024,12
2024-12-07 16:46:24.232019328,P003,S,S04,Spring,Young Adult,North,43,No,2024,12
2024-12-07 18:57:48.889074088,P023,L,S01,Autumn,Adult,South,56,No,2024,12
2024-12-07 21:09:13.546128840,P013,M,S05,Winter,Young Adult,North,62,No,2024,12
2024-12-07 23:20:38.203183592,P027,S,S08,Winter,Young Adult,East,46,No,2024,12
2024-12-08 01:32:02.860238352,P016,M,S06,Summer,Young Adult,North,75,No,2024,12
2024-12-08 03:43:27.517293104,P027,M,S10,Autumn,Teen,West,69,No,2024,12
2024-12-08 05:54:52.174347856,P005,M,S09,Spring,Senior,East,48,No,2024,12
2024-12-08 08:06:16.831402616,P004,L,S04,Winter,Teen,North,60,No,2024,12
2024-12-08 10:17:41.488457368,P021,M,S10,Summer,Young Adult,West,61,No,2024,12
2024-12-08 12:29:06.145512120,P008,M,S09,Autumn,Young Adult,East,68,No,2024,12
2024-12-08 14:40:30.802566880,P019,S,S08,Summer,Senior,East,43,No,2024,12
2024-12-08 16:51:55.459621632,P014,L,S03,Autumn,Adult,South,61,No,2024,12
2024-12-08 19:03:20.116676384,P007,L,S06,Summer,Young Adult,North,63,No,2024,12
2024-12-08 21:14:44.773731144,P014,M,S04,Autumn,Teen,North,56,No,2024,12
2024-12-08 23:26:09.430785896,P006,L,S01,Winter,Young Adult,South,73,No,2024,12
2024-12-09 01:37:34.087840648,P012,L,S09,Autumn,Young Adult,East,58,No,2024,12
2024-12-09 03:48:58.744895408,P016,M,S04,Spring,Adult,North,64,No,2024,12
2024-12-09 06:00:23.401950160,P017,L,S11,Winter,Senior,West,59,No,2024,12
2024-12-09 08:11:48.059004912,P013,L,S05,Spring,Young Adult,North,55,No,2024,12
2024-12-09 10:23:12.716059672,P023,L,S03,Winter,Adult,South,56,Yes,2024,12
2024-12-09 12:34:37.373114424,P014,M,S04,Autumn,Adult,North,63,No,2024,12
2024-12-09 14:46:02.030169176,P029,S,S09,Winter,Young Adult,East,47,No,2024,12
2024-12-09 16:57:26.687223936,P007,M,S07,Summer,Young Adult,East,72,No,2024,12
2024-12-09 19:08:51.344278688,P014,L,S08,Autumn,Senior,East,47,No,2024,12
2024-12-09 21:20:16.001333440,P015,XL,S03,Summer,Teen,South,51,No,2024,12
2024-12-09 23:31:40.658388200,P012,M,S03,Summer,Teen,South,61,No,2024,12
2024-12-10 01:43:05.315442952,P017,M,S07,Summer,Senior,East,64,Yes,2024,12
2024-12-10 03:54:29.972497704,P009,L,S08,Summer,Adult,East,55,No,2024,12
2024-12-10 06:05:54.629552456,P022,XL,S05,Spring,Adult,North,45,No,2024,12
2024-12-10 08:17:19.286607216,P015,XL,S01,Autumn,Senior,South,50,No,2024,12
2024-12-10 10:28:43.943661968,P012,L,S03,Summer,Teen,South,63,No,2024,12
2024-12-10 12:40:08.600716720,P002,XL,S05,Spring,Adult,North,45,No,2024,12
2024-12-10 14:51:33.257771480,P005,S,S03,Winter,Teen,South,50,No,2024,12
2024-12-10 17:02:57.914826232,P013,S,S01,Summer,Adult,South,53,No,2024,12
2024-12-10 19:14:22.571880984,P027,S,S07,Summer,Teen,East,43,No,2024,12
2024-12-10 21:25:47.228935744,P020,L,S01,Spring,Senior,South,57,No,2024,12
2024-12-10 23:37:11.885990496,P023,S,S10,Winter,Teen,West,46,No,2024,12
2024-12-11 01:48:36.543045248,P008,M,S06,Winter,Adult,North,63,No,2024,12
2024-12-11 04:00:01.200100008,P027,M,S06,Spring,Adult,North,66,No,2024,12
2024-12-11 06:11:25.857154760,P014,M,S07,Summer,Adult,East,67,No,2024,12
2024-12-11 08:22:50.514209512,P015,XL,S12,Autumn,Young Adult,West,48,No,2024,12
2024-12-11 10:34:15.171264272,P011,M,S11,Spring,Young Adult,West,72,No,2024,12
2024-12-11 12:45:39.828319024,P001,M,S01,Autumn,Adult,South,76,No,2024,12
2024-12-11 14:57:04.485373776,P021,L,S11,Summer,Senior,West,49,No,2024,12
2024-12-11 17:08:29.142428536,P003,S,S03,Summer,Adult,South,46,No,2024,12
2024-12-11 19:19:53.799483288,P017,L,S12,Winter,Senior,West,72,No,2024,12
2024-12-11 21:31:18.456538040,P028,XL,S09,Summer,Adult,East,53,No,2024,12
2024-12-11 23:42:43.113592800,P019,XL,S02,Winter,Adult,South,50,No,2024,12
2024-12-12 01:54:07.770647552,P014,XL,S05,Winter,Senior,North,46,No,2024,12
2024-12-12 04:05:32.427702304,P022,M,S03,Summer,Teen,South,71,No,2024,12
2024-12-12 06:16:57.084757064,P030,L,S12,Winter,Young Adult,West,65,No,2024,12
2024-12-12 08:28:21.741811816,P023,S,S12,Summer,Adult,West,40,No,2024,12
2024-12-12 10:39:46.398866568,P008,M,S05,Winter,Senior,North,68,Yes,2024,12
2024-12-12 12:51:11.055921320,P013,S,S07,Winter,Senior,East,42,No,2024,12
2024-12-12 15:02:35.712976080,P027,M,S01,Summer,Young Adult,South,76,No,2024,12
2024-12-12 17:14:00.370030832,P020,XL,S03,Autumn,Young Adult,South,41,No,2024,12
2024-12-12 19:25:25.027085584,P003,M,S11,Spring,Teen,West,65,No,2024,12
2024-12-12 21:36:49.684140344,P005,L,S06,Summer,Adult,North,49,No,2024,12
2024-12-12 23:48:14.341195096,P009,M,S07,Winter,Young Adult,East,66,No,2024,12
2024-12-13 01:59:38.998249848,P029,M,S10,Spring,Teen,West,64,No,2024,12
2024-12-13 04:11:03.655304608,P006,XXL,S03,Autumn,Adult,South,37,No,2024,12
2024-12-13 06:22:28.312359360,P025,M,S04,Summer,Adult,North,73,No,2024,12
2024-12-13 08:33:52.969414112,P022,L,S06,Winter,Senior,North,68,No,2024,12
2024-12-13 10:45:17.626468872,P002,M,S05,Winter,Young Adult,North,78,No,2024,12
2024-12-13 12:56:42.283523624,P013,S,S11,Summer,Teen,West,48,Yes,2024,12
2024-12-13 15:08:06.940578376,P005,M,S09,Winter,Teen,East,53,Yes,2024,12
2024-12-13 17:19:31.597633136,P028,XL,S12,Spring,Senior,West,40,No,2024,12
2024-12-13 19:30:56.254687888,P027,S,S01,Winter,Teen,South,56,No,2024,12
2024-12-13 21:42:20.911742640,P025,S,S05,Spring,Teen,North,36,No,2024,12
2024-12-13 23:53:45.568797400,P008,M,S11,Spring,Adult,West,65,No,2024,12
2024-12-14 02:05:10.225852152,P023,L,S01,Summer,Young Adult,South,55,No,2024,12
2024-12-14 04:16:34.882906904,P001,L,S08,Winter,Senior,East,67,No,2024,12
2024-12-14 06:27:59.539961664,P020,L,S07,Spring,Young Adult,East,56,No,2024,12
2024-12-14 08:39:24.197016416,P012,M,S05,Winter,Teen,North,61,No,2024,12
2024-12-14 10:50:48.854071168,P023,XL,S06,Spring,Teen,North,47,No,2024,12
2024-12-14 13:02:13.511125928,P011,L,S04,Autumn,Teen,North,50,No,2024,12
2024-12-14 15:13:38.168180680,P007,XL,S09,Summer,Young Adult,East,62,No,2024,12
2024-12-14 17:25:02.825235432,P015,XL,S03,Summer,Senior,South,43,No,2024,12
2024-12-14 19:36:27.482290184,P022,L,S02,Summer,Senior,South,55,No,2024,12
2024-12-14 21:47:52.139344944,P024,M,S07,Spring,Adult,East,59,No,2024,12
2024-12-14 23:59:16.796399696,P011,XL,S02,Autumn,Senior,South,43,No,2024,12
2024-12-15 02:10:41.453454448,P029,XL,S06,Spring,Adult,North,45,No,2024,12
2024-12-15 04:22:06.110509208,P022,S,S11,Summer,Teen,West,55,No,2024,12
2024-12-15 06:33:30.767563960,P026,S,S08,Spring,Senior,East,27,No,2024,12
2024-12-15 08:44:55.424618712,P016,XXL,S03,Summer,Adult,South,39,No,2024,12
2024-12-15 10:56:20.081673472,P003,M,S03,Winter,Adult,South,67,No,2024,12
2024-12-15 13:07:44.738728224,P020,XL,S03,Spring,Young Adult,South,48,No,2024,12
2024-12-15 15:19:09.395782976,P014,M,S01,Winter,Teen,South,73,No,2024,12
2024-12-15 17:30:34.052837736,P003,S,S09,Spring,Senior,East,39,No,2024,12
2024-12-15 19:41:58.709892488,P001,S,S05,Summer,Senior,North,49,Yes,2024,12
2024-12-15 21:53:23.366947240,P026,M,S09,Winter,Senior,East,53,No,2024,12
2024-12-16 00:04:48.024002000,P021,M,S05,Spring,Adult,North,65,No,2024,12
2024-12-16 02:16:12.681056752,P015,M,S07,Summer,Senior,East,64,No,2024,12
2024-12-16 04:27:37.338111504,P001,L,S01,Spring,Senior,South,65,No,2024,12
2024-12-16 06:39:01.995166264,P017,XXL,S09,Winter,Senior,East,46,No,2024,12
2024-12-16 08:50:26.652221016,P002,M,S01,Spring,Teen,South,67,No,2024,12
2024-12-16 11:01:51.309275768,P029,L,S04,Spring,Teen,North,55,No,2024,12
2024-12-16 13:13:15.966330528,P020,L,S07,Winter,Adult,East,55,No,2024,12
2024-12-16 15:24:40.623385280,P006,L,S11,Summer,Young Adult,West,71,No,2024,12
2024-12-16 17:36:05.280440032,P008,L,S12,Spring,Senior,West,54,No,2024,12
2024-12-16 19:47:29.937494792,P029,S,S09,Spring,Senior,East,49,No,2024,12
2024-12-16 21:58:54.594549544,P016,S,S01,Autumn,Adult,South,40,No,2024,12
2024-12-17 00:10:19.251604296,P019,S,S12,Autumn,Senior,West,40,No,2024,12
2024-12-17 02:21:43.908659048,P001,S,S11,Summer,Young Adult,West,62,No,2024,12
2024-12-17 04:33:08.565713808,P003,L,S06,Winter,Adult,North,64,No,2024,12
2024-12-17 06:44:33.222768560,P028,M,S11,Summer,Teen,West,59,No,2024,12
2024-12-17 08:55:57.879823312,P003,XL,S10,Summer,Young Adult,West,50,No,2024,12
2024-12-17 11:07:22.536878072,P005,XL,S11,Summer,Senior,West,37,No,2024,12
2024-12-17 13:18:47.193932824,P027,XXL,S05,Spring,Young Adult,North,44,No,2024,12
2024-12-17 15:30:11.850987576,P012,XL,S03,Spring,Teen,South,45,No,2024,12
2024-12-17 17:41:36.508042336,P012,M,S10,Summer,Adult,West,66,No,2024,12
2024-12-17 19:53:01.165097088,P020,L,S02,Summer,Young Adult,South,62,No,2024,12
2024-12-17 22:04:25.822151840,P013,M,S01,Autumn,Adult,South,62,No,2024,12
2024-12-18 00:15:50.479206600,P020,XL,S02,Winter,Adult,South,55,No,2024,12
2024-12-18 02:27:15.136261352,P009,XL,S12,Summer,Senior,West,47,Yes,2024,12
2024-12-18 04:38:39.793316104,P007,XL,S04,Autumn,Senior,North,43,No,2024,12
2024-12-18 06:50:04.450370864,P004,M,S06,Summer,Adult,North,66,No,2024,12
2024-12-18 09:01:29.107425616,P019,L,S12,Winter,Teen,West,59,No,2024,12
2024-12-18 11:12:53.764480368,P022,S,S05,Summer,Adult,North,55,No,2024,12
2024-12-18 13:24:18.421535128,P019,S,S04,Winter,Teen,North,36,No,2024,12
2024-12-18 15:35:43.078589880,P006,L,S08,Spring,Young Adult,East,59,No,2024,12
2024-12-18 17:47:07.735644632,P027,M,S12,Winter,Adult,West,72,No,2024,12
2024-12-18 19:58:32.392699392,P013,XXL,S07,Summer,Young Adult,East,39,No,2024,12
2024-12-18 22:09:57.049754144,P011,S,S04,Autumn,Adult,North,37,No,2024,12
2024-12-19 00:21:21.706808896,P013,XL,S10,Spring,Young Adult,West,45,No,2024,12
2024-12-19 02:32:46.363863656,P013,M,S05,Autumn,Teen,North,51,No,2024,12
2024-12-19 04:44:11.020918408,P028,XL,S12,Summer,Young Adult,West,51,Yes,2024,12
2024-12-19 06:55:35.677973160,P025,XL,S10,Spring,Young Adult,West,45,No,2024,12
2024-12-19 09:07:00.335027920,P022,XL,S05,Autumn,Senior,North,48,No,2024,12
2024-12-19 11:18:24.992082672,P028,M,S03,Summer,Adult,South,62,No,2024,12
2024-12-19 13:29:49.649137424,P020,XL,S09,Autumn,Adult,East,43,No,2024,12
2024-12-19 15:41:14.306192176,P015,M,S11,Winter,Adult,West,71,No,2024,12
2024-12-19 17:52:38.963246936,P021,S,S05,Winter,Adult,North,45,No,2024,12
2024-12-19 20:04:03.620301688,P013,M,S12,Summer,Senior,West,61,No,2024,12
2024-12-19 22:15:28.277356440,P022,XL,S10,Autumn,Teen,West,51,No,2024,12
2024-12-20 00:26:52.934411200,P011,M,S02,Summer,Young Adult,South,75,No,2024,12
2024-12-20 02:38:17.591465952,P019,XL,S04,Autumn,Young Adult,North,46,No,2024,12
2024-12-20 04:49:42.248520704,P008,L,S12,Spring,Teen,West,59,No,2024,12
2024-12-20 07:01:06.905575464,P020,M,S04,Summer,Young Adult,North,72,No,2024,12
2024-12-20 09:12:31.562630216,P008,XL,S05,Summer,Senior,North,47,Yes,2024,12
2024-12-20 11:23:56.219684968,P010,S,S08,Autumn,Adult,East,53,No,2024,12
2024-12-20 13:35:20.876739728,P026,XL,S05,Summer,Adult,North,50,No,2024,12
2024-12-20 15:46:45.533794480,P016,M,S01,Spring,Senior,South,64,No,2024,12
2024-12-20 17:58:10.190849232,P019,L,S02,Autumn,Adult,South,64,No,2024,12
2024-12-20 20:09:34.847903992,P026,M,S03,Autumn,Young Adult,South,60,No,2024,12
2024-12-20 22:20:59.504958744,P023,M,S03,Autumn,Teen,South,65,No,2024,12
2024-12-21 00:32:24.162013496,P011,M,S10,Spring,Teen,West,57,No,2024,12
2024-12-21 02:43:48.819068256,P013,M,S06,Spring,Young Adult,North,71,No,2024,12
2024-12-21 04:55:13.476123008,P028,M,S09,Summer,Teen,East,69,No,2024,12
2024-12-21 07:06:38.133177760,P009,M,S10,Autumn,Teen,West,58,No,2024,12
2024-12-21 09:18:02.790232520,P020,M,S01,Spring,Adult,South,58,No,2024,12
2024-12-21 11:29:27.447287272,P024,L,S06,Winter,Young Adult,North,66,Yes,2024,12
2024-12-21 13:40:52.104342024,P019,L,S09,Summer,Senior,East,52,No,2024,12
2024-12-21 15:52:16.761396784,P016,XL,S04,Spring,Teen,North,47,No,2024,12
2024-12-21 18:03:41.418451536,P007,L,S10,Spring,Young Adult,West,67,No,2024,12
2024-12-21 20:15:06.075506288,P019,L,S03,Spring,Senior,South,56,No,2024,12
2024-12-21 22:26:30.732561040,P012,L,S06,Summer,Senior,North,57,No,2024,12
2024-12-22 00:37:55.389615800,P015,M,S06,Spring,Adult,North,66,Yes,2024,12
2024-12-22 02:49:20.046670552,P023,L,S02,Spring,Adult,South,53,No,2024,12
2024-12-22 05:00:44.703725304,P014,S,S05,Winter,Teen,North,41,No,2024,12
2024-12-22 07:12:09.360780064,P011,XL,S01,Winter,Young Adult,South,62,No,2024,12
2024-12-22 09:23:34.017834816,P026,L,S09,Winter,Young Adult,East,60,Yes,2024,12
2024-12-22 11:34:58.674889568,P010,M,S09,Spring,Adult,East,73,No,2024,12
2024-12-22 13:46:23.331944328,P027,L,S03,Winter,Adult,South,62,No,2024,12
2024-12-22 15:57:47.988999080,P011,S,S05,Autumn,Adult,North,40,No,2024,12
2024-12-22 18:09:12.646053832,P006,M,S03,Winter,Teen,South,72,No,2024,12
2024-12-22 20:20:37.303108592,P002,S,S07,Winter,Young Adult,East,57,No,2024,12
2024-12-22 22:32:01.960163344,P011,L,S01,Spring,Teen,South,53,No,2024,12
2024-12-23 00:43:26.617218096,P019,L,S05,Autumn,Young Adult,North,56,No,2024,12
2024-12-23 02:54:51.274272856,P006,XL,S06,Winter,Adult,North,52,No,2024,12
2024-12-23 05:06:15.931327608,P014,S,S11,Spring,Teen,West,49,No,2024,12
2024-12-23 07:17:40.588382360,P020,L,S12,Autumn,Senior,West,55,No,2024,12
2024-12-23 09:29:05.245437120,P006,L,S07,Winter,Teen,East,62,No,2024,12
2024-12-23 11:40:29.902491872,P017,M,S03,Spring,Teen,South,61,No,2024,12
2024-12-23 13:51:54.559546624,P010,L,S07,Autumn,Senior,East,52,Yes,2024,12
2024-12-23 16:03:19.216601384,P028,S,S04,Winter,Senior,North,48,No,2024,12
2024-12-23 18:14:43.873656136,P001,M,S10,Autumn,Adult,West,76,No,2024,12
2024-12-23 20:26:08.530710888,P003,M,S11,Autumn,Senior,West,61,No,2024,12
2024-12-23 22:37:33.187765648,P008,L,S06,Spring,Senior,North,58,No,2024,12
2024-12-24 00:48:57.844820400,P008,S,S05,Summer,Teen,North,41,No,2024,12
2024-12-24 03:00:22.501875152,P027,M,S04,Autumn,Teen,North,64,No,2024,12
2024-12-24 05:11:47.158929904,P020,M,S06,Autumn,Adult,North,60,No,2024,12
2024-12-24 07:23:11.815984664,P022,M,S12,Autumn,Senior,West,57,No,2024,12
2024-12-24 09:34:36.473039416,P015,M,S03,Autumn,Young Adult,South,66,No,2024,12
2024-12-24 11:46:01.130094168,P024,M,S03,Autumn,Teen,South,62,No,2024,12
2024-12-24 13:57:25.787148928,P007,L,S05,Summer,Adult,North,67,No,2024,12
2024-12-24 16:08:50.444203680,P011,M,S11,Spring,Teen,West,69,No,2024,12
2024-12-24 18:20:15.101258432,P007,L,S05,Summer,Teen,North,64,No,2024,12
2024-12-24 20:31:39.758313192,P029,L,S09,Spring,Young Adult,East,67,No,2024,12
2024-12-24 22:43:04.415367944,P004,S,S04,Summer,Adult,North,55,No,2024,12
2024-12-25 00:54:29.072422696,P025,S,S05,Spring,Young Adult,North,46,No,2024,12
2024-12-25 03:05:53.729477456,P012,XL,S12,Winter,Young Adult,West,58,Yes,2024,12
2024-12-25 05:17:18.386532208,P026,S,S09,Autumn,Adult,East,32,No,2024,12
2024-12-25 07:28:43.043586960,P006,S,S04,Spring,Senior,North,36,No,2024,12
2024-12-25 09:40:07.700641720,P014,S,S03,Spring,Young Adult,South,57,No,2024,12
2024-12-25 11:51:32.357696472,P012,L,S07,Autumn,Senior,East,57,No,2024,12
2024-12-25 14:02:57.014751224,P011,L,S07,Winter,Teen,East,62,No,2024,12
2024-12-25 16:14:21.671805984,P019,XXL,S08,Autumn,Adult,East,26,No,2024,12
2024-12-25 18:25:46.328860736,P021,XL,S04,Spring,Adult,North,41,No,2024,12
2024-12-25 20:37:10.985915488,P005,M,S04,Spring,Teen,North,58,No,2024,12
2024-12-25 22:48:35.642970248,P014,M,S09,Autumn,Teen,East,65,No,2024,12
2024-12-26 01:00:00.300025000,P021,M,S10,Summer,Teen,West,58,No,2024,12
2024-12-26 03:11:24.957079752,P024,M,S07,Autumn,Young Adult,East,57,No,2024,12
2024-12-26 05:22:49.614134512,P016,S,S03,Spring,Young Adult,South,44,No,2024,12
2024-12-26 07:34:14.271189264,P025,S,S09,Spring,Young Adult,East,43,No,2024,12
2024-12-26 09:45:38.928244016,P013,S,S05,Spring,Young Adult,North,46,No,2024,12
2024-12-26 11:57:03.585298768,P025,M,S04,Winter,Young Adult,North,72,No,2024,12
2024-12-26 14:08:28.242353528,P029,M,S01,Autumn,Senior,South,69,No,2024,12
2024-12-26 16:19:52.899408280,P022,XXL,S09,Winter,Senior,East,35,No,2024,12
2024-12-26 18:31:17.556463032,P022,L,S06,Autumn,Young Adult,North,56,No,2024,12
2024-12-26 20:42:42.213517792,P025,XXL,S11,Winter,Adult,West,38,No,2024,12
2024-12-26 22:54:06.870572544,P020,M,S02,Summer,Adult,South,64,No,2024,12
2024-12-27 01:05:31.527627296,P022,M,S07,Spring,Senior,East,61,No,2024,12
2024-12-27 03:16:56.184682056,P004,M,S03,Spring,Senior,South,69,No,2024,12
2024-12-27 05:28:20.841736808,P011,M,S06,Autumn,Adult,North,62,No,2024,12
2024-12-27 07:39:45.498791560,P017,S,S08,Spring,Adult,East,51,No,2024,12
2024-12-27 09:51:10.155846320,P007,XL,S03,Winter,Adult,South,54,No,2024,12
2024-12-27 12:02:34.812901072,P014,XXL,S12,Summer,Senior,West,32,No,2024,12
2024-12-27 14:13:59.469955824,P026,S,S12,Winter,Senior,West,37,No,2024,12
2024-12-27 16:25:24.127010584,P011,M,S05,Winter,Adult,North,66,No,2024,12
2024-12-27 18:36:48.784065336,P028,M,S06,Autumn,Senior,North,64,No,2024,12
2024-12-27 20:48:13.441120088,P022,M,S01,Spring,Young Adult,South,70,No,2024,12
2024-12-27 22:59:38.098174848,P009,M,S10,Winter,Adult,West,77,No,2024,12
2024-12-28 01:11:02.755229600,P023,S,S07,Autumn,Teen,East,34,No,2024,12
2024-12-28 03:22:27.412284352,P013,M,S04,Winter,Adult,North,65,No,2024,12
2024-12-28 05:33:52.069339112,P023,M,S10,Winter,Senior,West,69,No,2024,12
2024-12-28 07:45:16.726393864,P018,M,S11,Winter,Teen,West,72,No,2024,12
2024-12-28 09:56:41.383448616,P028,S,S07,Autumn,Teen,East,32,No,2024,12
2024-12-28 12:08:06.040503376,P011,M,S07,Summer,Adult,East,69,No,2024,12
2024-12-28 14:19:30.697558128,P015,XXL,S11,Winter,Young Adult,West,36,No,2024,12
2024-12-28 16:30:55.354612880,P025,M,S05,Winter,Young Adult,North,72,No,2024,12
2024-12-28 18:42:20.011667632,P026,XL,S08,Autumn,Senior,East,40,No,2024,12
2024-12-28 20:53:44.668722392,P025,XL,S08,Spring,Teen,East,40,No,2024,12
2024-12-28 23:05:09.325777144,P022,XXL,S05,Summer,Young Adult,North,46,No,2024,12
2024-12-29 01:16:33.982831896,P029,L,S05,Autumn,Senior,North,62,No,2024,12
2024-12-29 03:27:58.639886656,P019,L,S07,Spring,Teen,East,48,No,2024,12
2024-12-29 05:39:23.296941408,P001,XL,S06,Autumn,Senior,North,40,No,2024,12
2024-12-29 07:50:47.953996160,P004,S,S04,Autumn,Young Adult,North,40,No,2024,12
2024-12-29 10:02:12.611050920,P014,M,S02,Summer,Senior,South,68,No,2024,12
2024-12-29 12:13:37.268105672,P014,XXL,S08,Summer,Senior,East,41,Yes,2024,12
2024-12-29 14:25:01.925160424,P003,L,S03,Summer,Young Adult,South,71,No,2024,12
2024-12-29 16:36:26.582215184,P030,XXL,S02,Summer,Young Adult,South,43,No,2024,12
2024-12-29 18:47:51.239269936,P028,L,S12,Spring,Senior,West,55,No,2024,12
2024-12-29 20:59:15.896324688,P017,XL,S10,Winter,Young Adult,West,65,No,2024,12
2024-12-29 23:10:40.553379448,P003,L,S07,Autumn,Adult,East,59,No,2024,12
2024-12-30 01:22:05.210434200,P016,L,S10,Summer,Adult,West,60,No,2024,12
2024-12-30 03:33:29.867488952,P014,L,S06,Winter,Adult,North,59,No,2024,12
2024-12-30 05:44:54.524543712,P030,XL,S08,Spring,Teen,East,49,No,2024,12
2024-12-30 07:56:19.181598464,P020,XL,S06,Summer,Adult,North,42,No,2024,12
2024-12-30 10:07:43.838653216,P029,XL,S07,Autumn,Adult,East,53,No,2024,12
2024-12-30 12:19:08.495707976,P013,L,S02,Winter,Adult,South,59,No,2024,12
2024-12-30 14:30:33.152762728,P015,M,S10,Summer,Young Adult,West,61,No,2024,12
2024-12-30 16:41:57.809817480,P014,S,S02,Autumn,Young Adult,South,52,No,2024,12
2024-12-30 18:53:22.466872240,P024,XL,S06,Winter,Young Adult,North,57,No,2024,12
2024-12-30 21:04:47.123926992,P025,L,S09,Autumn,Young Adult,East,52,No,2024,12
2024-12-30 23:16:11.780981744,P019,M,S03,Spring,Young Adult,South,71,No,2024,12
2024-12-31 01:27:36.438036496,P006,S,S11,Summer,Adult,West,42,No,2024,12
2024-12-31 03:39:01.095091256,P010,XL,S10,Summer,Adult,West,57,No,2024,12
2024-12-31 05:50:25.752146008,P027,XL,S08,Autumn,Young Adult,East,53,No,2024,12
2024-12-31 08:01:50.409200760,P015,XL,S05,Winter,Senior,North,52,No,2024,12
2024-12-31 10:13:15.066255520,P021,L,S06,Summer,Young Adult,North,60,No,2024,12
2024-12-31 12:24:39.723310272,P022,M,S06,Autumn,Adult,North,63,No,2024,12
2024-12-31 14:36:04.380365024,P020,M,S11,Spring,Adult,West,59,Yes,2024,12
2024-12-31 16:47:29.037419784,P026,S,S12,Summer,Young Adult,West,39,No,2024,12
2024-12-31 18:58:53.694474536,P006,XL,S10,Autumn,Teen,West,39,No,2024,12
2024-12-31 21:10:18.351529288,P023,S,S11,Winter,Senior,West,36,No,2024,12
2024-12-31 23:21:43.008584048,P025,L,S03,Summer,Young Adult,South,64,No,2024,12
2025-01-01 01:33:07.665638800,P010,L,S11,Summer,Adult,West,74,Yes,2025,1
2025-01-01 03:44:32.322693552,P007,L,S11,Spring,Senior,West,63,No,2025,1
2025-01-01 05:55:56.979748312,P022,XL,S05,Autumn,Teen,North,45,No,2025,1
2025-01-01 08:07:21.636803064,P017,S,S12,Winter,Senior,West,49,No,2025,1
2025-01-01 10:18:46.293857816,P018,L,S01,Spring,Young Adult,South,68,No,2025,1
2025-01-01 12:30:10.950912576,P017,S,S02,Spring,Adult,South,51,No,2025,1
2025-01-01 14:41:35.607967328,P009,S,S10,Spring,Adult,West,42,No,2025,1
2025-01-01 16:53:00.265022080,P010,M,S03,Autumn,Adult,South,71,No,2025,1
2025-01-01 19:04:24.922076840,P010,S,S04,Autumn,Senior,North,43,No,2025,1
2025-01-01 21:15:49.579131592,P025,L,S09,Summer,Young Adult,East,56,No,2025,1
2025-01-01 23:27:14.236186344,P007,L,S01,Autumn,Young Adult,South,60,No,2025,1
2025-01-02 01:38:38.893241104,P016,S,S03,Spring,Senior,South,47,No,2025,1
2025-01-02 03:50:03.550295856,P029,S,S03,Autumn,Senior,South,49,No,2025,1
2025-01-02 06:01:28.207350608,P018,L,S06,Winter,Teen,North,60,Yes,2025,1
2025-01-02 08:12:52.864405368,P006,XL,S05,Summer,Adult,North,51,No,2025,1
2025-01-02 10:24:17.521460120,P027,M,S03,Spring,Senior,South,71,No,2025,1
2025-01-02 12:35:42.178514872,P020,L,S04,Summer,Adult,North,60,No,2025,1
2025-01-02 14:47:06.835569624,P001,L,S11,Autumn,Teen,West,57,No,2025,1
2025-01-02 16:58:31.492624384,P001,L,S07,Summer,Young Adult,East,68,No,2025,1
2025-01-02 19:09:56.149679136,P012,M,S03,Summer,Adult,South,76,Yes,2025,1
2025-01-02 21:21:20.806733888,P021,L,S09,Autumn,Senior,East,53,No,2025,1
2025-01-02 23:32:45.463788648,P028,L,S08,Summer,Senior,East,48,No,2025,1
2025-01-03 01:44:10.120843400,P002,L,S02,Autumn,Teen,South,55,Yes,2025,1
2025-01-03 03:55:34.777898152,P004,L,S05,Spring,Adult,North,63,No,2025,1
2025-01-03 06:06:59.434952912,P017,XXL,S04,Summer,Young Adult,North,42,No,2025,1
2025-01-03 08:18:24.092007664,P004,M,S12,Winter,Young Adult,West,71,No,2025,1
2025-01-03 10:29:48.749062416,P011,XXL,S05,Winter,Senior,North,33,Yes,2025,1
2025-01-03 12:41:13.406117176,P022,L,S03,Spring,Teen,South,53,No,2025,1
2025-01-03 14:52:38.063171928,P026,L,S10,Autumn,Senior,West,57,No,2025,1
2025-01-03 17:04:02.720226680,P004,S,S11,Autumn,Senior,West,41,No,2025,1
2025-01-03 19:15:27.377281440,P001,M,S01,Summer,Senior,South,74,No,2025,1
2025-01-03 21:26:52.034336192,P007,L,S08,Summer,Senior,East,61,Yes,2025,1
2025-01-03 23:38:16.691390944,P030,L,S09,Winter,Teen,East,62,No,2025,1
2025-01-04 01:49:41.348445704,P018,S,S08,Winter,Senior,East,39,No,2025,1
2025-01-04 04:01:06.005500456,P009,L,S04,Autumn,Adult,North,50,No,2025,1
2025-01-04 06:12:30.662555208,P029,S,S12,Winter,Senior,West,52,No,2025,1
2025-01-04 08:23:55.319609968,P003,XXL,S02,Autumn,Senior,South,38,No,2025,1
2025-01-04 10:35:19.976664720,P008,XL,S04,Spring,Young Adult,North,45,No,2025,1
2025-01-04 12:46:44.633719472,P029,S,S09,Spring,Young Adult,East,45,No,2025,1
2025-01-04 14:58:09.290774232,P024,XL,S10,Winter,Teen,West,48,No,2025,1
2025-01-04 17:09:33.947828984,P019,XL,S09,Summer,Teen,East,38,No,2025,1
2025-01-04 19:20:58.604883736,P004,M,S05,Winter,Adult,North,64,No,2025,1
2025-01-04 21:32:23.261938488,P018,L,S05,Winter,Senior,North,57,No,2025,1
2025-01-04 23:43:47.918993248,P020,M,S10,Winter,Young Adult,West,66,No,2025,1
2025-01-05 01:55:12.576048000,P027,L,S03,Summer,Adult,South,62,No,2025,1
2025-01-05 04:06:37.233102752,P011,M,S06,Winter,Adult,North,75,No,2025,1
2025-01-05 06:18:01.890157512,P027,M,S07,Summer,Teen,East,64,No,2025,1
2025-01-05 08:29:26.547212264,P014,M,S12,Winter,Young Adult,West,69,No,2025,1
2025-01-05 10:40:51.204267016,P025,S,S10,Summer,Senior,West,42,No,2025,1
2025-01-05 12:52:15.861321776,P018,XL,S12,Summer,Teen,West,47,Yes,2025,1
2025-01-05 15:03:40.518376528,P028,M,S09,Summer,Adult,East,71,No,2025,1
2025-01-05 17:15:05.175431280,P028,M,S07,Summer,Adult,East,66,No,2025,1
2025-01-05 19:26:29.832486040,P029,XL,S03,Summer,Young Adult,South,59,No,2025,1
2025-01-05 21:37:54.489540792,P016,M,S12,Spring,Young Adult,West,61,No,2025,1
2025-01-05 23:49:19.146595544,P003,L,S07,Autumn,Senior,East,49,No,2025,1
2025-01-06 02:00:43.803650304,P015,XXL,S01,Autumn,Young Adult,South,40,No,2025,1
2025-01-06 04:12:08.460705056,P027,XL,S02,Summer,Young Adult,South,60,No,2025,1
2025-01-06 06:23:33.117759808,P027,M,S04,Autumn,Teen,North,57,No,2025,1
2025-01-06 08:34:57.774814568,P004,M,S07,Summer,Teen,East,66,No,2025,1
2025-01-06 10:46:22.431869320,P005,XXL,S09,Winter,Senior,East,29,Yes,2025,1
2025-01-06 12:57:47.088924072,P017,M,S05,Spring,Teen,North,60,No,2025,1
2025-01-06 15:09:11.745978832,P007,M,S08,Winter,Senior,East,67,No,2025,1
2025-01-06 17:20:36.403033584,P016,M,S07,Winter,Teen,East,64,No,2025,1
2025-01-06 19:32:01.060088336,P014,S,S05,Summer,Adult,North,52,No,2025,1
2025-01-06 21:43:25.717143096,P026,L,S03,Winter,Teen,South,58,No,2025,1
2025-01-06 23:54:50.374197848,P016,L,S03,Spring,Senior,South,57,No,2025,1
2025-01-07 02:06:15.031252600,P007,XXL,S06,Winter,Teen,North,40,No,2025,1
2025-01-07 04:17:39.688307352,P009,L,S10,Spring,Young Adult,West,55,No,2025,1
2025-01-07 06:29:04.345362112,P004,M,S11,Spring,Adult,West,73,No,2025,1
2025-01-07 08:40:29.002416864,P030,S,S04,Summer,Teen,North,46,Yes,2025,1
2025-01-07 10:51:53.659471616,P030,XXL,S03,Spring,Adult,South,46,No,2025,1
2025-01-07 13:03:18.316526376,P022,M,S04,Winter,Adult,North,73,No,2025,1
2025-01-07 15:14:42.973581128,P011,M,S03,Summer,Adult,South,72,No,2025,1
2025-01-07 17:26:07.630635880,P002,XL,S12,Spring,Adult,West,53,No,2025,1
2025-01-07 19:37:32.287690640,P012,L,S10,Spring,Young Adult,West,59,No,2025,1
2025-01-07 21:48:56.944745392,P012,M,S11,Autumn,Young Adult,West,72,No,2025,1
2025-01-08 00:00:21.601800144,P030,XL,S11,Summer,Senior,West,43,No,2025,1
2025-01-08 02:11:46.258854904,P004,XXL,S12,Autumn,Senior,West,29,No,2025,1
2025-01-08 04:23:10.915909656,P018,S,S06,Spring,Senior,North,33,No,2025,1
2025-01-08 06:34:35.572964408,P026,XL,S07,Autumn,Senior,East,38,Yes,2025,1
2025-01-08 08:46:00.230019168,P021,M,S04,Winter,Adult,North,70,No,2025,1
2025-01-08 10:57:24.887073920,P007,L,S03,Winter,Adult,South,66,No,2025,1
2025-01-08 13:08:49.544128672,P029,XL,S03,Spring,Adult,South,49,No,2025,1
2025-01-08 15:20:14.201183432,P001,XXL,S11,Autumn,Young Adult,West,50,No,2025,1
2025-01-08 17:31:38.858238184,P026,M,S03,Autumn,Young Adult,South,61,No,2025,1
2025-01-08 19:43:03.515292936,P026,M,S09,Summer,Adult,East,62,No,2025,1
2025-01-08 21:54:28.172347696,P023,S,S11,Winter,Adult,West,49,No,2025,1
2025-01-09 00:05:52.829402448,P026,L,S11,Winter,Adult,West,61,No,2025,1
2025-01-09 02:17:17.486457200,P013,S,S12,Summer,Adult,West,48,Yes,2025,1
2025-01-09 04:28:42.143511960,P006,M,S03,Winter,Young Adult,South,76,No,2025,1
2025-01-09 06:40:06.800566712,P006,S,S03,Autumn,Teen,South,44,No,2025,1
2025-01-09 08:51:31.457621464,P012,M,S08,Autumn,Senior,East,64,No,2025,1
2025-01-09 11:02:56.114676216,P008,S,S04,Winter,Senior,North,45,No,2025,1
2025-01-09 13:14:20.771730976,P024,XL,S07,Summer,Teen,East,42,No,2025,1
2025-01-09 15:25:45.428785728,P022,M,S03,Spring,Young Adult,South,68,No,2025,1
2025-01-09 17:37:10.085840480,P019,M,S08,Spring,Young Adult,East,66,No,2025,1
2025-01-09 19:48:34.742895240,P005,XL,S03,Spring,Teen,South,49,No,2025,1
2025-01-09 21:59:59.399949992,P018,L,S05,Spring,Senior,North,46,Yes,2025,1
2025-01-10 00:11:24.057004744,P030,M,S01,Autumn,Senior,South,65,No,2025,1
2025-01-10 02:22:48.714059504,P005,S,S12,Spring,Teen,West,40,No,2025,1
2025-01-10 04:34:13.371114256,P030,L,S05,Autumn,Teen,North,52,No,2025,1
2025-01-10 06:45:38.028169008,P025,M,S06,Autumn,Adult,North,56,No,2025,1
2025-01-10 08:57:02.685223768,P010,L,S07,Spring,Teen,East,57,Yes,2025,1
2025-01-10 11:08:27.342278520,P001,M,S02,Spring,Teen,South,75,No,2025,1
2025-01-10 13:19:51.999333272,P010,M,S02,Spring,Senior,South,63,No,2025,1
2025-01-10 15:31:16.656388032,P005,M,S09,Winter,Adult,East,70,No,2025,1
2025-01-10 17:42:41.313442784,P012,L,S10,Winter,Adult,West,61,No,2025,1
2025-01-10 19:54:05.970497536,P022,XL,S01,Summer,Senior,South,53,Yes,2025,1
2025-01-10 22:05:30.627552296,P030,S,S02,Autumn,Senior,South,47,No,2025,1
2025-01-11 00:16:55.284607048,P027,L,S02,Spring,Young Adult,South,59,No,2025,1
2025-01-11 02:28:19.941661800,P007,S,S10,Winter,Adult,West,52,No,2025,1
2025-01-11 04:39:44.598716560,P009,M,S07,Summer,Teen,East,57,No,2025,1
2025-01-11 06:51:09.255771312,P022,XL,S06,Autumn,Adult,North,47,No,2025,1
2025-01-11 09:02:33.912826064,P021,M,S09,Autumn,Young Adult,East,58,No,2025,1
2025-01-11 11:13:58.569880824,P012,XL,S11,Autumn,Teen,West,41,No,2025,1
2025-01-11 13:25:23.226935576,P023,L,S07,Winter,Young Adult,East,55,No,2025,1
2025-01-11 15:36:47.883990328,P029,XL,S03,Spring,Senior,South,44,No,2025,1
2025-01-11 17:48:12.541045088,P001,L,S03,Spring,Young Adult,South,66,No,2025,1
2025-01-11 19:59:37.198099840,P011,S,S01,Autumn,Senior,South,43,No,2025,1
2025-01-11 22:11:01.855154592,P030,M,S08,Autumn,Young Adult,East,61,No,2025,1
2025-01-12 00:22:26.512209344,P021,M,S01,Summer,Senior,South,64,No,2025,1
2025-01-12 02:33:51.169264104,P015,M,S11,Summer,Adult,West,63,No,2025,1
2025-01-12 04:45:15.826318856,P002,M,S02,Autumn,Senior,South,66,Yes,2025,1
2025-01-12 06:56:40.483373608,P020,M,S11,Summer,Adult,West,65,Yes,2025,1
2025-01-12 09:08:05.140428368,P007,XXL,S12,Winter,Senior,West,35,Yes,2025,1
2025-01-12 11:19:29.797483120,P021,M,S07,Autumn,Young Adult,East,53,No,2025,1
2025-01-12 13:30:54.454537872,P012,L,S01,Summer,Young Adult,South,65,No,2025,1
2025-01-12 15:42:19.111592632,P022,XL,S12,Autumn,Young Adult,West,48,No,2025,1
2025-01-12 17:53:43.768647384,P018,XL,S04,Spring,Senior,North,41,No,2025,1
2025-01-12 20:05:08.425702136,P003,M,S09,Winter,Senior,East,55,No,2025,1
2025-01-12 22:16:33.082756896,P007,M,S08,Autumn,Young Adult,East,67,No,2025,1
2025-01-13 00:27:57.739811648,P011,M,S11,Spring,Adult,West,60,No,2025,1
2025-01-13 02:39:22.396866400,P018,M,S08,Autumn,Senior,East,50,No,2025,1
2025-01-13 04:50:47.053921160,P012,M,S12,Spring,Adult,West,60,No,2025,1
2025-01-13 07:02:11.710975912,P006,XL,S03,Summer,Senior,South,49,No,2025,1
2025-01-13 09:13:36.368030664,P005,M,S05,Spring,Young Adult,North,66,No,2025,1
2025-01-13 11:25:01.025085424,P026,L,S04,Winter,Adult,North,60,No,2025,1
2025-01-13 13:36:25.682140176,P001,XXL,S11,Winter,Teen,West,50,No,2025,1
2025-01-13 15:47:50.339194928,P012,S,S12,Summer,Senior,West,42,No,2025,1
2025-01-13 17:59:14.996249688,P027,M,S08,Autumn,Adult,East,69,No,2025,1
2025-01-13 20:10:39.653304440,P026,L,S11,Winter,Young Adult,West,63,No,2025,1
2025-01-13 22:22:04.310359192,P011,M,S07,Summer,Adult,East,70,No,2025,1
2025-01-14 00:33:28.967413952,P004,L,S07,Winter,Teen,East,56,No,2025,1
2025-01-14 02:44:53.624468704,P027,M,S10,Summer,Teen,West,69,No,2025,1
2025-01-14 04:56:18.281523456,P018,XL,S10,Winter,Adult,West,50,No,2025,1
2025-01-14 07:07:42.938578208,P004,M,S07,Summer,Teen,East,64,No,2025,1
2025-01-14 09:19:07.595632968,P017,M,S01,Winter,Senior,South,74,No,2025,1
2025-01-14 11:30:32.252687720,P002,L,S07,Autumn,Teen,East,58,No,2025,1
2025-01-14 13:41:56.909742472,P029,M,S04,Spring,Adult,North,67,No,2025,1
2025-01-14 15:53:21.566797232,P024,M,S12,Winter,Adult,West,65,No,2025,1
2025-01-14 18:04:46.223851984,P022,M,S03,Summer,Senior,South,63,No,2025,1
2025-01-14 20:16:10.880906736,P002,M,S12,Autumn,Senior,West,57,No,2025,1
2025-01-14 22:27:35.537961496,P012,L,S05,Winter,Adult,North,63,No,2025,1
2025-01-15 00:39:00.195016248,P006,L,S02,Summer,Young Adult,South,72,No,2025,1
2025-01-15 02:50:24.852071000,P010,L,S08,Spring,Senior,East,51,No,2025,1
2025-01-15 05:01:49.509125760,P025,L,S12,Summer,Young Adult,West,63,No,2025,1
2025-01-15 07:13:14.166180512,P023,M,S12,Winter,Teen,West,70,No,2025,1
2025-01-15 09:24:38.823235264,P025,S,S09,Summer,Teen,East,45,No,2025,1
2025-01-15 11:36:03.480290024,P021,L,S05,Summer,Senior,North,51,No,2025,1
2025-01-15 13:47:28.137344776,P023,XL,S03,Spring,Senior,South,48,Yes,2025,1
2025-01-15 15:58:52.794399528,P027,M,S10,Winter,Adult,West,73,No,2025,1
2025-01-15 18:10:17.451454288,P016,M,S07,Winter,Teen,East,61,No,2025,1
2025-01-15 20:21:42.108509040,P014,M,S01,Spring,Senior,South,63,No,2025,1
2025-01-15 22:33:06.765563792,P007,L,S10,Autumn,Adult,West,64,No,2025,1
2025-01-16 00:44:31.422618552,P028,L,S03,Summer,Young Adult,South,72,No,2025,1
2025-01-16 02:55:56.079673304,P028,S,S09,Summer,Adult,East,51,No,2025,1
2025-01-16 05:07:20.736728056,P019,L,S02,Summer,Teen,South,65,No,2025,1
2025-01-16 07:18:45.393782816,P023,S,S11,Winter,Adult,West,49,No,2025,1
2025-01-16 09:30:10.050837568,P017,M,S09,Winter,Adult,East,79,No,2025,1
2025-01-16 11:41:34.707892320,P009,XL,S11,Summer,Senior,West,49,No,2025,1
2025-01-16 13:52:59.364947072,P026,M,S01,Winter,Adult,South,68,No,2025,1
2025-01-16 16:04:24.022001832,P013,S,S04,Spring,Teen,North,38,No,2025,1
2025-01-16 18:15:48.679056584,P022,XXL,S12,Spring,Adult,West,38,No,2025,1
2025-01-16 20:27:13.336111336,P005,XL,S10,Winter,Adult,West,47,No,2025,1
2025-01-16 22:38:37.993166096,P023,L,S06,Summer,Teen,North,60,No,2025,1
2025-01-17 00:50:02.650220848,P005,M,S07,Summer,Young Adult,East,65,No,2025,1
2025-01-17 03:01:27.307275600,P010,M,S03,Summer,Young Adult,South,83,No,2025,1
2025-01-17 05:12:51.964330360,P021,XL,S09,Summer,Teen,East,44,Yes,2025,1
2025-01-17 07:24:16.621385112,P027,L,S04,Winter,Young Adult,North,67,No,2025,1
2025-01-17 09:35:41.278439864,P010,XL,S05,Autumn,Adult,North,53,No,2025,1
2025-01-17 11:47:05.935494624,P027,M,S08,Autumn,Senior,East,55,No,2025,1
2025-01-17 13:58:30.592549376,P007,M,S12,Summer,Teen,West,66,No,2025,1
2025-01-17 16:09:55.249604128,P026,XXL,S03,Summer,Adult,South,42,No,2025,1
2025-01-17 18:21:19.906658888,P015,L,S08,Summer,Senior,East,53,No,2025,1
2025-01-17 20:32:44.563713640,P007,S,S11,Autumn,Adult,West,46,No,2025,1
2025-01-17 22:44:09.220768392,P029,M,S01,Spring,Teen,South,65,No,2025,1
2025-01-18 00:55:33.877823152,P027,M,S08,Autumn,Adult,East,58,No,2025,1
2025-01-18 03:06:58.534877904,P015,S,S11,Winter,Teen,West,39,No,2025,1
2025-01-18 05:18:23.191932656,P003,M,S11,Autumn,Adult,West,58,No,2025,1
2025-01-18 07:29:47.848987416,P019,M,S12,Winter,Senior,West,63,No,2025,1
2025-01-18 09:41:12.506042168,P010,L,S10,Summer,Senior,West,67,No,2025,1
2025-01-18 11:52:37.163096920,P028,M,S08,Winter,Senior,East,65,No,2025,1
2025-01-18 14:04:01.820151680,P029,XXL,S06,Summer,Young Adult,North,42,No,2025,1
2025-01-18 16:15:26.477206432,P015,M,S05,Spring,Adult,North,58,No,2025,1
2025-01-18 18:26:51.134261184,P003,L,S09,Summer,Adult,East,59,No,2025,1
2025-01-18 20:38:15.791315936,P006,S,S06,Summer,Senior,North,44,No,2025,1
2025-01-18 22:49:40.448370696,P012,L,S01,Spring,Teen,South,57,No,2025,1
2025-01-19 01:01:05.105425448,P015,XXL,S12,Summer,Young Adult,West,41,No,2025,1
2025-01-19 03:12:29.762480200,P006,XL,S06,Summer,Adult,North,53,No,2025,1
2025-01-19 05:23:54.419534960,P013,L,S01,Summer,Adult,South,65,No,2025,1
2025-01-19 07:35:19.076589712,P029,M,S06,Autumn,Young Adult,North,63,No,2025,1
2025-01-19 09:46:43.733644464,P019,XL,S03,Winter,Young Adult,South,58,No,2025,1
2025-01-19 11:58:08.390699224,P003,XL,S06,Summer,Senior,North,45,No,2025,1
2025-01-19 14:09:33.047753976,P008,XXL,S06,Autumn,Young Adult,North,38,No,2025,1
2025-01-19 16:20:57.704808728,P008,M,S01,Summer,Senior,South,64,No,2025,1
2025-01-19 18:32:22.361863488,P023,XXL,S09,Winter,Young Adult,East,31,No,2025,1
2025-01-19 20:43:47.018918240,P026,M,S08,Summer,Young Adult,East,59,No,2025,1
2025-01-19 22:55:11.675972992,P020,M,S02,Winter,Adult,South,62,No,2025,1
2025-01-20 01:06:36.333027752,P015,S,S02,Autumn,Senior,South,44,No,2025,1
2025-01-20 03:18:00.990082504,P004,M,S05,Autumn,Young Adult,North,66,No,2025,1
2025-01-20 05:29:25.647137256,P019,L,S10,Summer,Young Adult,West,68,No,2025,1
2025-01-20 07:40:50.304192016,P021,XL,S02,Spring,Adult,South,42,No,2025,1
2025-01-20 09:52:14.961246768,P003,L,S11,Winter,Teen,West,66,No,2025,1
2025-01-20 12:03:39.618301520,P013,L,S01,Summer,Adult,South,66,Yes,2025,1
2025-01-20 14:15:04.275356280,P008,L,S02,Autumn,Senior,South,51,No,2025,1
2025-01-20 16:26:28.932411032,P023,L,S05,Summer,Teen,North,53,No,2025,1
2025-01-20 18:37:53.589465784,P016,M,S11,Winter,Young Adult,West,80,No,2025,1
2025-01-20 20:49:18.246520544,P013,XL,S10,Summer,Senior,West,53,No,2025,1
2025-01-20 23:00:42.903575296,P003,L,S07,Winter,Teen,East,62,No,2025,1
2025-01-21 01:12:07.560630048,P016,L,S05,Autumn,Senior,North,51,No,2025,1
2025-01-21 03:23:32.217684800,P009,L,S01,Spring,Adult,South,57,No,2025,1
2025-01-21 05:34:56.874739560,P028,XL,S07,Spring,Teen,East,41,No,2025,1
2025-01-21 07:46:21.531794312,P014,M,S06,Autumn,Teen,North,54,No,2025,1
2025-01-21 09:57:46.188849064,P013,M,S07,Autumn,Teen,East,64,No,2025,1
2025-01-21 12:09:10.845903824,P021,L,S02,Summer,Young Adult,South,59,No,2025,1
2025-01-21 14:20:35.502958576,P025,M,S05,Autumn,Adult,North,65,No,2025,1
2025-01-21 16:32:00.160013328,P007,XL,S08,Autumn,Teen,East,53,No,2025,1
2025-01-21 18:43:24.817068088,P015,M,S12,Winter,Senior,West,71,No,2025,1
2025-01-21 20:54:49.474122840,P007,M,S07,Summer,Young Adult,East,77,No,2025,1
2025-01-21 23:06:14.131177592,P006,XL,S06,Winter,Adult,North,54,No,2025,1
2025-01-22 01:17:38.788232352,P002,M,S06,Summer,Adult,North,75,No,2025,1
2025-01-22 03:29:03.445287104,P009,L,S12,Summer,Adult,West,66,No,2025,1
2025-01-22 05:40:28.102341856,P022,M,S01,Spring,Adult,South,69,No,2025,1
2025-01-22 07:51:52.759396616,P024,M,S01,Spring,Young Adult,South,64,No,2025,1
2025-01-22 10:03:17.416451368,P017,L,S07,Autumn,Adult,East,61,No,2025,1
2025-01-22 12:14:42.073506120,P005,S,S03,Summer,Senior,South,39,No,2025,1
2025-01-22 14:26:06.730560880,P012,XL,S06,Autumn,Senior,North,41,No,2025,1
2025-01-22 16:37:31.387615632,P001,L,S12,Winter,Senior,West,61,No,2025,1
2025-01-22 18:48:56.044670384,P010,M,S05,Autumn,Teen,North,64,No,2025,1
2025-01-22 21:00:20.701725144,P011,L,S03,Winter,Adult,South,63,No,2025,1
2025-01-22 23:11:45.358779896,P016,L,S06,Spring,Senior,North,58,No,2025,1
2025-01-23 01:23:10.015834648,P014,M,S03,Spring,Adult,South,61,No,2025,1
2025-01-23 03:34:34.672889408,P008,M,S08,Winter,Young Adult,East,66,No,2025,1
2025-01-23 05:45:59.329944160,P024,M,S07,Winter,Senior,East,63,No,2025,1
2025-01-23 07:57:23.986998912,P017,L,S09,Winter,Teen,East,61,No,2025,1
2025-01-23 10:08:48.644053664,P025,L,S05,Autumn,Teen,North,52,No,2025,1
2025-01-23 12:20:13.301108424,P018,L,S12,Winter,Young Adult,West,70,No,2025,1
2025-01-23 14:31:37.958163176,P012,L,S01,Summer,Senior,South,59,No,2025,1
2025-01-23 16:43:02.615217928,P025,L,S11,Winter,Young Adult,West,62,No,2025,1
2025-01-23 18:54:27.272272688,P017,L,S10,Spring,Teen,West,67,No,2025,1
2025-01-23 21:05:51.929327440,P028,L,S11,Winter,Teen,West,57,No,2025,1
2025-01-23 23:17:16.586382192,P026,M,S08,Spring,Adult,East,64,No,2025,1
2025-01-24 01:28:41.243436952,P014,XL,S02,Spring,Young Adult,South,58,No,2025,1
2025-01-24 03:40:05.900491704,P016,L,S06,Autumn,Teen,North,61,No,2025,1
2025-01-24 05:51:30.557546456,P014,XL,S01,Winter,Senior,South,46,No,2025,1
2025-01-24 08:02:55.214601216,P009,L,S06,Spring,Senior,North,48,No,2025,1
2025-01-24 10:14:19.871655968,P004,M,S04,Summer,Teen,North,61,No,2025,1
2025-01-24 12:25:44.528710720,P025,L,S05,Winter,Young Adult,North,61,No,2025,1
2025-01-24 14:37:09.185765480,P023,M,S10,Winter,Young Adult,West,75,No,2025,1
2025-01-24 16:48:33.842820232,P011,L,S07,Spring,Senior,East,55,No,2025,1
2025-01-24 18:59:58.499874984,P006,M,S06,Autumn,Teen,North,60,No,2025,1
2025-01-24 21:11:23.156929744,P015,XL,S01,Autumn,Senior,South,40,No,2025,1
2025-01-24 23:22:47.813984496,P005,L,S09,Winter,Young Adult,East,64,No,2025,1
2025-01-25 01:34:12.471039248,P011,L,S06,Winter,Teen,North,58,No,2025,1
2025-01-25 03:45:37.128094008,P025,M,S06,Autumn,Senior,North,64,Yes,2025,1
2025-01-25 05:57:01.785148760,P018,XXL,S09,Autumn,Teen,East,29,No,2025,1
2025-01-25 08:08:26.442203512,P030,XL,S12,Summer,Adult,West,49,No,2025,1
2025-01-25 10:19:51.099258272,P013,L,S10,Winter,Senior,West,59,No,2025,1
2025-01-25 12:31:15.756313024,P011,M,S05,Winter,Senior,North,68,No,2025,1
2025-01-25 14:42:40.413367776,P014,L,S11,Winter,Adult,West,64,No,2025,1
2025-01-25 16:54:05.070422536,P028,S,S06,Autumn,Young Adult,North,47,No,2025,1
2025-01-25 19:05:29.727477288,P018,L,S06,Spring,Senior,North,46,No,2025,1
2025-01-25 21:16:54.384532040,P027,S,S07,Summer,Senior,East,43,No,2025,1
2025-01-25 23:28:19.041586792,P028,L,S09,Autumn,Young Adult,East,51,Yes,2025,1
2025-01-26 01:39:43.698641552,P025,L,S05,Autumn,Teen,North,49,No,2025,1
2025-01-26 03:51:08.355696304,P028,M,S05,Summer,Adult,North,69,No,2025,1
2025-01-26 06:02:33.012751056,P019,M,S04,Winter,Young Adult,North,64,No,2025,1
2025-01-26 08:13:57.669805816,P024,XL,S10,Spring,Teen,West,48,No,2025,1
2025-01-26 10:25:22.326860568,P027,S,S04,Summer,Adult,North,55,No,2025,1
2025-01-26 12:36:46.983915320,P015,L,S12,Spring,Teen,West,56,No,2025,1
2025-01-26 14:48:11.640970080,P009,M,S08,Winter,Senior,East,61,No,2025,1
2025-01-26 16:59:36.298024832,P008,S,S02,Spring,Adult,South,46,No,2025,1
2025-01-26 19:11:00.955079584,P020,M,S10,Winter,Teen,West,68,No,2025,1
2025-01-26 21:22:25.612134344,P028,L,S08,Autumn,Adult,East,49,No,2025,1
2025-01-26 23:33:50.269189096,P001,M,S02,Winter,Teen,South,71,No,2025,1
2025-01-27 01:45:14.926243848,P004,XL,S01,Summer,Teen,South,56,No,2025,1
2025-01-27 03:56:39.583298608,P014,L,S10,Summer,Senior,West,55,No,2025,1
2025-01-27 06:08:04.240353360,P025,S,S09,Winter,Young Adult,East,50,No,2025,1
2025-01-27 08:19:28.897408112,P002,L,S11,Winter,Adult,West,75,No,2025,1
2025-01-27 10:30:53.554462872,P016,S,S08,Autumn,Senior,East,36,No,2025,1
2025-01-27 12:42:18.211517624,P003,L,S06,Autumn,Adult,North,50,No,2025,1
2025-01-27 14:53:42.868572376,P026,M,S04,Winter,Young Adult,North,61,No,2025,1
2025-01-27 17:05:07.525627136,P008,M,S02,Spring,Senior,South,57,No,2025,1
2025-01-27 19:16:32.182681888,P006,L,S08,Autumn,Young Adult,East,55,No,2025,1
2025-01-27 21:27:56.839736640,P016,XXL,S03,Summer,Senior,South,34,No,2025,1
2025-01-27 23:39:21.496791400,P024,M,S10,Autumn,Senior,West,64,No,2025,1
2025-01-28 01:50:46.153846152,P016,XL,S04,Autumn,Senior,North,40,No,2025,1
2025-01-28 04:02:10.810900904,P007,M,S05,Autumn,Senior,North,57,No,2025,1
2025-01-28 06:13:35.467955656,P030,XL,S04,Autumn,Teen,North,46,Yes,2025,1
2025-01-28 08:25:00.125010416,P013,L,S11,Winter,Adult,West,68,No,2025,1
2025-01-28 10:36:24.782065168,P013,M,S08,Autumn,Teen,East,53,No,2025,1
2025-01-28 12:47:49.439119920,P005,M,S09,Spring,Teen,East,55,No,2025,1
2025-01-28 14:59:14.096174680,P025,S,S01,Autumn,Teen,South,42,No,2025,1
2025-01-28 17:10:38.753229432,P020,M,S02,Autumn,Senior,South,51,No,2025,1
2025-01-28 19:22:03.410284184,P022,M,S12,Summer,Senior,West,63,No,2025,1
2025-01-28 21:33:28.067338944,P018,L,S04,Autumn,Young Adult,North,52,No,2025,1
2025-01-28 23:44:52.724393696,P015,XXL,S01,Summer,Adult,South,35,No,2025,1
2025-01-29 01:56:17.381448448,P018,S,S11,Summer,Young Adult,West,47,No,2025,1
2025-01-29 04:07:42.038503208,P002,L,S06,Winter,Young Adult,North,61,No,2025,1
2025-01-29 06:19:06.695557960,P010,L,S12,Summer,Adult,West,71,No,2025,1
2025-01-29 08:30:31.352612712,P023,XL,S05,Summer,Adult,North,43,No,2025,1
2025-01-29 10:41:56.009667472,P013,L,S07,Spring,Young Adult,East,56,No,2025,1
2025-01-29 12:53:20.666722224,P018,L,S12,Spring,Young Adult,West,58,No,2025,1
2025-01-29 15:04:45.323776976,P015,M,S06,Summer,Young Adult,North,65,No,2025,1
2025-01-29 17:16:09.980831736,P012,M,S03,Winter,Senior,South,73,No,2025,1
2025-01-29 19:27:34.637886488,P015,S,S05,Spring,Adult,North,42,No,2025,1
2025-01-29 21:38:59.294941240,P013,M,S03,Spring,Adult,South,70,No,2025,1
2025-01-29 23:50:23.951996000,P018,S,S09,Winter,Teen,East,44,No,2025,1
2025-01-30 02:01:48.609050752,P015,L,S02,Autumn,Senior,South,46,No,2025,1
2025-01-30 04:13:13.266105504,P025,M,S06,Spring,Senior,North,65,No,2025,1
2025-01-30 06:24:37.923160264,P023,L,S09,Summer,Adult,East,62,No,2025,1
2025-01-30 08:36:02.580215016,P011,S,S10,Summer,Senior,West,47,No,2025,1
2025-01-30 10:47:27.237269768,P019,XL,S07,Summer,Young Adult,East,51,No,2025,1
2025-01-30 12:58:51.894324520,P003,XL,S05,Winter,Adult,North,45,No,2025,1
2025-01-30 15:10:16.551379280,P007,M,S02,Summer,Adult,South,71,No,2025,1
2025-01-30 17:21:41.208434032,P021,M,S02,Autumn,Senior,South,54,No,2025,1
2025-01-30 19:33:05.865488784,P026,L,S04,Winter,Adult,North,51,No,2025,1
2025-01-30 21:44:30.522543544,P014,S,S10,Spring,Senior,West,49,No,2025,1
2025-01-30 23:55:55.179598296,P014,M,S12,Winter,Senior,West,62,No,2025,1
2025-01-31 02:07:19.836653048,P022,M,S02,Summer,Senior,South,63,No,2025,1
2025-01-31 04:18:44.493707808,P013,XL,S12,Winter,Young Adult,West,57,No,2025,1
2025-01-31 06:30:09.150762560,P012,XL,S08,Winter,Senior,East,45,No,2025,1
2025-01-31 08:41:33.807817312,P024,L,S10,Winter,Senior,West,59,Yes,2025,1
2025-01-31 10:52:58.464872072,P009,L,S07,Winter,Teen,East,57,No,2025,1
2025-01-31 13:04:23.121926824,P001,XL,S07,Autumn,Teen,East,42,No,2025,1
2025-01-31 15:15:47.778981576,P019,XL,S03,Winter,Young Adult,South,53,Yes,2025,1
2025-01-31 17:27:12.436036336,P011,XXL,S07,Summer,Young Adult,East,36,No,2025,1
2025-01-31 19:38:37.093091088,P023,S,S08,Spring,Senior,East,29,No,2025,1
2025-01-31 21:50:01.750145840,P022,M,S05,Autumn,Teen,North,58,No,2025,1
2025-02-01 00:01:26.407200600,P023,L,S01,Winter,Young Adult,South,66,No,2025,2
2025-02-01 02:12:51.064255352,P024,L,S01,Spring,Adult,South,60,No,2025,2
2025-02-01 04:24:15.721310104,P022,S,S12,Autumn,Adult,West,40,No,2025,2
2025-02-01 06:35:40.378364864,P019,S,S11,Summer,Senior,West,37,No,2025,2
2025-02-01 08:47:05.035419616,P018,XL,S04,Summer,Teen,North,49,No,2025,2
2025-02-01 10:58:29.692474368,P012,XL,S02,Spring,Adult,South,58,No,2025,2
2025-02-01 13:09:54.349529128,P023,M,S07,Winter,Teen,East,64,No,2025,2
2025-02-01 15:21:19.006583880,P028,XL,S03,Spring,Young Adult,South,52,No,2025,2
2025-02-01 17:32:43.663638632,P028,L,S12,Autumn,Teen,West,59,No,2025,2
2025-02-01 19:44:08.320693384,P028,XL,S04,Spring,Senior,North,49,No,2025,2
2025-02-01 21:55:32.977748144,P027,M,S09,Spring,Teen,East,65,No,2025,2
2025-02-02 00:06:57.634802896,P001,S,S02,Winter,Adult,South,57,No,2025,2
2025-02-02 02:18:22.291857648,P019,M,S12,Summer,Teen,West,58,No,2025,2
2025-02-02 04:29:46.948912408,P028,M,S08,Winter,Teen,East,65,No,2025,2
2025-02-02 06:41:11.605967160,P027,L,S01,Summer,Teen,South,66,No,2025,2
2025-02-02 08:52:36.263021912,P020,S,S03,Winter,Young Adult,South,57,No,2025,2
2025-02-02 11:04:00.920076672,P029,XXL,S04,Summer,Senior,North,41,No,2025,2
2025-02-02 13:15:25.577131424,P030,M,S06,Winter,Adult,North,71,No,2025,2
2025-02-02 15:26:50.234186176,P017,M,S01,Summer,Adult,South,70,No,2025,2
2025-02-02 17:38:14.891240936,P005,L,S08,Summer,Teen,East,56,Yes,2025,2
2025-02-02 19:49:39.548295688,P026,L,S02,Summer,Teen,South,52,No,2025,2
2025-02-02 22:01:04.205350440,P003,M,S05,Summer,Young Adult,North,72,No,2025,2
2025-02-03 00:12:28.862405200,P002,L,S06,Winter,Senior,North,67,No,2025,2
2025-02-03 02:23:53.519459952,P003,L,S08,Autumn,Adult,East,58,No,2025,2
2025-02-03 04:35:18.176514704,P008,L,S03,Summer,Senior,South,64,No,2025,2
2025-02-03 06:46:42.833569464,P016,L,S12,Summer,Adult,West,68,No,2025,2
2025-02-03 08:58:07.490624216,P006,S,S09,Summer,Teen,East,41,No,2025,2
2025-02-03 11:09:32.147678968,P013,L,S12,Summer,Young Adult,West,68,No,2025,2
2025-02-03 13:20:56.804733728,P030,XL,S05,Summer,Young Adult,North,51,Yes,2025,2
2025-02-03 15:32:21.461788480,P023,S,S08,Spring,Teen,East,37,No,2025,2
2025-02-03 17:43:46.118843232,P028,M,S04,Spring,Teen,North,66,No,2025,2
2025-02-03 19:55:10.775897992,P022,XL,S12,Summer,Teen,West,59,No,2025,2
2025-02-03 22:06:35.432952744,P022,M,S09,Summer,Senior,East,59,No,2025,2
2025-02-04 00:18:00.090007496,P016,M,S08,Summer,Teen,East,63,No,2025,2
2025-02-04 02:29:24.747062256,P028,XXL,S05,Autumn,Senior,North,34,No,2025,2
2025-02-04 04:40:49.404117008,P016,M,S03,Winter,Teen,South,75,No,2025,2
2025-02-04 06:52:14.061171760,P003,S,S01,Summer,Young Adult,South,56,No,2025,2
2025-02-04 09:03:38.718226512,P028,XL,S05,Autumn,Senior,North,39,No,2025,2
2025-02-04 11:15:03.375281272,P013,XL,S05,Autumn,Young Adult,North,41,No,2025,2
2025-02-04 13:26:28.032336024,P014,M,S04,Summer,Teen,North,67,No,2025,2
2025-02-04 15:37:52.689390776,P008,L,S10,Winter,Teen,West,65,No,2025,2
2025-02-04 17:49:17.346445536,P012,XL,S10,Spring,Adult,West,45,No,2025,2
2025-02-04 20:00:42.003500288,P023,L,S08,Summer,Senior,East,50,No,2025,2
2025-02-04 22:12:06.660555040,P023,M,S03,Summer,Senior,South,63,No,2025,2
2025-02-05 00:23:31.317609800,P022,S,S12,Spring,Senior,West,45,No,2025,2
2025-02-05 02:34:55.974664552,P021,M,S10,Winter,Senior,West,55,No,2025,2
2025-02-05 04:46:20.631719304,P026,XL,S09,Spring,Young Adult,East,48,Yes,2025,2
2025-02-05 06:57:45.288774064,P008,XL,S03,Summer,Senior,South,45,No,2025,2
2025-02-05 09:09:09.945828816,P021,XXL,S04,Summer,Young Adult,North,39,No,2025,2
2025-02-05 11:20:34.602883568,P025,XL,S06,Autumn,Teen,North,49,No,2025,2
2025-02-05 13:31:59.259938328,P009,L,S09,Spring,Young Adult,East,60,No,2025,2
2025-02-05 15:43:23.916993080,P001,M,S10,Autumn,Senior,West,64,No,2025,2
2025-02-05 17:54:48.574047832,P006,L,S02,Autumn,Young Adult,South,56,No,2025,2
2025-02-05 20:06:13.231102592,P023,L,S02,Autumn,Senior,South,50,No,2025,2
2025-02-05 22:17:37.888157344,P019,L,S02,Autumn,Young Adult,South,63,No,2025,2
2025-02-06 00:29:02.545212096,P023,S,S05,Spring,Adult,North,33,No,2025,2
2025-02-06 02:40:27.202266856,P011,XL,S06,Spring,Senior,North,46,No,2025,2
2025-02-06 04:51:51.859321608,P011,M,S03,Spring,Young Adult,South,63,No,2025,2
2025-02-06 07:03:16.516376360,P023,M,S03,Summer,Senior,South,54,No,2025,2
2025-02-06 09:14:41.173431120,P030,L,S02,Winter,Teen,South,70,No,2025,2
2025-02-06 11:26:05.830485872,P013,L,S11,Autumn,Young Adult,West,54,No,2025,2
2025-02-06 13:37:30.487540624,P011,M,S06,Summer,Young Adult,North,62,No,2025,2
2025-02-06 15:48:55.144595376,P018,XL,S01,Spring,Adult,South,50,No,2025,2
2025-02-06 18:00:19.801650136,P023,M,S09,Spring,Senior,East,59,No,2025,2
2025-02-06 20:11:44.458704888,P015,M,S11,Summer,Young Adult,West,71,No,2025,2
2025-02-06 22:23:09.115759640,P001,M,S10,Autumn,Adult,West,69,No,2025,2
2025-02-07 00:34:33.772814400,P021,L,S04,Spring,Adult,North,49,No,2025,2
2025-02-07 02:45:58.429869152,P025,XXL,S02,Autumn,Adult,South,44,Yes,2025,2
2025-02-07 04:57:23.086923904,P007,XL,S12,Autumn,Senior,West,41,No,2025,2
2025-02-07 07:08:47.743978664,P023,XL,S06,Winter,Senior,North,38,No,2025,2
2025-02-07 09:20:12.401033416,P027,S,S05,Spring,Young Adult,North,43,No,2025,2
2025-02-07 11:31:37.058088168,P013,S,S03,Summer,Senior,South,38,No,2025,2
2025-02-07 13:43:01.715142928,P012,L,S03,Winter,Senior,South,63,Yes,2025,2
2025-02-07 15:54:26.372197680,P018,M,S05,Autumn,Teen,North,58,No,2025,2
2025-02-07 18:05:51.029252432,P024,XL,S04,Summer,Senior,North,47,No,2025,2
2025-02-07 20:17:15.686307192,P019,L,S05,Winter,Teen,North,59,No,2025,2
2025-02-07 22:28:40.343361944,P015,XXL,S02,Winter,Young Adult,South,45,No,2025,2
2025-02-08 00:40:05.000416696,P008,M,S11,Winter,Adult,West,62,No,2025,2
2025-02-08 02:51:29.657471456,P019,M,S01,Autumn,Teen,South,57,No,2025,2
2025-02-08 05:02:54.314526208,P010,L,S05,Autumn,Young Adult,North,56,No,2025,2
2025-02-08 07:14:18.971580960,P007,M,S11,Spring,Teen,West,60,No,2025,2
2025-02-08 09:25:43.628635720,P018,L,S01,Winter,Senior,South,57,No,2025,2
2025-02-08 11:37:08.285690472,P016,M,S03,Summer,Young Adult,South,74,No,2025,2
2025-02-08 13:48:32.942745224,P020,M,S08,Autumn,Adult,East,65,No,2025,2
2025-02-08 15:59:57.599799984,P027,M,S11,Winter,Teen,West,64,No,2025,2
2025-02-08 18:11:22.256854736,P006,S,S08,Summer,Senior,East,45,No,2025,2
2025-02-08 20:22:46.913909488,P027,L,S09,Autumn,Young Adult,East,61,No,2025,2
2025-02-08 22:34:11.570964240,P009,M,S01,Summer,Senior,South,73,No,2025,2
2025-02-09 00:45:36.228019000,P021,S,S04,Summer,Young Adult,North,42,No,2025,2
2025-02-09 02:57:00.885073752,P013,M,S06,Spring,Teen,North,65,No,2025,2
2025-02-09 05:08:25.542128504,P025,M,S07,Autumn,Young Adult,East,69,No,2025,2
2025-02-09 07:19:50.199183264,P021,M,S05,Autumn,Teen,North,62,No,2025,2
2025-02-09 09:31:14.856238016,P026,S,S07,Autumn,Young Adult,East,32,Yes,2025,2
2025-02-09 11:42:39.513292768,P008,L,S11,Autumn,Senior,West,53,No,2025,2
2025-02-09 13:54:04.170347528,P016,L,S10,Spring,Senior,West,63,No,2025,2
2025-02-09 16:05:28.827402280,P013,L,S08,Spring,Teen,East,45,No,2025,2
2025-02-09 18:16:53.484457032,P013,XL,S10,Winter,Adult,West,56,No,2025,2
2025-02-09 20:28:18.141511792,P017,M,S06,Autumn,Teen,North,71,No,2025,2
2025-02-09 22:39:42.798566544,P023,L,S11,Summer,Senior,West,50,No,2025,2
2025-02-10 00:51:07.455621296,P020,XL,S04,Spring,Young Adult,North,43,No,2025,2
2025-02-10 03:02:32.112676056,P005,M,S01,Summer,Adult,South,70,No,2025,2
2025-02-10 05:13:56.769730808,P022,L,S11,Summer,Senior,West,64,No,2025,2
2025-02-10 07:25:21.426785560,P021,M,S05,Summer,Adult,North,63,No,2025,2
2025-02-10 09:36:46.083840320,P028,M,S10,Winter,Teen,West,72,No,2025,2
2025-02-10 11:48:10.740895072,P017,L,S10,Winter,Senior,West,69,Yes,2025,2
2025-02-10 13:59:35.397949824,P028,M,S10,Autumn,Teen,West,68,No,2025,2
2025-02-10 16:11:00.055004584,P009,M,S04,Spring,Senior,North,54,No,2025,2
2025-02-10 18:22:24.712059336,P002,M,S05,Autumn,Senior,North,69,No,2025,2
2025-02-10 20:33:49.369114088,P025,M,S04,Winter,Teen,North,69,No,2025,2
2025-02-10 22:45:14.026168848,P026,M,S09,Winter,Senior,East,60,No,2025,2
2025-02-11 00:56:38.683223600,P018,L,S03,Summer,Adult,South,67,No,2025,2
2025-02-11 03:08:03.340278352,P009,L,S03,Autumn,Adult,South,66,No,2025,2
2025-02-11 05:19:27.997333104,P006,L,S10,Summer,Teen,West,52,No,2025,2
2025-02-11 07:30:52.654387864,P011,M,S07,Winter,Young Adult,East,66,No,2025,2
2025-02-11 09:42:17.311442616,P025,XXL,S02,Autumn,Adult,South,40,No,2025,2
2025-02-11 11:53:41.968497368,P029,L,S09,Autumn,Senior,East,54,No,2025,2
2025-02-11 14:05:06.625552128,P006,M,S08,Spring,Teen,East,55,No,2025,2
2025-02-11 16:16:31.282606880,P006,XL,S12,Winter,Young Adult,West,56,No,2025,2
2025-02-11 18:27:55.939661632,P013,L,S06,Winter,Teen,North,57,No,2025,2
2025-02-11 20:39:20.596716392,P011,L,S09,Spring,Adult,East,55,No,2025,2
2025-02-11 22:50:45.253771144,P014,M,S11,Winter,Senior,West,65,No,2025,2
2025-02-12 01:02:09.910825896,P002,M,S03,Summer,Adult,South,75,No,2025,2
2025-02-12 03:13:34.567880656,P008,XL,S04,Summer,Teen,North,40,No,2025,2
2025-02-12 05:24:59.224935408,P003,L,S07,Summer,Senior,East,54,No,2025,2
2025-02-12 07:36:23.881990160,P023,L,S01,Autumn,Young Adult,South,53,No,2025,2
2025-02-12 09:47:48.539044920,P021,L,S01,Summer,Adult,South,59,No,2025,2
2025-02-12 11:59:13.196099672,P003,XL,S01,Winter,Teen,South,44,No,2025,2
2025-02-12 14:10:37.853154424,P001,M,S12,Spring,Senior,West,69,No,2025,2
2025-02-12 16:22:02.510209184,P024,L,S08,Summer,Teen,East,61,No,2025,2
2025-02-12 18:33:27.167263936,P019,S,S06,Summer,Young Adult,North,40,No,2025,2
2025-02-12 20:44:51.824318688,P018,L,S03,Autumn,Young Adult,South,67,No,2025,2
2025-02-12 22:56:16.481373448,P017,L,S10,Winter,Adult,West,63,Yes,2025,2
2025-02-13 01:07:41.138428200,P020,S,S07,Spring,Young Adult,East,45,No,2025,2
2025-02-13 03:19:05.795482952,P029,L,S06,Winter,Young Adult,North,66,No,2025,2
2025-02-13 05:30:30.452537712,P024,M,S05,Summer,Adult,North,63,No,2025,2
2025-02-13 07:41:55.109592464,P013,S,S03,Winter,Teen,South,52,No,2025,2
2025-02-13 09:53:19.766647216,P003,M,S04,Spring,Adult,North,64,No,2025,2
2025-02-13 12:04:44.423701968,P030,M,S11,Summer,Adult,West,71,No,2025,2
2025-02-13 14:16:09.080756728,P001,M,S11,Winter,Senior,West,76,No,2025,2
2025-02-13 16:27:33.737811480,P004,M,S01,Spring,Young Adult,South,70,No,2025,2
2025-02-13 18:38:58.394866232,P025,L,S09,Summer,Young Adult,East,55,No,2025,2
2025-02-13 20:50:23.051920992,P013,L,S05,Summer,Teen,North,57,No,2025,2
2025-02-13 23:01:47.708975744,P017,L,S02,Winter,Young Adult,South,66,No,2025,2
2025-02-14 01:13:12.366030496,P028,S,S12,Autumn,Teen,West,34,No,2025,2
2025-02-14 03:24:37.023085256,P030,XL,S11,Autumn,Senior,West,51,No,2025,2
2025-02-14 05:36:01.680140008,P011,L,S09,Spring,Teen,East,48,No,2025,2
2025-02-14 07:47:26.337194760,P002,S,S12,Winter,Teen,West,54,No,2025,2
2025-02-14 09:58:50.994249520,P025,XL,S07,Spring,Senior,East,37,No,2025,2
2025-02-14 12:10:15.651304272,P016,M,S08,Winter,Adult,East,75,No,2025,2
2025-02-14 14:21:40.308359024,P002,L,S03,Spring,Senior,South,67,No,2025,2
2025-02-14 16:33:04.965413784,P029,M,S07,Spring,Young Adult,East,74,Yes,2025,2
2025-02-14 18:44:29.622468536,P019,M,S11,Winter,Young Adult,West,68,Yes,2025,2
2025-02-14 20:55:54.279523288,P023,XL,S01,Autumn,Senior,South,40,No,2025,2
2025-02-14 23:07:18.936578048,P019,M,S06,Spring,Teen,North,61,No,2025,2
2025-02-15 01:18:43.593632800,P025,S,S10,Winter,Senior,West,44,Yes,2025,2
2025-02-15 03:30:08.250687552,P016,XL,S06,Winter,Young Adult,North,48,No,2025,2
2025-02-15 05:41:32.907742312,P022,XL,S11,Winter,Senior,West,60,No,2025,2
2025-02-15 07:52:57.564797064,P019,L,S10,Summer,Teen,West,58,No,2025,2
2025-02-15 10:04:22.221851816,P009,M,S12,Winter,Young Adult,West,77,No,2025,2
2025-02-15 12:15:46.878906576,P001,S,S06,Winter,Adult,North,53,No,2025,2
2025-02-15 14:27:11.535961328,P010,L,S03,Summer,Senior,South,68,No,2025,2
2025-02-15 16:38:36.193016080,P019,S,S06,Summer,Senior,North,34,Yes,2025,2
2025-02-15 18:50:00.850070832,P001,S,S03,Autumn,Senior,South,39,No,2025,2
2025-02-15 21:01:25.507125592,P002,L,S10,Winter,Senior,West,63,No,2025,2
2025-02-15 23:12:50.164180344,P016,M,S09,Spring,Young Adult,East,60,No,2025,2
2025-02-16 01:24:14.821235096,P012,S,S07,Summer,Teen,East,38,No,2025,2
2025-02-16 03:35:39.478289856,P008,M,S04,Summer,Adult,North,71,No,2025,2
2025-02-16 05:47:04.135344608,P023,S,S03,Autumn,Senior,South,40,No,2025,2
2025-02-16 07:58:28.792399360,P018,M,S06,Autumn,Young Adult,North,66,No,2025,2
2025-02-16 10:09:53.449454120,P002,S,S09,Autumn,Senior,East,42,No,2025,2
2025-02-16 12:21:18.106508872,P025,M,S03,Winter,Adult,South,77,No,2025,2
2025-02-16 14:32:42.763563624,P029,L,S08,Winter,Senior,East,55,No,2025,2
2025-02-16 16:44:07.420618384,P013,XL,S06,Winter,Teen,North,54,No,2025,2
2025-02-16 18:55:32.077673136,P006,M,S04,Summer,Senior,North,67,No,2025,2
2025-02-16 21:06:56.734727888,P021,L,S05,Autumn,Senior,North,45,No,2025,2
2025-02-16 23:18:21.391782648,P026,S,S03,Summer,Senior,South,37,No,2025,2
2025-02-17 01:29:46.048837400,P006,S,S02,Spring,Teen,South,49,No,2025,2
2025-02-17 03:41:10.705892152,P009,M,S09,Winter,Young Adult,East,63,No,2025,2
2025-02-17 05:52:35.362946912,P016,L,S03,Summer,Teen,South,59,No,2025,2
2025-02-17 08:04:00.020001664,P011,L,S06,Spring,Young Adult,North,58,No,2025,2
2025-02-17 10:15:24.677056416,P007,L,S05,Summer,Teen,North,64,No,2025,2
2025-02-17 12:26:49.334111176,P010,M,S10,Spring,Teen,West,60,No,2025,2
2025-02-17 14:38:13.991165928,P010,S,S11,Summer,Senior,West,48,No,2025,2
2025-02-17 16:49:38.648220680,P030,L,S08,Summer,Teen,East,55,No,2025,2
2025-02-17 19:01:03.305275440,P025,M,S05,Winter,Young Adult,North,76,No,2025,2
2025-02-17 21:12:27.962330192,P020,L,S11,Summer,Young Adult,West,67,No,2025,2
2025-02-17 23:23:52.619384944,P018,L,S08,Summer,Young Adult,East,57,No,2025,2
2025-02-18 01:35:17.276439704,P028,L,S11,Autumn,Young Adult,West,59,No,2025,2
2025-02-18 03:46:41.933494456,P024,XL,S05,Summer,Teen,North,42,No,2025,2
2025-02-18 05:58:06.590549208,P020,XL,S11,Winter,Senior,West,49,No,2025,2
2025-02-18 08:09:31.247603960,P029,L,S10,Summer,Adult,West,69,No,2025,2
2025-02-18 10:20:55.904658720,P009,L,S06,Winter,Young Adult,North,63,No,2025,2
2025-02-18 12:32:20.561713472,P015,M,S05,Autumn,Teen,North,55,No,2025,2
2025-02-18 14:43:45.218768224,P004,XL,S02,Winter,Senior,South,61,No,2025,2
2025-02-18 16:55:09.875822984,P008,M,S10,Autumn,Teen,West,64,Yes,2025,2
2025-02-18 19:06:34.532877736,P009,S,S10,Autumn,Young Adult,West,49,No,2025,2
2025-02-18 21:17:59.189932488,P013,M,S06,Autumn,Young Adult,North,61,No,2025,2
2025-02-18 23:29:23.846987248,P009,S,S07,Autumn,Senior,East,45,No,2025,2
2025-02-19 01:40:48.504042000,P026,L,S03,Autumn,Teen,South,47,No,2025,2
2025-02-19 03:52:13.161096752,P004,L,S03,Winter,Young Adult,South,77,No,2025,2
2025-02-19 06:03:37.818151512,P017,M,S12,Autumn,Young Adult,West,73,No,2025,2
2025-02-19 08:15:02.475206264,P016,S,S07,Autumn,Adult,East,39,No,2025,2
2025-02-19 10:26:27.132261016,P015,XL,S11,Autumn,Adult,West,51,No,2025,2
2025-02-19 12:37:51.789315776,P003,L,S10,Autumn,Young Adult,West,52,No,2025,2
2025-02-19 14:49:16.446370528,P025,XL,S04,Autumn,Adult,North,44,No,2025,2
2025-02-19 17:00:41.103425280,P020,M,S02,Spring,Adult,South,62,No,2025,2
2025-02-19 19:12:05.760480040,P005,L,S09,Summer,Young Adult,East,54,Yes,2025,2
2025-02-19 21:23:30.417534792,P023,M,S09,Summer,Teen,East,55,No,2025,2
2025-02-19 23:34:55.074589544,P005,M,S06,Autumn,Teen,North,60,No,2025,2
2025-02-20 01:46:19.731644304,P020,S,S02,Autumn,Teen,South,37,No,2025,2
2025-02-20 03:57:44.388699056,P015,M,S03,Spring,Senior,South,59,No,2025,2
2025-02-20 06:09:09.045753808,P018,S,S05,Autumn,Teen,North,35,No,2025,2
2025-02-20 08:20:33.702808568,P015,XXL,S11,Spring,Senior,West,30,No,2025,2
2025-02-20 10:31:58.359863320,P002,S,S11,Summer,Senior,West,55,No,2025,2
2025-02-20 12:43:23.016918072,P029,M,S05,Winter,Adult,North,79,No,2025,2
2025-02-20 14:54:47.673972824,P013,M,S09,Summer,Senior,East,57,No,2025,2
2025-02-20 17:06:12.331027584,P004,M,S10,Winter,Senior,West,68,No,2025,2
2025-02-20 19:17:36.988082336,P010,L,S03,Winter,Senior,South,59,No,2025,2
2025-02-20 21:29:01.645137088,P013,S,S02,Winter,Senior,South,48,No,2025,2
2025-02-20 23:40:26.302191848,P010,L,S10,Autumn,Adult,West,67,Yes,2025,2
2025-02-21 01:51:50.959246600,P029,M,S08,Spring,Young Adult,East,62,No,2025,2
2025-02-21 04:03:15.616301352,P009,L,S07,Winter,Senior,East,52,No,2025,2
2025-02-21 06:14:40.273356112,P008,L,S12,Spring,Young Adult,West,66,No,2025,2
2025-02-21 08:26:04.930410864,P003,XL,S09,Summer,Teen,East,44,No,2025,2
2025-02-21 10:37:29.587465616,P016,XL,S03,Winter,Teen,South,54,No,2025,2
2025-02-21 12:48:54.244520376,P014,L,S06,Summer,Young Adult,North,63,Yes,2025,2
2025-02-21 15:00:18.901575128,P009,M,S05,Spring,Young Adult,North,70,No,2025,2
2025-02-21 17:11:43.558629880,P030,L,S05,Spring,Teen,North,53,No,2025,2
2025-02-21 19:23:08.215684640,P021,L,S10,Summer,Adult,West,53,No,2025,2
2025-02-21 21:34:32.872739392,P011,XL,S08,Spring,Adult,East,44,No,2025,2
2025-02-21 23:45:57.529794144,P003,S,S01,Summer,Senior,South,46,No,2025,2
2025-02-22 01:57:22.186848904,P005,M,S01,Spring,Adult,South,56,No,2025,2
2025-02-22 04:08:46.843903656,P029,L,S03,Autumn,Adult,South,64,Yes,2025,2
2025-02-22 06:20:11.500958408,P010,M,S11,Summer,Senior,West,67,No,2025,2
2025-02-22 08:31:36.158013168,P013,M,S02,Winter,Senior,South,67,No,2025,2
2025-02-22 10:43:00.815067920,P004,M,S02,Winter,Adult,South,75,No,2025,2
2025-02-22 12:54:25.472122672,P024,L,S02,Winter,Young Adult,South,71,No,2025,2
2025-02-22 15:05:50.129177432,P013,XXL,S04,Spring,Senior,North,29,No,2025,2
2025-02-22 17:17:14.786232184,P012,M,S01,Summer,Young Adult,South,78,No,2025,2
2025-02-22 19:28:39.443286936,P005,M,S10,Spring,Teen,West,65,No,2025,2
2025-02-22 21:40:04.100341688,P010,M,S09,Winter,Senior,East,75,No,2025,2
2025-02-22 23:51:28.757396448,P028,S,S05,Autumn,Young Adult,North,41,No,2025,2
2025-02-23 02:02:53.414451200,P024,L,S05,Winter,Senior,North,54,No,2025,2
2025-02-23 04:14:18.071505952,P009,L,S09,Winter,Senior,East,51,No,2025,2
2025-02-23 06:25:42.728560712,P020,M,S05,Winter,Senior,North,68,No,2025,2
2025-02-23 08:37:07.385615464,P007,L,S11,Autumn,Senior,West,59,No,2025,2
2025-02-23 10:48:32.042670216,P002,L,S08,Autumn,Young Adult,East,59,No,2025,2
2025-02-23 12:59:56.699724976,P022,M,S11,Summer,Young Adult,West,79,No,2025,2
2025-02-23 15:11:21.356779728,P024,M,S01,Autumn,Young Adult,South,74,No,2025,2
2025-02-23 17:22:46.013834480,P028,XXL,S01,Summer,Teen,South,32,No,2025,2
2025-02-23 19:34:10.670889240,P023,M,S04,Autumn,Senior,North,58,No,2025,2
2025-02-23 21:45:35.327943992,P007,L,S08,Summer,Senior,East,58,No,2025,2
2025-02-23 23:56:59.984998744,P008,M,S03,Winter,Young Adult,South,75,No,2025,2
2025-02-24 02:08:24.642053504,P007,L,S01,Autumn,Young Adult,South,63,No,2025,2
2025-02-24 04:19:49.299108256,P021,L,S11,Spring,Senior,West,56,No,2025,2
2025-02-24 06:31:13.956163008,P023,L,S12,Spring,Senior,West,47,No,2025,2
2025-02-24 08:42:38.613217768,P029,XL,S09,Summer,Teen,East,48,No,2025,2
2025-02-24 10:54:03.270272520,P014,XL,S09,Autumn,Senior,East,48,No,2025,2
2025-02-24 13:05:27.927327272,P026,L,S09,Autumn,Young Adult,East,56,Yes,2025,2
2025-02-24 15:16:52.584382032,P019,M,S09,Spring,Teen,East,55,No,2025,2
2025-02-24 17:28:17.241436784,P005,M,S02,Autumn,Adult,South,58,No,2025,2
2025-02-24 19:39:41.898491536,P023,L,S11,Autumn,Adult,West,47,No,2025,2
2025-02-24 21:51:06.555546296,P025,L,S11,Summer,Senior,West,53,No,2025,2
2025-02-25 00:02:31.212601048,P018,M,S11,Winter,Young Adult,West,71,No,2025,2
2025-02-25 02:13:55.869655800,P020,S,S04,Spring,Senior,North,30,No,2025,2
2025-02-25 04:25:20.526710552,P012,L,S02,Winter,Young Adult,South,70,No,2025,2
2025-02-25 06:36:45.183765312,P023,M,S07,Autumn,Young Adult,East,61,No,2025,2
2025-02-25 08:48:09.840820064,P017,M,S11,Autumn,Young Adult,West,64,No,2025,2
2025-02-25 10:59:34.497874816,P013,L,S03,Summer,Adult,South,62,No,2025,2
2025-02-25 13:10:59.154929576,P002,L,S09,Winter,Senior,East,60,No,2025,2
2025-02-25 15:22:23.811984328,P025,S,S07,Winter,Senior,East,41,No,2025,2
2025-02-25 17:33:48.469039080,P013,M,S08,Summer,Adult,East,66,No,2025,2
2025-02-25 19:45:13.126093840,P026,M,S09,Winter,Young Adult,East,62,No,2025,2
2025-02-25 21:56:37.783148592,P007,M,S08,Summer,Teen,East,64,No,2025,2
2025-02-26 00:08:02.440203344,P028,L,S07,Summer,Teen,East,49,No,2025,2
2025-02-26 02:19:27.097258104,P010,L,S09,Autumn,Adult,East,64,No,2025,2
2025-02-26 04:30:51.754312856,P023,M,S11,Autumn,Teen,West,58,No,2025,2
2025-02-26 06:42:16.411367608,P006,S,S01,Autumn,Young Adult,South,54,No,2025,2
2025-02-26 08:53:41.068422368,P003,M,S11,Summer,Young Adult,West,62,No,2025,2
2025-02-26 11:05:05.725477120,P026,XXL,S04,Autumn,Senior,North,22,No,2025,2
2025-02-26 13:16:30.382531872,P003,M,S04,Spring,Young Adult,North,71,No,2025,2
2025-02-26 15:27:55.039586632,P018,XL,S05,Spring,Young Adult,North,54,No,2025,2
2025-02-26 17:39:19.696641384,P011,XL,S08,Autumn,Young Adult,East,43,No,2025,2
2025-02-26 19:50:44.353696136,P022,L,S10,Summer,Teen,West,58,No,2025,2
2025-02-26 22:02:09.010750896,P020,L,S01,Spring,Teen,South,47,No,2025,2
2025-02-27 00:13:33.667805648,P005,M,S06,Autumn,Adult,North,60,No,2025,2
2025-02-27 02:24:58.324860400,P019,L,S09,Spring,Adult,East,50,No,2025,2
2025-02-27 04:36:22.981915160,P022,M,S10,Spring,Teen,West,61,No,2025,2
2025-02-27 06:47:47.638969912,P027,XL,S08,Spring,Senior,East,41,No,2025,2
2025-02-27 08:59:12.296024664,P028,S,S02,Winter,Senior,South,47,No,2025,2
2025-02-27 11:10:36.953079424,P019,L,S07,Spring,Teen,East,50,No,2025,2
2025-02-27 13:22:01.610134176,P030,S,S05,Autumn,Adult,North,44,No,2025,2
2025-02-27 15:33:26.267188928,P015,XL,S02,Spring,Senior,South,38,Yes,2025,2
2025-02-27 17:44:50.924243680,P030,M,S11,Autumn,Young Adult,West,69,Yes,2025,2
2025-02-27 19:56:15.581298440,P016,L,S01,Spring,Senior,South,52,No,2025,2
2025-02-27 22:07:40.238353192,P024,M,S02,Spring,Senior,South,60,Yes,2025,2
2025-02-28 00:19:04.895407944,P009,M,S11,Winter,Senior,West,61,No,2025,2
2025-02-28 02:30:29.552462704,P004,L,S10,Spring,Adult,West,67,No,2025,2
2025-02-28 04:41:54.209517456,P015,XL,S06,Autumn,Adult,North,48,No,2025,2
2025-02-28 06:53:18.866572208,P025,S,S11,Winter,Teen,West,51,No,2025,2
2025-02-28 09:04:43.523626968,P012,XL,S12,Winter,Senior,West,45,No,2025,2
2025-02-28 11:16:08.180681720,P023,L,S08,Spring,Adult,East,54,No,2025,2
2025-02-28 13:27:32.837736472,P003,XL,S03,Spring,Adult,South,43,No,2025,2
2025-02-28 15:38:57.494791232,P023,M,S05,Summer,Teen,North,63,No,2025,2
2025-02-28 17:50:22.151845984,P014,M,S11,Spring,Young Adult,West,63,No,2025,2
2025-02-28 20:01:46.808900736,P017,XL,S02,Summer,Young Adult,South,65,No,2025,2
2025-02-28 22:13:11.465955496,P019,M,S12,Autumn,Senior,West,55,No,2025,2
2025-03-01 00:24:36.123010248,P006,L,S08,Spring,Young Adult,East,62,No,2025,3
2025-03-01 02:36:00.780065000,P004,S,S04,Spring,Teen,North,49,No,2025,3
2025-03-01 04:47:25.437119760,P007,M,S11,Summer,Adult,West,65,No,2025,3
2025-03-01 06:58:50.094174512,P030,L,S10,Summer,Young Adult,West,64,No,2025,3
2025-03-01 09:10:14.751229264,P019,L,S12,Winter,Senior,West,51,No,2025,3
2025-03-01 11:21:39.408284024,P017,L,S06,Winter,Senior,North,56,No,2025,3
2025-03-01 13:33:04.065338776,P025,S,S03,Spring,Adult,South,43,No,2025,3
2025-03-01 15:44:28.722393528,P016,M,S11,Autumn,Senior,West,60,No,2025,3
2025-03-01 17:55:53.379448288,P015,M,S08,Winter,Teen,East,57,No,2025,3
2025-03-01 20:07:18.036503040,P022,M,S08,Winter,Young Adult,East,71,No,2025,3
2025-03-01 22:18:42.693557792,P008,XL,S03,Winter,Senior,South,50,No,2025,3
2025-03-02 00:30:07.350612544,P019,L,S12,Summer,Young Adult,West,65,No,2025,3
2025-03-02 02:41:32.007667304,P008,S,S09,Spring,Adult,East,36,No,2025,3
2025-03-02 04:52:56.664722056,P018,XL,S10,Summer,Young Adult,West,61,No,2025,3
2025-03-02 07:04:21.321776808,P028,M,S05,Autumn,Teen,North,56,No,2025,3
2025-03-02 09:15:45.978831568,P016,L,S10,Summer,Adult,West,69,No,2025,3
2025-03-02 11:27:10.635886320,P020,S,S09,Spring,Senior,East,35,No,2025,3
2025-03-02 13:38:35.292941072,P019,L,S07,Summer,Adult,East,58,Yes,2025,3
2025-03-02 15:49:59.949995832,P010,M,S10,Autumn,Young Adult,West,68,No,2025,3
2025-03-02 18:01:24.607050584,P017,M,S03,Spring,Young Adult,South,77,No,2025,3
2025-03-02 20:12:49.264105336,P013,S,S06,Spring,Young Adult,North,41,No,2025,3
2025-03-02 22:24:13.921160096,P013,M,S10,Spring,Young Adult,West,60,No,2025,3
2025-03-03 00:35:38.578214848,P007,S,S02,Spring,Adult,South,51,No,2025,3
2025-03-03 02:47:03.235269600,P027,M,S06,Autumn,Adult,North,71,No,2025,3
2025-03-03 04:58:27.892324360,P010,S,S12,Spring,Young Adult,West,50,No,2025,3
2025-03-03 07:09:52.549379112,P002,L,S05,Autumn,Senior,North,53,No,2025,3
2025-03-03 09:21:17.206433864,P004,S,S03,Autumn,Adult,South,45,No,2025,3
2025-03-03 11:32:41.863488624,P025,L,S07,Summer,Teen,East,52,No,2025,3
2025-03-03 13:44:06.520543376,P006,S,S11,Summer,Adult,West,41,No,2025,3
2025-03-03 15:55:31.177598128,P024,XL,S04,Spring,Teen,North,42,No,2025,3
2025-03-03 18:06:55.834652888,P018,XL,S11,Winter,Senior,West,43,Yes,2025,3
2025-03-03 20:18:20.491707640,P023,M,S06,Winter,Teen,North,63,No,2025,3
2025-03-03 22:29:45.148762392,P006,L,S09,Spring,Teen,East,47,No,2025,3
2025-03-04 00:41:09.805817152,P029,S,S12,Autumn,Senior,West,43,No,2025,3
2025-03-04 02:52:34.462871904,P030,XL,S06,Summer,Young Adult,North,58,No,2025,3
2025-03-04 05:03:59.119926656,P025,L,S04,Spring,Adult,North,50,No,2025,3
2025-03-04 07:15:23.776981408,P023,S,S10,Spring,Senior,West,37,No,2025,3
2025-03-04 09:26:48.434036168,P017,M,S02,Autumn,Teen,South,67,No,2025,3
2025-03-04 11:38:13.091090920,P014,S,S09,Summer,Young Adult,East,48,No,2025,3
2025-03-04 13:49:37.748145672,P024,M,S04,Winter,Adult,North,67,No,2025,3
2025-03-04 16:01:02.405200432,P011,L,S04,Winter,Senior,North,52,No,2025,3
2025-03-04 18:12:27.062255184,P026,M,S02,Spring,Adult,South,67,No,2025,3
2025-03-04 20:23:51.719309936,P019,M,S05,Spring,Young Adult,North,58,No,2025,3
2025-03-04 22:35:16.376364696,P030,S,S06,Spring,Adult,North,45,No,2025,3
2025-03-05 00:46:41.033419448,P002,M,S10,Spring,Young Adult,West,68,No,2025,3
2025-03-05 02:58:05.690474200,P028,S,S06,Spring,Senior,North,36,No,2025,3
2025-03-05 05:09:30.347528960,P003,XL,S03,Winter,Young Adult,South,55,No,2025,3
2025-03-05 07:20:55.004583712,P011,S,S12,Spring,Senior,West,45,No,2025,3
2025-03-05 09:32:19.661638464,P006,L,S09,Summer,Young Adult,East,63,No,2025,3
2025-03-05 11:43:44.318693224,P029,M,S07,Autumn,Adult,East,65,No,2025,3
2025-03-05 13:55:08.975747976,P014,M,S03,Winter,Young Adult,South,73,No,2025,3
2025-03-05 16:06:33.632802728,P019,L,S04,Autumn,Young Adult,North,53,No,2025,3
2025-03-05 18:17:58.289857488,P026,M,S07,Autumn,Adult,East,50,No,2025,3
2025-03-05 20:29:22.946912240,P016,M,S11,Spring,Teen,West,65,Yes,2025,3
2025-03-05 22:40:47.603966992,P021,L,S08,Autumn,Young Adult,East,55,No,2025,3
2025-03-06 00:52:12.261021752,P022,M,S06,Summer,Senior,North,67,No,2025,3
2025-03-06 03:03:36.918076504,P024,M,S04,Spring,Young Adult,North,70,No,2025,3
2025-03-06 05:15:01.575131256,P007,L,S12,Winter,Teen,West,66,Yes,2025,3
2025-03-06 07:26:26.232186016,P030,L,S02,Summer,Senior,South,58,No,2025,3
2025-03-06 09:37:50.889240768,P027,S,S10,Winter,Adult,West,49,No,2025,3
2025-03-06 11:49:15.546295520,P008,M,S08,Spring,Adult,East,64,No,2025,3
2025-03-06 14:00:40.203350272,P019,S,S01,Spring,Adult,South,48,No,2025,3
2025-03-06 16:12:04.860405032,P020,M,S09,Winter,Senior,East,62,No,2025,3
2025-03-06 18:23:29.517459784,P016,L,S08,Autumn,Young Adult,East,65,No,2025,3
2025-03-06 20:34:54.174514536,P022,XL,S03,Winter,Senior,South,58,No,2025,3
2025-03-06 22:46:18.831569296,P027,XL,S10,Summer,Senior,West,51,No,2025,3
2025-03-07 00:57:43.488624048,P007,S,S04,Autumn,Teen,North,39,No,2025,3
2025-03-07 03:09:08.145678800,P009,M,S10,Spring,Senior,West,67,No,2025,3
2025-03-07 05:20:32.802733560,P013,L,S04,Summer,Adult,North,54,No,2025,3
2025-03-07 07:31:57.459788312,P001,S,S02,Summer,Senior,South,54,No,2025,3
2025-03-07 09:43:22.116843064,P029,L,S12,Spring,Teen,West,59,No,2025,3
2025-03-07 11:54:46.773897824,P008,L,S11,Autumn,Senior,West,50,No,2025,3
2025-03-07 14:06:11.430952576,P024,XL,S10,Spring,Senior,West,51,No,2025,3
2025-03-07 16:17:36.088007328,P022,S,S05,Summer,Adult,North,52,No,2025,3
2025-03-07 18:29:00.745062088,P004,M,S12,Summer,Senior,West,63,No,2025,3
2025-03-07 20:40:25.402116840,P003,XL,S03,Summer,Young Adult,South,60,No,2025,3
2025-03-07 22:51:50.059171592,P027,L,S12,Spring,Adult,West,65,No,2025,3
2025-03-08 01:03:14.716226352,P003,XL,S11,Winter,Teen,West,50,No,2025,3
2025-03-08 03:14:39.373281104,P022,S,S01,Summer,Teen,South,43,Yes,2025,3
2025-03-08 05:26:04.030335856,P013,L,S02,Summer,Teen,South,57,No,2025,3
2025-03-08 07:37:28.687390616,P008,L,S11,Autumn,Senior,West,47,No,2025,3
2025-03-08 09:48:53.344445368,P007,S,S12,Winter,Young Adult,West,63,No,2025,3
2025-03-08 12:00:18.001500120,P027,L,S07,Autumn,Adult,East,59,No,2025,3
2025-03-08 14:11:42.658554880,P001,L,S01,Summer,Young Adult,South,73,No,2025,3
2025-03-08 16:23:07.315609632,P027,M,S12,Winter,Young Adult,West,76,No,2025,3
2025-03-08 18:34:31.972664384,P016,M,S02,Autumn,Teen,South,66,No,2025,3
2025-03-08 20:45:56.629719136,P006,L,S10,Spring,Teen,West,59,No,2025,3
2025-03-08 22:57:21.286773896,P007,M,S07,Autumn,Young Adult,East,60,Yes,2025,3
2025-03-09 01:08:45.943828648,P012,XL,S01,Winter,Young Adult,South,52,Yes,2025,3
2025-03-09 03:20:10.600883400,P023,M,S07,Autumn,Adult,East,53,No,2025,3
2025-03-09 05:31:35.257938160,P009,M,S08,Winter,Teen,East,58,No,2025,3
2025-03-09 07:42:59.914992912,P027,XXL,S11,Winter,Teen,West,38,Yes,2025,3
2025-03-09 09:54:24.572047664,P011,XL,S02,Autumn,Senior,South,42,No,2025,3
2025-03-09 12:05:49.229102424,P010,S,S04,Autumn,Teen,North,46,No,2025,3
2025-03-09 14:17:13.886157176,P021,L,S07,Spring,Adult,East,47,No,2025,3
2025-03-09 16:28:38.543211928,P001,S,S01,Autumn,Senior,South,43,No,2025,3
2025-03-09 18:40:03.200266688,P018,S,S06,Winter,Adult,North,51,Yes,2025,3
2025-03-09 20:51:27.857321440,P004,M,S05,Summer,Teen,North,70,No,2025,3
2025-03-09 23:02:52.514376192,P005,M,S11,Autumn,Teen,West,59,No,2025,3
2025-03-10 01:14:17.171430952,P009,XL,S06,Autumn,Young Adult,North,48,Yes,2025,3
2025-03-10 03:25:41.828485704,P027,L,S08,Winter,Young Adult,East,67,No,2025,3
2025-03-10 05:37:06.485540456,P017,XXL,S11,Summer,Adult,West,45,No,2025,3
2025-03-10 07:48:31.142595216,P003,L,S11,Spring,Senior,West,57,No,2025,3
2025-03-10 09:59:55.799649968,P016,M,S01,Summer,Teen,South,61,No,2025,3
2025-03-10 12:11:20.456704720,P005,L,S03,Winter,Young Adult,South,56,No,2025,3
2025-03-10 14:22:45.113759480,P016,XXL,S11,Winter,Young Adult,West,50,No,2025,3
2025-03-10 16:34:09.770814232,P003,L,S09,Winter,Teen,East,63,No,2025,3
2025-03-10 18:45:34.427868984,P020,L,S12,Winter,Teen,West,56,No,2025,3
2025-03-10 20:56:59.084923744,P015,XL,S08,Summer,Senior,East,36,No,2025,3
2025-03-10 23:08:23.741978496,P030,S,S04,Summer,Young Adult,North,47,No,2025,3
2025-03-11 01:19:48.399033248,P003,L,S11,Summer,Senior,West,62,No,2025,3
2025-03-11 03:31:13.056088000,P020,XL,S10,Autumn,Senior,West,40,No,2025,3
2025-03-11 05:42:37.713142760,P014,XXL,S09,Winter,Teen,East,39,No,2025,3
2025-03-11 07:54:02.370197512,P016,M,S07,Autumn,Senior,East,60,No,2025,3
2025-03-11 10:05:27.027252264,P029,L,S02,Autumn,Teen,South,67,No,2025,3
2025-03-11 12:16:51.684307024,P029,L,S01,Autumn,Adult,South,65,No,2025,3
2025-03-11 14:28:16.341361776,P017,M,S01,Spring,Senior,South,60,No,2025,3
2025-03-11 16:39:40.998416528,P028,L,S03,Autumn,Young Adult,South,60,No,2025,3
2025-03-11 18:51:05.655471288,P024,M,S10,Winter,Young Adult,West,68,No,2025,3
2025-03-11 21:02:30.312526040,P020,M,S02,Autumn,Adult,South,63,No,2025,3
2025-03-11 23:13:54.969580792,P023,M,S04,Winter,Adult,North,67,No,2025,3
2025-03-12 01:25:19.626635552,P018,L,S08,Spring,Senior,East,48,No,2025,3
2025-03-12 03:36:44.283690304,P018,M,S05,Summer,Young Adult,North,62,No,2025,3
2025-03-12 05:48:08.940745056,P022,M,S05,Winter,Young Adult,North,66,No,2025,3
2025-03-12 07:59:33.597799816,P014,M,S06,Autumn,Teen,North,60,No,2025,3
2025-03-12 10:10:58.254854568,P018,M,S12,Winter,Teen,West,71,No,2025,3
2025-03-12 12:22:22.911909320,P015,S,S05,Autumn,Young Adult,North,41,No,2025,3
2025-03-12 14:33:47.568964080,P015,M,S05,Summer,Teen,North,56,No,2025,3
2025-03-12 16:45:12.226018832,P006,L,S07,Winter,Teen,East,55,No,2025,3
2025-03-12 18:56:36.883073584,P027,L,S06,Autumn,Teen,North,59,No,2025,3
2025-03-12 21:08:01.540128344,P015,M,S10,Winter,Adult,West,72,No,2025,3
2025-03-12 23:19:26.197183096,P018,S,S11,Summer,Young Adult,West,56,No,2025,3
2025-03-13 01:30:50.854237848,P004,L,S02,Summer,Young Adult,South,72,Yes,2025,3
2025-03-13 03:42:15.511292608,P023,M,S01,Summer,Young Adult,South,66,No,2025,3
2025-03-13 05:53:40.168347360,P008,XXL,S01,Winter,Teen,South,38,Yes,2025,3
2025-03-13 08:05:04.825402112,P015,L,S04,Winter,Senior,North,62,No,2025,3
2025-03-13 10:16:29.482456872,P003,M,S02,Autumn,Senior,South,64,No,2025,3
2025-03-13 12:27:54.139511624,P030,M,S06,Summer,Teen,North,65,No,2025,3
2025-03-13 14:39:18.796566376,P015,L,S12,Autumn,Adult,West,58,No,2025,3
2025-03-13 16:50:43.453621128,P013,S,S12,Winter,Adult,West,51,No,2025,3
2025-03-13 19:02:08.110675888,P009,S,S09,Spring,Young Adult,East,38,No,2025,3
2025-03-13 21:13:32.767730640,P002,M,S10,Summer,Senior,West,69,No,2025,3
2025-03-13 23:24:57.424785392,P024,L,S11,Autumn,Adult,West,56,Yes,2025,3
2025-03-14 01:36:22.081840152,P008,L,S10,Summer,Senior,West,54,No,2025,3
2025-03-14 03:47:46.738894904,P029,S,S08,Autumn,Senior,East,47,Yes,2025,3
2025-03-14 05:59:11.395949656,P030,L,S04,Autumn,Adult,North,56,No,2025,3
2025-03-14 08:10:36.053004416,P020,M,S12,Spring,Teen,West,60,No,2025,3
2025-03-14 10:22:00.710059168,P017,L,S02,Winter,Young Adult,South,71,No,2025,3
2025-03-14 12:33:25.367113920,P013,M,S01,Summer,Young Adult,South,69,No,2025,3
2025-03-14 14:44:50.024168680,P001,L,S07,Winter,Adult,East,69,No,2025,3
2025-03-14 16:56:14.681223432,P002,XXL,S10,Autumn,Teen,West,41,No,2025,3
2025-03-14 19:07:39.338278184,P030,S,S03,Winter,Adult,South,47,No,2025,3
2025-03-14 21:19:03.995332944,P015,M,S06,Spring,Adult,North,63,No,2025,3
2025-03-14 23:30:28.652387696,P012,M,S05,Winter,Senior,North,66,No,2025,3
2025-03-15 01:41:53.309442448,P014,M,S05,Autumn,Senior,North,56,No,2025,3
2025-03-15 03:53:17.966497208,P025,M,S12,Autumn,Young Adult,West,64,No,2025,3
2025-03-15 06:04:42.623551960,P029,XL,S02,Spring,Senior,South,55,No,2025,3
2025-03-15 08:16:07.280606712,P002,XL,S09,Summer,Senior,East,48,No,2025,3
2025-03-15 10:27:31.937661472,P018,M,S11,Spring,Teen,West,66,No,2025,3
2025-03-15 12:38:56.594716224,P022,L,S04,Summer,Adult,North,68,Yes,2025,3
2025-03-15 14:50:21.251770976,P007,L,S10,Autumn,Adult,West,66,No,2025,3
2025-03-15 17:01:45.908825736,P029,L,S01,Winter,Teen,South,67,Yes,2025,3
2025-03-15 19:13:10.565880488,P023,M,S02,Autumn,Senior,South,62,No,2025,3
2025-03-15 21:24:35.222935240,P029,M,S09,Spring,Senior,East,67,No,2025,3
2025-03-15 23:35:59.879989992,P025,M,S07,Spring,Adult,East,64,No,2025,3
2025-03-16 01:47:24.537044752,P006,M,S10,Winter,Young Adult,West,76,No,2025,3
2025-03-16 03:58:49.194099504,P014,L,S02,Spring,Adult,South,57,No,2025,3
2025-03-16 06:10:13.851154256,P008,L,S07,Autumn,Young Adult,East,61,No,2025,3
2025-03-16 08:21:38.508209016,P027,S,S04,Winter,Senior,North,51,No,2025,3
2025-03-16 10:33:03.165263768,P022,S,S10,Summer,Young Adult,West,47,No,2025,3
2025-03-16 12:44:27.822318520,P002,XL,S02,Spring,Young Adult,South,50,No,2025,3
2025-03-16 14:55:52.479373280,P017,L,S12,Summer,Young Adult,West,63,No,2025,3
2025-03-16 17:07:17.136428032,P005,XL,S04,Winter,Young Adult,North,51,No,2025,3
2025-03-16 19:18:41.793482784,P014,S,S05,Spring,Young Adult,North,47,No,2025,3
2025-03-16 21:30:06.450537544,P025,L,S04,Winter,Adult,North,63,No,2025,3
2025-03-16 23:41:31.107592296,P024,L,S03,Spring,Teen,South,58,No,2025,3
2025-03-17 01:52:55.764647048,P030,XL,S06,Spring,Senior,North,37,No,2025,3
2025-03-17 04:04:20.421701808,P029,S,S01,Spring,Adult,South,52,No,2025,3
2025-03-17 06:15:45.078756560,P020,M,S08,Winter,Teen,East,63,No,2025,3
2025-03-17 08:27:09.735811312,P021,M,S12,Winter,Adult,West,73,No,2025,3
2025-03-17 10:38:34.392866072,P029,XL,S05,Autumn,Teen,North,48,No,2025,3
2025-03-17 12:49:59.049920824,P021,XL,S08,Autumn,Adult,East,34,No,2025,3
2025-03-17 15:01:23.706975576,P022,XXL,S10,Winter,Senior,West,38,No,2025,3
2025-03-17 17:12:48.364030336,P003,XXL,S04,Winter,Senior,North,31,No,2025,3
2025-03-17 19:24:13.021085088,P005,S,S04,Spring,Young Adult,North,41,No,2025,3
2025-03-17 21:35:37.678139840,P016,S,S05,Autumn,Teen,North,37,No,2025,3
2025-03-17 23:47:02.335194600,P018,S,S05,Autumn,Adult,North,46,No,2025,3
2025-03-18 01:58:26.992249352,P026,M,S11,Winter,Young Adult,West,69,No,2025,3
2025-03-18 04:09:51.649304104,P017,XL,S06,Autumn,Adult,North,44,No,2025,3
2025-03-18 06:21:16.306358856,P011,XL,S05,Winter,Senior,North,49,Yes,2025,3
2025-03-18 08:32:40.963413616,P017,M,S05,Autumn,Senior,North,61,No,2025,3
2025-03-18 10:44:05.620468368,P016,L,S08,Summer,Teen,East,50,No,2025,3
2025-03-18 12:55:30.277523120,P026,XL,S06,Summer,Adult,North,51,No,2025,3
2025-03-18 15:06:54.934577880,P023,M,S02,Autumn,Adult,South,55,No,2025,3
2025-03-18 17:18:19.591632632,P002,S,S04,Winter,Young Adult,North,50,No,2025,3
2025-03-18 19:29:44.248687384,P004,M,S04,Summer,Senior,North,72,No,2025,3
2025-03-18 21:41:08.905742144,P021,M,S05,Spring,Young Adult,North,67,No,2025,3
2025-03-18 23:52:33.562796896,P007,L,S06,Winter,Young Adult,North,65,No,2025,3
2025-03-19 02:03:58.219851648,P002,M,S11,Summer,Teen,West,75,No,2025,3
2025-03-19 04:15:22.876906408,P030,S,S05,Spring,Young Adult,North,39,No,2025,3
2025-03-19 06:26:47.533961160,P006,XXL,S11,Summer,Teen,West,39,No,2025,3
2025-03-19 08:38:12.191015912,P017,L,S06,Summer,Senior,North,60,No,2025,3
2025-03-19 10:49:36.848070672,P007,M,S08,Spring,Young Adult,East,73,No,2025,3
2025-03-19 13:01:01.505125424,P025,XXL,S04,Spring,Young Adult,North,33,No,2025,3
2025-03-19 15:12:26.162180176,P005,M,S11,Autumn,Young Adult,West,68,No,2025,3
2025-03-19 17:23:50.819234936,P005,M,S03,Summer,Young Adult,South,73,No,2025,3
2025-03-19 19:35:15.476289688,P020,XL,S09,Spring,Senior,East,45,No,2025,3
2025-03-19 21:46:40.133344440,P016,M,S03,Autumn,Teen,South,56,No,2025,3
2025-03-19 23:58:04.790399200,P019,L,S11,Spring,Senior,West,57,No,2025,3
2025-03-20 02:09:29.447453952,P009,M,S08,Autumn,Teen,East,57,No,2025,3
2025-03-20 04:20:54.104508704,P005,S,S10,Autumn,Teen,West,38,No,2025,3
2025-03-20 06:32:18.761563464,P008,L,S12,Spring,Young Adult,West,60,No,2025,3
2025-03-20 08:43:43.418618216,P009,M,S05,Spring,Young Adult,North,69,No,2025,3
2025-03-20 10:55:08.075672968,P005,L,S09,Summer,Young Adult,East,53,No,2025,3
2025-03-20 13:06:32.732727720,P010,L,S03,Summer,Teen,South,64,No,2025,3
2025-03-20 15:17:57.389782480,P025,XL,S10,Autumn,Adult,West,50,No,2025,3
2025-03-20 17:29:22.046837232,P002,L,S10,Spring,Adult,West,56,No,2025,3
2025-03-20 19:40:46.703891984,P009,M,S08,Summer,Adult,East,68,No,2025,3
2025-03-20 21:52:11.360946744,P011,XL,S07,Autumn,Senior,East,47,No,2025,3
2025-03-21 00:03:36.018001496,P004,L,S12,Summer,Teen,West,63,No,2025,3
2025-03-21 02:15:00.675056248,P022,L,S07,Autumn,Adult,East,64,No,2025,3
2025-03-21 04:26:25.332111008,P022,XL,S11,Summer,Teen,West,45,No,2025,3
2025-03-21 06:37:49.989165760,P022,L,S10,Spring,Teen,West,65,No,2025,3
2025-03-21 08:49:14.646220512,P002,M,S09,Winter,Senior,East,68,No,2025,3
2025-03-21 11:00:39.303275272,P023,L,S12,Winter,Young Adult,West,60,No,2025,3
2025-03-21 13:12:03.960330024,P029,M,S08,Autumn,Young Adult,East,69,No,2025,3
2025-03-21 15:23:28.617384776,P006,M,S03,Winter,Senior,South,70,No,2025,3
2025-03-21 17:34:53.274439536,P027,L,S06,Winter,Senior,North,61,No,2025,3
2025-03-21 19:46:17.931494288,P014,M,S11,Autumn,Teen,West,59,No,2025,3
2025-03-21 21:57:42.588549040,P001,S,S06,Winter,Adult,North,54,No,2025,3
2025-03-22 00:09:07.245603800,P018,S,S05,Summer,Teen,North,47,No,2025,3
2025-03-22 02:20:31.902658552,P007,L,S03,Summer,Teen,South,62,No,2025,3
2025-03-22 04:31:56.559713304,P001,M,S09,Summer,Adult,East,74,No,2025,3
2025-03-22 06:43:21.216768064,P001,L,S07,Spring,Young Adult,East,61,No,2025,3
2025-03-22 08:54:45.873822816,P001,M,S04,Summer,Teen,North,72,Yes,2025,3
2025-03-22 11:06:10.530877568,P024,M,S06,Winter,Young Adult,North,76,No,2025,3
2025-03-22 13:17:35.187932328,P004,M,S05,Winter,Young Adult,North,75,No,2025,3
2025-03-22 15:28:59.844987080,P004,L,S01,Summer,Young Adult,South,66,No,2025,3
2025-03-22 17:40:24.502041832,P029,M,S02,Spring,Teen,South,63,No,2025,3
2025-03-22 19:51:49.159096592,P018,XXL,S01,Summer,Adult,South,46,No,2025,3
2025-03-22 22:03:13.816151344,P027,XL,S09,Spring,Adult,East,49,No,2025,3
2025-03-23 00:14:38.473206096,P011,XL,S09,Spring,Young Adult,East,55,No,2025,3
2025-03-23 02:26:03.130260848,P027,XL,S05,Summer,Young Adult,North,50,No,2025,3
2025-03-23 04:37:27.787315608,P001,M,S08,Spring,Adult,East,61,No,2025,3
2025-03-23 06:48:52.444370360,P028,L,S10,Winter,Senior,West,65,No,2025,3
2025-03-23 09:00:17.101425112,P010,L,S04,Summer,Senior,North,64,No,2025,3
2025-03-23 11:11:41.758479872,P009,L,S01,Winter,Young Adult,South,71,No,2025,3
2025-03-23 13:23:06.415534624,P023,XL,S04,Spring,Adult,North,41,No,2025,3
2025-03-23 15:34:31.072589376,P004,L,S07,Autumn,Senior,East,55,No,2025,3
2025-03-23 17:45:55.729644136,P028,XXL,S11,Summer,Adult,West,35,No,2025,3
2025-03-23 19:57:20.386698888,P006,M,S02,Autumn,Teen,South,61,No,2025,3
2025-03-23 22:08:45.043753640,P030,XL,S02,Autumn,Young Adult,South,53,No,2025,3
2025-03-24 00:20:09.700808400,P016,L,S06,Autumn,Senior,North,60,No,2025,3
2025-03-24 02:31:34.357863152,P002,L,S09,Autumn,Young Adult,East,65,No,2025,3
2025-03-24 04:42:59.014917904,P023,M,S03,Winter,Teen,South,65,Yes,2025,3
2025-03-24 06:54:23.671972664,P018,L,S07,Summer,Adult,East,54,No,2025,3
2025-03-24 09:05:48.329027416,P010,XL,S10,Winter,Young Adult,West,54,No,2025,3
2025-03-24 11:17:12.986082168,P024,M,S09,Spring,Senior,East,52,No,2025,3
2025-03-24 13:28:37.643136928,P024,L,S11,Summer,Teen,West,66,Yes,2025,3
2025-03-24 15:40:02.300191680,P017,M,S09,Summer,Senior,East,69,No,2025,3
2025-03-24 17:51:26.957246432,P013,XXL,S11,Winter,Adult,West,41,No,2025,3
2025-03-24 20:02:51.614301192,P024,M,S04,Spring,Senior,North,58,No,2025,3
2025-03-24 22:14:16.271355944,P018,M,S02,Autumn,Senior,South,54,No,2025,3
2025-03-25 00:25:40.928410696,P022,M,S01,Spring,Senior,South,60,No,2025,3
2025-03-25 02:37:05.585465456,P013,L,S06,Winter,Teen,North,58,No,2025,3
2025-03-25 04:48:30.242520208,P017,S,S05,Winter,Senior,North,48,No,2025,3
2025-03-25 06:59:54.899574960,P005,L,S06,Winter,Senior,North,51,No,2025,3
2025-03-25 09:11:19.556629712,P011,XL,S07,Autumn,Teen,East,38,No,2025,3
2025-03-25 11:22:44.213684472,P007,XL,S09,Summer,Teen,East,49,No,2025,3
2025-03-25 13:34:08.870739224,P029,S,S10,Spring,Teen,West,43,No,2025,3
2025-03-25 15:45:33.527793976,P010,XXL,S10,Spring,Adult,West,35,No,2025,3
2025-03-25 17:56:58.184848736,P017,L,S11,Autumn,Teen,West,57,No,2025,3
2025-03-25 20:08:22.841903488,P015,M,S06,Winter,Adult,North,61,No,2025,3
2025-03-25 22:19:47.498958240,P018,S,S06,Spring,Teen,North,34,No,2025,3
2025-03-26 00:31:12.156013000,P023,M,S03,Summer,Teen,South,67,No,2025,3
2025-03-26 02:42:36.813067752,P022,XL,S08,Spring,Young Adult,East,46,No,2025,3
2025-03-26 04:54:01.470122504,P019,S,S09,Winter,Young Adult,East,49,No,2025,3
2025-03-26 07:05:26.127177264,P030,M,S01,Spring,Young Adult,South,65,No,2025,3
2025-03-26 09:16:50.784232016,P026,L,S06,Winter,Young Adult,North,66,No,2025,3
2025-03-26 11:28:15.441286768,P002,L,S07,Summer,Teen,East,65,No,2025,3
2025-03-26 13:39:40.098341528,P026,L,S11,Autumn,Teen,West,56,No,2025,3
2025-03-26 15:51:04.755396280,P004,L,S08,Winter,Adult,East,57,Yes,2025,3
2025-03-26 18:02:29.412451032,P003,S,S12,Winter,Teen,West,42,Yes,2025,3
2025-03-26 20:13:54.069505792,P007,XL,S10,Spring,Adult,West,54,No,2025,3
2025-03-26 22:25:18.726560544,P024,M,S11,Autumn,Senior,West,53,No,2025,3
2025-03-27 00:36:43.383615296,P018,L,S08,Winter,Senior,East,60,No,2025,3
2025-03-27 02:48:08.040670056,P010,L,S07,Spring,Teen,East,57,No,2025,3
2025-03-27 04:59:32.697724808,P007,M,S08,Summer,Senior,East,65,No,2025,3
2025-03-27 07:10:57.354779560,P008,XXL,S11,Autumn,Teen,West,32,No,2025,3
2025-03-27 09:22:22.011834320,P006,M,S09,Spring,Adult,East,61,No,2025,3
2025-03-27 11:33:46.668889072,P022,S,S10,Autumn,Young Adult,West,54,No,2025,3
2025-03-27 13:45:11.325943824,P026,XL,S07,Winter,Senior,East,44,No,2025,3
2025-03-27 15:56:35.982998576,P001,L,S03,Spring,Teen,South,64,No,2025,3
2025-03-27 18:08:00.640053336,P004,L,S09,Summer,Young Adult,East,69,No,2025,3
2025-03-27 20:19:25.297108088,P014,L,S01,Summer,Adult,South,71,No,2025,3
2025-03-27 22:30:49.954162840,P017,XL,S08,Spring,Teen,East,43,No,2025,3
2025-03-28 00:42:14.611217600,P020,S,S06,Spring,Senior,North,29,No,2025,3
2025-03-28 02:53:39.268272352,P018,M,S11,Autumn,Adult,West,58,No,2025,3
2025-03-28 05:05:03.925327104,P011,M,S03,Spring,Teen,South,70,No,2025,3
2025-03-28 07:16:28.582381864,P029,S,S09,Autumn,Senior,East,48,Yes,2025,3
2025-03-28 09:27:53.239436616,P021,L,S06,Winter,Adult,North,60,No,2025,3
2025-03-28 11:39:17.896491368,P026,M,S07,Spring,Adult,East,63,Yes,2025,3
2025-03-28 13:50:42.553546128,P014,M,S11,Winter,Young Adult,West,67,No,2025,3
2025-03-28 16:02:07.210600880,P009,S,S02,Summer,Young Adult,South,46,No,2025,3
2025-03-28 18:13:31.867655632,P027,L,S01,Autumn,Young Adult,South,66,No,2025,3
2025-03-28 20:24:56.524710392,P015,XL,S01,Autumn,Teen,South,41,No,2025,3
2025-03-28 22:36:21.181765144,P012,M,S03,Summer,Adult,South,66,Yes,2025,3
2025-03-29 00:47:45.838819896,P010,L,S11,Winter,Young Adult,West,65,No,2025,3
2025-03-29 02:59:10.495874656,P019,M,S03,Autumn,Senior,South,54,No,2025,3
2025-03-29 05:10:35.152929408,P024,L,S08,Summer,Teen,East,63,No,2025,3
2025-03-29 07:21:59.809984160,P019,S,S07,Summer,Young Adult,East,46,No,2025,3
2025-03-29 09:33:24.467038920,P006,M,S10,Summer,Teen,West,71,No,2025,3
2025-03-29 11:44:49.124093672,P020,L,S08,Spring,Adult,East,58,No,2025,3
2025-03-29 13:56:13.781148424,P024,XL,S01,Winter,Senior,South,56,No,2025,3
2025-03-29 16:07:38.438203184,P027,M,S04,Summer,Adult,North,76,No,2025,3
2025-03-29 18:19:03.095257936,P006,L,S08,Winter,Senior,East,52,No,2025,3
2025-03-29 20:30:27.752312688,P008,L,S10,Autumn,Adult,West,56,No,2025,3
2025-03-29 22:41:52.409367440,P001,XL,S02,Spring,Teen,South,56,No,2025,3
2025-03-30 00:53:17.066422200,P022,M,S07,Summer,Adult,East,61,No,2025,3
2025-03-30 03:04:41.723476952,P017,M,S08,Summer,Senior,East,70,No,2025,3
2025-03-30 05:16:06.380531704,P017,XL,S09,Summer,Teen,East,58,No,2025,3
2025-03-30 07:27:31.037586464,P024,S,S07,Autumn,Teen,East,35,No,2025,3
2025-03-30 09:38:55.694641216,P015,S,S12,Spring,Senior,West,33,No,2025,3
2025-03-30 11:50:20.351695968,P007,S,S09,Winter,Senior,East,43,No,2025,3
2025-03-30 14:01:45.008750728,P019,XL,S02,Winter,Teen,South,44,No,2025,3
2025-03-30 16:13:09.665805480,P022,S,S11,Winter,Senior,West,44,No,2025,3
2025-03-30 18:24:34.322860232,P025,XL,S01,Winter,Adult,South,52,No,2025,3
2025-03-30 20:35:58.979914992,P023,M,S01,Winter,Adult,South,61,No,2025,3
2025-03-30 22:47:23.636969744,P028,S,S11,Winter,Adult,West,51,No,2025,3
2025-03-31 00:58:48.294024496,P003,M,S12,Winter,Teen,West,66,No,2025,3
2025-03-31 03:10:12.951079256,P030,M,S04,Spring,Adult,North,61,No,2025,3
2025-03-31 05:21:37.608134008,P030,L,S01,Spring,Teen,South,61,No,2025,3
2025-03-31 07:33:02.265188760,P029,L,S07,Autumn,Senior,East,48,No,2025,3
2025-03-31 09:44:26.922243520,P022,M,S08,Summer,Adult,East,65,No,2025,3
2025-03-31 11:55:51.579298272,P011,S,S03,Spring,Teen,South,40,No,2025,3
2025-03-31 14:07:16.236353024,P020,L,S01,Summer,Young Adult,South,69,No,2025,3
2025-03-31 16:18:40.893407784,P030,XL,S03,Autumn,Adult,South,56,No,2025,3
2025-03-31 18:30:05.550462536,P029,L,S02,Spring,Adult,South,69,No,2025,3
2025-03-31 20:41:30.207517288,P019,XL,S06,Autumn,Teen,North,42,No,2025,3
2025-03-31 22:52:54.864572048,P009,M,S11,Spring,Teen,West,57,No,2025,3
2025-04-01 01:04:19.521626800,P010,XL,S07,Spring,Senior,East,46,No,2025,4
2025-04-01 03:15:44.178681552,P002,M,S09,Winter,Teen,East,62,No,2025,4
2025-04-01 05:27:08.835736304,P001,S,S05,Summer,Senior,North,52,No,2025,4
2025-04-01 07:38:33.492791064,P030,XL,S04,Autumn,Young Adult,North,54,No,2025,4
2025-04-01 09:49:58.149845816,P016,XL,S01,Winter,Senior,South,55,No,2025,4
2025-04-01 12:01:22.806900568,P018,L,S11,Spring,Adult,West,63,No,2025,4
2025-04-01 14:12:47.463955328,P023,M,S06,Spring,Teen,North,51,No,2025,4
2025-04-01 16:24:12.121010080,P026,M,S11,Autumn,Young Adult,West,68,No,2025,4
2025-04-01 18:35:36.778064832,P017,M,S08,Summer,Young Adult,East,67,No,2025,4
2025-04-01 20:47:01.435119592,P006,XL,S04,Autumn,Teen,North,45,No,2025,4
2025-04-01 22:58:26.092174344,P014,S,S01,Spring,Adult,South,48,No,2025,4
2025-04-02 01:09:50.749229096,P023,XL,S05,Winter,Teen,North,39,No,2025,4
2025-04-02 03:21:15.406283856,P025,M,S10,Autumn,Teen,West,54,No,2025,4
2025-04-02 05:32:40.063338608,P015,XL,S05,Winter,Teen,North,45,Yes,2025,4
2025-04-02 07:44:04.720393360,P014,XL,S02,Summer,Senior,South,49,No,2025,4
2025-04-02 09:55:29.377448120,P024,M,S06,Summer,Young Adult,North,71,No,2025,4
2025-04-02 12:06:54.034502872,P022,M,S10,Winter,Young Adult,West,82,No,2025,4
2025-04-02 14:18:18.691557624,P003,XL,S09,Summer,Adult,East,41,No,2025,4
2025-04-02 16:29:43.348612384,P024,L,S06,Winter,Young Adult,North,61,No,2025,4
2025-04-02 18:41:08.005667136,P023,L,S08,Winter,Teen,East,55,No,2025,4
2025-04-02 20:52:32.662721888,P019,L,S10,Winter,Young Adult,West,66,No,2025,4
2025-04-02 23:03:57.319776648,P025,M,S03,Summer,Adult,South,72,No,2025,4
2025-04-03 01:15:21.976831400,P012,XL,S10,Winter,Senior,West,53,No,2025,4
2025-04-03 03:26:46.633886152,P002,M,S02,Summer,Senior,South,66,No,2025,4
2025-04-03 05:38:11.290940912,P003,XL,S04,Winter,Teen,North,52,No,2025,4
2025-04-03 07:49:35.947995664,P018,M,S12,Winter,Teen,West,66,No,2025,4
2025-04-03 10:01:00.605050416,P029,L,S09,Summer,Young Adult,East,63,No,2025,4
2025-04-03 12:12:25.262105168,P001,M,S09,Winter,Young Adult,East,77,No,2025,4
2025-04-03 14:23:49.919159928,P020,M,S03,Winter,Adult,South,70,No,2025,4
2025-04-03 16:35:14.576214680,P021,M,S12,Summer,Teen,West,57,No,2025,4
2025-04-03 18:46:39.233269432,P029,L,S01,Spring,Adult,South,69,No,2025,4
2025-04-03 20:58:03.890324192,P006,L,S01,Autumn,Senior,South,59,No,2025,4
2025-04-03 23:09:28.547378944,P005,XL,S04,Summer,Young Adult,North,42,No,2025,4
2025-04-04 01:20:53.204433696,P001,M,S04,Winter,Teen,North,72,No,2025,4
2025-04-04 03:32:17.861488456,P019,L,S11,Autumn,Young Adult,West,63,No,2025,4
2025-04-04 05:43:42.518543208,P001,L,S12,Autumn,Teen,West,57,Yes,2025,4
2025-04-04 07:55:07.175597960,P027,M,S10,Winter,Senior,West,74,No,2025,4
2025-04-04 10:06:31.832652720,P021,M,S06,Winter,Adult,North,68,No,2025,4
2025-04-04 12:17:56.489707472,P021,M,S05,Spring,Teen,North,62,No,2025,4
2025-04-04 14:29:21.146762224,P016,M,S06,Winter,Young Adult,North,77,No,2025,4
2025-04-04 16:40:45.803816984,P012,M,S10,Autumn,Teen,West,64,No,2025,4
2025-04-04 18:52:10.460871736,P027,L,S07,Winter,Adult,East,70,No,2025,4
2025-04-04 21:03:35.117926488,P029,M,S07,Autumn,Senior,East,62,No,2025,4
2025-04-04 23:14:59.774981248,P022,L,S10,Summer,Young Adult,West,72,Yes,2025,4
2025-04-05 01:26:24.432036000,P008,XL,S10,Summer,Senior,West,41,No,2025,4
2025-04-05 03:37:49.089090752,P026,L,S09,Autumn,Senior,East,42,No,2025,4
2025-04-05 05:49:13.746145512,P016,L,S06,Summer,Adult,North,66,No,2025,4
2025-04-05 08:00:38.403200264,P028,S,S08,Spring,Teen,East,43,No,2025,4
2025-04-05 10:12:03.060255016,P001,XL,S02,Autumn,Teen,South,54,No,2025,4
2025-04-05 12:23:27.717309776,P004,M,S08,Autumn,Teen,East,60,No,2025,4
2025-04-05 14:34:52.374364528,P010,L,S09,Winter,Teen,East,69,No,2025,4
2025-04-05 16:46:17.031419280,P011,XXL,S04,Spring,Young Adult,North,40,No,2025,4
2025-04-05 18:57:41.688474040,P017,L,S05,Winter,Senior,North,57,No,2025,4
2025-04-05 21:09:06.345528792,P025,L,S05,Spring,Teen,North,54,No,2025,4
2025-04-05 23:20:31.002583544,P027,M,S02,Spring,Senior,South,73,No,2025,4
2025-04-06 01:31:55.659638296,P023,S,S05,Spring,Young Adult,North,40,No,2025,4
2025-04-06 03:43:20.316693056,P007,L,S09,Autumn,Young Adult,East,61,Yes,2025,4
2025-04-06 05:54:44.973747808,P012,S,S04,Summer,Young Adult,North,51,No,2025,4
2025-04-06 08:06:09.630802560,P021,L,S10,Summer,Senior,West,52,No,2025,4
2025-04-06 10:17:34.287857320,P007,S,S03,Winter,Teen,South,49,No,2025,4
2025-04-06 12:28:58.944912072,P012,XL,S07,Winter,Senior,East,51,No,2025,4
2025-04-06 14:40:23.601966824,P015,M,S08,Summer,Teen,East,56,No,2025,4
2025-04-06 16:51:48.259021584,P002,L,S10,Summer,Adult,West,72,No,2025,4
2025-04-06 19:03:12.916076336,P014,L,S06,Spring,Teen,North,56,No,2025,4
2025-04-06 21:14:37.573131088,P013,M,S06,Winter,Teen,North,70,No,2025,4
2025-04-06 23:26:02.230185848,P004,M,S05,Winter,Teen,North,62,No,2025,4
2025-04-07 01:37:26.887240600,P014,M,S11,Winter,Young Adult,West,81,No,2025,4
2025-04-07 03:48:51.544295352,P014,M,S06,Winter,Adult,North,68,No,2025,4
2025-04-07 06:00:16.201350112,P016,M,S09,Summer,Teen,East,69,No,2025,4
2025-04-07 08:11:40.858404864,P007,M,S02,Summer,Adult,South,77,No,2025,4
2025-04-07 10:23:05.515459616,P019,L,S10,Autumn,Senior,West,58,No,2025,4
2025-04-07 12:34:30.172514376,P002,M,S11,Autumn,Senior,West,66,No,2025,4
2025-04-07 14:45:54.829569128,P010,XXL,S03,Summer,Young Adult,South,46,No,2025,4
2025-04-07 16:57:19.486623880,P018,L,S01,Spring,Senior,South,53,No,2025,4
2025-04-07 19:08:44.143678640,P029,M,S04,Summer,Adult,North,64,No,2025,4
2025-04-07 21:20:08.800733392,P017,M,S02,Spring,Adult,South,68,No,2025,4
2025-04-07 23:31:33.457788144,P005,XL,S06,Winter,Adult,North,55,No,2025,4
2025-04-08 01:42:58.114842904,P012,S,S01,Autumn,Adult,South,41,No,2025,4
2025-04-08 03:54:22.771897656,P006,L,S08,Spring,Adult,East,55,No,2025,4
2025-04-08 06:05:47.428952408,P022,L,S10,Winter,Young Adult,West,68,No,2025,4
2025-04-08 08:17:12.086007160,P009,M,S06,Summer,Teen,North,64,No,2025,4
2025-04-08 10:28:36.743061920,P020,XL,S09,Autumn,Senior,East,41,No,2025,4
2025-04-08 12:40:01.400116672,P001,M,S12,Summer,Adult,West,77,No,2025,4
2025-04-08 14:51:26.057171424,P022,M,S06,Winter,Senior,North,73,No,2025,4
2025-04-08 17:02:50.714226184,P015,XL,S10,Winter,Young Adult,West,56,No,2025,4
2025-04-08 19:14:15.371280936,P021,L,S07,Summer,Young Adult,East,60,Yes,2025,4
2025-04-08 21:25:40.028335688,P026,XL,S05,Winter,Teen,North,51,No,2025,4
2025-04-08 23:37:04.685390448,P006,L,S08,Winter,Young Adult,East,64,Yes,2025,4
2025-04-09 01:48:29.342445200,P019,L,S08,Spring,Teen,East,44,No,2025,4
2025-04-09 03:59:53.999499952,P018,XL,S10,Summer,Adult,West,48,No,2025,4
2025-04-09 06:11:18.656554712,P006,S,S09,Summer,Young Adult,East,45,No,2025,4
2025-04-09 08:22:43.313609464,P013,L,S12,Autumn,Senior,West,52,No,2025,4
2025-04-09 10:34:07.970664216,P001,L,S06,Spring,Young Adult,North,67,No,2025,4
2025-04-09 12:45:32.627718976,P023,S,S01,Spring,Young Adult,South,41,No,2025,4
2025-04-09 14:56:57.284773728,P023,L,S09,Winter,Adult,East,55,No,2025,4
2025-04-09 17:08:21.941828480,P026,S,S03,Autumn,Teen,South,31,No,2025,4
2025-04-09 19:19:46.598883240,P013,L,S09,Autumn,Teen,East,57,No,2025,4
2025-04-09 21:31:11.255937992,P007,L,S07,Spring,Young Adult,East,65,No,2025,4
2025-04-09 23:42:35.912992744,P015,XXL,S12,Autumn,Senior,West,27,No,2025,4
2025-04-10 01:54:00.570047504,P012,M,S03,Spring,Young Adult,South,63,No,2025,4
2025-04-10 04:05:25.227102256,P027,L,S09,Autumn,Senior,East,62,No,2025,4
2025-04-10 06:16:49.884157008,P026,M,S07,Spring,Adult,East,64,No,2025,4
2025-04-10 08:28:14.541211768,P001,L,S07,Spring,Adult,East,64,No,2025,4
2025-04-10 10:39:39.198266520,P015,L,S07,Winter,Teen,East,50,No,2025,4
2025-04-10 12:51:03.855321272,P004,L,S02,Winter,Senior,South,57,No,2025,4
2025-04-10 15:02:28.512376024,P013,XL,S11,Autumn,Young Adult,West,51,No,2025,4
2025-04-10 17:13:53.169430784,P023,XL,S04,Winter,Young Adult,North,51,No,2025,4
2025-04-10 19:25:17.826485536,P027,S,S10,Summer,Young Adult,West,50,No,2025,4
2025-04-10 21:36:42.483540288,P025,M,S08,Summer,Young Adult,East,63,No,2025,4
2025-04-10 23:48:07.140595048,P005,L,S12,Autumn,Adult,West,55,No,2025,4
2025-04-11 01:59:31.797649800,P029,M,S02,Spring,Senior,South,63,No,2025,4
2025-04-11 04:10:56.454704552,P002,M,S04,Winter,Adult,North,68,No,2025,4
2025-04-11 06:22:21.111759312,P023,L,S10,Autumn,Senior,West,49,No,2025,4
2025-04-11 08:33:45.768814064,P026,M,S08,Summer,Teen,East,63,No,2025,4
2025-04-11 10:45:10.425868816,P001,M,S12,Spring,Senior,West,71,No,2025,4
2025-04-11 12:56:35.082923576,P016,XL,S03,Winter,Young Adult,South,55,No,2025,4
2025-04-11 15:07:59.739978328,P023,M,S12,Spring,Adult,West,61,No,2025,4
2025-04-11 17:19:24.397033080,P006,S,S06,Spring,Young Adult,North,40,No,2025,4
2025-04-11 19:30:49.054087840,P023,S,S12,Winter,Senior,West,48,No,2025,4
2025-04-11 21:42:13.711142592,P016,XL,S02,Winter,Senior,South,52,No,2025,4
2025-04-11 23:53:38.368197344,P014,XXL,S08,Summer,Teen,East,43,No,2025,4
2025-04-12 02:05:03.025252104,P029,L,S08,Summer,Senior,East,62,Yes,2025,4
2025-04-12 04:16:27.682306856,P026,M,S12,Spring,Senior,West,55,Yes,2025,4
2025-04-12 06:27:52.339361608,P003,XL,S01,Spring,Young Adult,South,57,Yes,2025,4
2025-04-12 08:39:16.996416368,P015,L,S03,Summer,Senior,South,62,No,2025,4
2025-04-12 10:50:41.653471120,P003,XL,S02,Summer,Senior,South,49,No,2025,4
2025-04-12 13:02:06.310525872,P023,L,S07,Spring,Adult,East,50,No,2025,4
2025-04-12 15:13:30.967580632,P029,M,S07,Autumn,Adult,East,61,No,2025,4
2025-04-12 17:24:55.624635384,P002,M,S04,Autumn,Teen,North,57,No,2025,4
2025-04-12 19:36:20.281690136,P001,M,S12,Autumn,Teen,West,69,Yes,2025,4
2025-04-12 21:47:44.938744888,P009,M,S12,Winter,Young Adult,West,68,No,2025,4
2025-04-12 23:59:09.595799648,P009,L,S08,Summer,Young Adult,East,61,No,2025,4
2025-04-13 02:10:34.252854400,P023,XL,S03,Autumn,Adult,South,47,No,2025,4
2025-04-13 04:21:58.909909152,P007,L,S09,Autumn,Adult,East,56,No,2025,4
2025-04-13 06:33:23.566963912,P003,M,S05,Summer,Adult,North,64,No,2025,4
2025-04-13 08:44:48.224018664,P026,S,S02,Winter,Teen,South,43,No,2025,4
2025-04-13 10:56:12.881073416,P018,S,S09,Autumn,Teen,East,36,No,2025,4
2025-04-13 13:07:37.538128176,P011,M,S01,Winter,Senior,South,75,No,2025,4
2025-04-13 15:19:02.195182928,P007,M,S11,Winter,Teen,West,65,No,2025,4
2025-04-13 17:30:26.852237680,P009,L,S08,Spring,Senior,East,50,No,2025,4
2025-04-13 19:41:51.509292440,P001,S,S06,Summer,Young Adult,North,60,No,2025,4
2025-04-13 21:53:16.166347192,P029,XXL,S12,Spring,Teen,West,41,No,2025,4
2025-04-14 00:04:40.823401952,P014,M,S01,Autumn,Young Adult,South,76,Yes,2025,4
2025-04-14 02:16:05.480456704,P020,XL,S04,Spring,Senior,North,42,No,2025,4
2025-04-14 04:27:30.137511456,P006,L,S03,Summer,Young Adult,South,63,No,2025,4
2025-04-14 06:38:54.794566208,P007,S,S07,Winter,Young Adult,East,53,No,2025,4
2025-04-14 08:50:19.451620960,P010,L,S07,Winter,Teen,East,56,No,2025,4
2025-04-14 11:01:44.108675712,P007,L,S06,Autumn,Senior,North,60,No,2025,4
2025-04-14 13:13:08.765730480,P026,L,S10,Summer,Senior,West,58,No,2025,4
2025-04-14 15:24:33.422785232,P002,L,S10,Winter,Adult,West,72,No,2025,4
2025-04-14 17:35:58.079839984,P030,S,S12,Autumn,Teen,West,44,No,2025,4
2025-04-14 19:47:22.736894736,P004,L,S08,Summer,Teen,East,58,No,2025,4
2025-04-14 21:58:47.393949488,P021,XL,S07,Summer,Senior,East,48,No,2025,4
2025-04-15 00:10:12.051004240,P030,S,S04,Spring,Teen,North,47,No,2025,4
2025-04-15 02:21:36.708059008,P028,M,S07,Winter,Young Adult,East,66,No,2025,4
2025-04-15 04:33:01.365113760,P017,XL,S01,Summer,Adult,South,64,No,2025,4
2025-04-15 06:44:26.022168512,P001,M,S03,Winter,Senior,South,78,No,2025,4
2025-04-15 08:55:50.679223264,P010,L,S02,Winter,Teen,South,66,No,2025,4
2025-04-15 11:07:15.336278016,P019,L,S07,Summer,Teen,East,61,No,2025,4
2025-04-15 13:18:39.993332768,P015,L,S09,Winter,Young Adult,East,56,No,2025,4
2025-04-15 15:30:04.650387536,P010,M,S05,Spring,Teen,North,61,No,2025,4
2025-04-15 17:41:29.307442288,P019,M,S09,Autumn,Teen,East,50,No,2025,4
2025-04-15 19:52:53.964497040,P012,S,S12,Autumn,Young Adult,West,51,No,2025,4
2025-04-15 22:04:18.621551792,P024,L,S08,Summer,Teen,East,54,No,2025,4
2025-04-16 00:15:43.278606544,P016,L,S01,Spring,Adult,South,58,No,2025,4
2025-04-16 02:27:07.935661296,P009,L,S11,Autumn,Young Adult,West,68,No,2025,4
2025-04-16 04:38:32.592716064,P015,L,S02,Spring,Senior,South,47,No,2025,4
2025-04-16 06:49:57.249770816,P030,M,S06,Summer,Adult,North,74,No,2025,4
2025-04-16 09:01:21.906825568,P027,S,S05,Spring,Teen,North,37,No,2025,4
2025-04-16 11:12:46.563880320,P028,XL,S11,Summer,Young Adult,West,54,No,2025,4
2025-04-16 13:24:11.220935072,P017,M,S07,Autumn,Young Adult,East,75,No,2025,4
2025-04-16 15:35:35.877989824,P014,M,S09,Autumn,Teen,East,60,No,2025,4
2025-04-16 17:47:00.535044576,P027,S,S04,Autumn,Senior,North,40,No,2025,4
2025-04-16 19:58:25.192099344,P018,S,S08,Autumn,Adult,East,44,No,2025,4
2025-04-16 22:09:49.849154096,P026,M,S04,Winter,Teen,North,62,No,2025,4
2025-04-17 00:21:14.506208848,P002,XL,S03,Spring,Senior,South,43,No,2025,4
2025-04-17 02:32:39.163263600,P004,XL,S12,Spring,Young Adult,West,61,No,2025,4
2025-04-17 04:44:03.820318352,P018,XL,S02,Spring,Young Adult,South,54,No,2025,4
2025-04-17 06:55:28.477373104,P007,XL,S08,Summer,Young Adult,East,62,No,2025,4
2025-04-17 09:06:53.134427872,P013,XL,S11,Autumn,Teen,West,44,No,2025,4
2025-04-17 11:18:17.791482624,P015,L,S08,Autumn,Senior,East,43,No,2025,4
2025-04-17 13:29:42.448537376,P025,M,S11,Winter,Teen,West,67,No,2025,4
2025-04-17 15:41:07.105592128,P023,L,S12,Winter,Teen,West,52,No,2025,4
2025-04-17 17:52:31.762646880,P028,M,S03,Autumn,Adult,South,63,No,2025,4
2025-04-17 20:03:56.419701632,P022,M,S01,Spring,Adult,South,68,No,2025,4
2025-04-17 22:15:21.076756400,P026,M,S06,Spring,Adult,North,54,No,2025,4
2025-04-18 00:26:45.733811152,P001,L,S05,Autumn,Senior,North,63,No,2025,4
2025-04-18 02:38:10.390865904,P011,M,S08,Summer,Young Adult,East,62,No,2025,4
2025-04-18 04:49:35.047920656,P010,M,S06,Spring,Adult,North,75,No,2025,4
2025-04-18 07:00:59.704975408,P025,M,S04,Autumn,Young Adult,North,57,No,2025,4
2025-04-18 09:12:24.362030160,P005,XL,S10,Autumn,Senior,West,46,Yes,2025,4
2025-04-18 11:23:49.019084928,P016,L,S10,Winter,Adult,West,62,No,2025,4
2025-04-18 13:35:13.676139680,P011,XL,S12,Winter,Adult,West,48,Yes,2025,4
2025-04-18 15:46:38.333194432,P021,M,S12,Autumn,Young Adult,West,55,No,2025,4
2025-04-18 17:58:02.990249184,P006,M,S11,Summer,Teen,West,62,No,2025,4
2025-04-18 20:09:27.647303936,P009,L,S02,Autumn,Senior,South,51,No,2025,4
2025-04-18 22:20:52.304358688,P013,M,S08,Spring,Senior,East,59,No,2025,4
2025-04-19 00:32:16.961413440,P024,L,S05,Summer,Adult,North,55,No,2025,4
2025-04-19 02:43:41.618468208,P008,L,S12,Summer,Senior,West,59,No,2025,4
2025-04-19 04:55:06.275522960,P014,L,S08,Winter,Young Adult,East,64,No,2025,4
2025-04-19 07:06:30.932577712,P024,XL,S05,Autumn,Teen,North,50,No,2025,4
2025-04-19 09:17:55.589632464,P001,M,S06,Winter,Teen,North,65,No,2025,4
2025-04-19 11:29:20.246687216,P017,M,S10,Spring,Senior,West,60,No,2025,4
2025-04-19 13:40:44.903741968,P024,L,S05,Winter,Teen,North,54,No,2025,4
2025-04-19 15:52:09.560796736,P005,S,S11,Spring,Young Adult,West,50,No,2025,4
2025-04-19 18:03:34.217851488,P025,M,S03,Autumn,Adult,South,68,No,2025,4
2025-04-19 20:14:58.874906240,P002,M,S10,Autumn,Adult,West,64,No,2025,4
2025-04-19 22:26:23.531960992,P025,M,S08,Winter,Senior,East,64,No,2025,4
2025-04-20 00:37:48.189015744,P028,S,S03,Winter,Senior,South,54,No,2025,4
2025-04-20 02:49:12.846070496,P030,S,S04,Winter,Senior,North,49,No,2025,4
2025-04-20 05:00:37.503125264,P024,L,S06,Spring,Adult,North,51,No,2025,4
2025-04-20 07:12:02.160180016,P009,L,S02,Summer,Senior,South,66,No,2025,4
2025-04-20 09:23:26.817234768,P004,L,S07,Summer,Teen,East,57,No,2025,4
2025-04-20 11:34:51.474289520,P017,L,S05,Winter,Adult,North,64,No,2025,4
2025-04-20 13:46:16.131344272,P017,S,S12,Winter,Young Adult,West,55,No,2025,4
2025-04-20 15:57:40.788399024,P021,M,S10,Autumn,Senior,West,53,No,2025,4
2025-04-20 18:09:05.445453792,P018,S,S05,Winter,Adult,North,46,No,2025,4
2025-04-20 20:20:30.102508544,P016,XL,S05,Autumn,Senior,North,47,No,2025,4
2025-04-20 22:31:54.759563296,P030,L,S02,Spring,Adult,South,57,No,2025,4
2025-04-21 00:43:19.416618048,P008,M,S11,Spring,Adult,West,63,No,2025,4
2025-04-21 02:54:44.073672800,P026,M,S12,Spring,Adult,West,65,No,2025,4
2025-04-21 05:06:08.730727552,P011,XXL,S10,Spring,Young Adult,West,41,No,2025,4
2025-04-21 07:17:33.387782304,P021,L,S09,Winter,Adult,East,59,No,2025,4
2025-04-21 09:28:58.044837072,P021,XL,S03,Winter,Teen,South,47,No,2025,4
2025-04-21 11:40:22.701891824,P018,M,S12,Autumn,Senior,West,66,No,2025,4
2025-04-21 13:51:47.358946576,P023,M,S07,Winter,Senior,East,65,No,2025,4
2025-04-21 16:03:12.016001328,P029,L,S05,Autumn,Senior,North,62,No,2025,4
2025-04-21 18:14:36.673056080,P024,L,S10,Spring,Adult,West,62,No,2025,4
2025-04-21 20:26:01.330110832,P010,L,S10,Autumn,Senior,West,63,No,2025,4
2025-04-21 22:37:25.987165600,P013,L,S05,Autumn,Teen,North,45,No,2025,4
2025-04-22 00:48:50.644220352,P017,L,S04,Winter,Teen,North,61,No,2025,4
2025-04-22 03:00:15.301275104,P018,L,S10,Spring,Teen,West,55,No,2025,4
2025-04-22 05:11:39.958329856,P010,M,S06,Summer,Young Adult,North,80,No,2025,4
2025-04-22 07:23:04.615384608,P016,M,S07,Winter,Teen,East,62,No,2025,4
2025-04-22 09:34:29.272439360,P020,XL,S07,Winter,Teen,East,42,No,2025,4
2025-04-22 11:45:53.929494128,P005,M,S11,Summer,Senior,West,64,Yes,2025,4
2025-04-22 13:57:18.586548880,P013,L,S12,Spring,Adult,West,55,No,2025,4
2025-04-22 16:08:43.243603632,P018,L,S08,Summer,Senior,East,52,No,2025,4
2025-04-22 18:20:07.900658384,P017,XXL,S05,Autumn,Young Adult,North,46,No,2025,4
2025-04-22 20:31:32.557713136,P009,M,S07,Summer,Young Adult,East,71,No,2025,4
2025-04-22 22:42:57.214767888,P014,M,S12,Spring,Young Adult,West,66,No,2025,4
2025-04-23 00:54:21.871822656,P017,XL,S04,Spring,Teen,North,42,No,2025,4
2025-04-23 03:05:46.528877408,P029,XL,S09,Summer,Teen,East,54,No,2025,4
2025-04-23 05:17:11.185932160,P004,L,S05,Winter,Teen,North,60,No,2025,4
2025-04-23 07:28:35.842986912,P018,M,S03,Summer,Adult,South,72,No,2025,4
2025-04-23 09:40:00.500041664,P027,M,S05,Autumn,Senior,North,65,No,2025,4
2025-04-23 11:51:25.157096416,P020,L,S09,Summer,Teen,East,57,No,2025,4
2025-04-23 14:02:49.814151168,P024,XL,S11,Summer,Young Adult,West,59,No,2025,4
2025-04-23 16:14:14.471205936,P024,XL,S08,Summer,Adult,East,47,No,2025,4
2025-04-23 18:25:39.128260688,P015,S,S01,Autumn,Adult,South,43,No,2025,4
2025-04-23 20:37:03.785315440,P011,M,S05,Summer,Young Adult,North,75,No,2025,4
2025-04-23 22:48:28.442370192,P012,M,S06,Winter,Teen,North,63,No,2025,4
2025-04-24 00:59:53.099424944,P009,XXL,S10,Autumn,Adult,West,31,No,2025,4
2025-04-24 03:11:17.756479696,P013,L,S11,Winter,Young Adult,West,70,No,2025,4
2025-04-24 05:22:42.413534464,P015,M,S02,Autumn,Teen,South,59,No,2025,4
2025-04-24 07:34:07.070589216,P027,S,S06,Spring,Adult,North,53,No,2025,4
2025-04-24 09:45:31.727643968,P015,L,S09,Spring,Adult,East,47,No,2025,4
2025-04-24 11:56:56.384698720,P028,S,S04,Autumn,Senior,North,35,No,2025,4
2025-04-24 14:08:21.041753472,P005,XL,S03,Autumn,Senior,South,45,Yes,2025,4
2025-04-24 16:19:45.698808224,P023,L,S09,Autumn,Adult,East,48,No,2025,4
2025-04-24 18:31:10.355862992,P019,M,S02,Spring,Adult,South,68,No,2025,4
2025-04-24 20:42:35.012917744,P026,M,S12,Autumn,Adult,West,55,No,2025,4
2025-04-24 22:53:59.669972496,P020,XL,S09,Spring,Senior,East,33,No,2025,4
2025-04-25 01:05:24.327027248,P026,M,S11,Spring,Teen,West,61,No,2025,4
2025-04-25 03:16:48.984082000,P025,M,S10,Autumn,Senior,West,56,No,2025,4
2025-04-25 05:28:13.641136752,P026,XL,S11,Autumn,Young Adult,West,45,No,2025,4
2025-04-25 07:39:38.298191520,P026,XL,S11,Autumn,Adult,West,46,No,2025,4
2025-04-25 09:51:02.955246272,P014,XL,S02,Spring,Young Adult,South,49,No,2025,4
2025-04-25 12:02:27.612301024,P028,M,S11,Summer,Young Adult,West,75,No,2025,4
2025-04-25 14:13:52.269355776,P017,S,S10,Autumn,Young Adult,West,57,No,2025,4
2025-04-25 16:25:16.926410528,P018,S,S03,Summer,Senior,South,52,No,2025,4
2025-04-25 18:36:41.583465280,P021,M,S07,Summer,Senior,East,55,No,2025,4
2025-04-25 20:48:06.240520032,P003,L,S02,Summer,Teen,South,58,No,2025,4
2025-04-25 22:59:30.897574800,P002,M,S01,Winter,Young Adult,South,82,No,2025,4
2025-04-26 01:10:55.554629552,P001,L,S09,Summer,Young Adult,East,73,No,2025,4
2025-04-26 03:22:20.211684304,P010,M,S06,Summer,Senior,North,61,No,2025,4
2025-04-26 05:33:44.868739056,P019,M,S09,Spring,Young Adult,East,57,No,2025,4
2025-04-26 07:45:09.525793808,P017,XXL,S12,Winter,Senior,West,44,No,2025,4
2025-04-26 09:56:34.182848560,P012,M,S03,Spring,Adult,South,60,No,2025,4
2025-04-26 12:07:58.839903328,P001,M,S03,Spring,Adult,South,71,No,2025,4
2025-04-26 14:19:23.496958080,P012,M,S10,Summer,Young Adult,West,64,No,2025,4
2025-04-26 16:30:48.154012832,P017,S,S12,Spring,Teen,West,42,No,2025,4
2025-04-26 18:42:12.811067584,P024,M,S03,Autumn,Senior,South,59,No,2025,4
2025-04-26 20:53:37.468122336,P003,M,S02,Summer,Adult,South,71,No,2025,4
2025-04-26 23:05:02.125177088,P011,L,S11,Autumn,Adult,West,59,No,2025,4
2025-04-27 01:16:26.782231856,P017,XL,S06,Summer,Young Adult,North,56,No,2025,4
2025-04-27 03:27:51.439286608,P023,L,S03,Summer,Senior,South,50,No,2025,4
2025-04-27 05:39:16.096341360,P026,S,S05,Summer,Young Adult,North,48,No,2025,4
2025-04-27 07:50:40.753396112,P003,L,S11,Winter,Senior,West,57,No,2025,4
2025-04-27 10:02:05.410450864,P008,S,S05,Summer,Teen,North,34,No,2025,4
2025-04-27 12:13:30.067505616,P020,L,S10,Autumn,Senior,West,51,No,2025,4
2025-04-27 14:24:54.724560384,P004,L,S03,Summer,Adult,South,67,No,2025,4
2025-04-27 16:36:19.381615136,P021,M,S03,Summer,Young Adult,South,68,No,2025,4
2025-04-27 18:47:44.038669888,P022,XL,S01,Spring,Senior,South,55,No,2025,4
2025-04-27 20:59:08.695724640,P007,XL,S06,Summer,Adult,North,50,No,2025,4
2025-04-27 23:10:33.352779392,P014,XL,S03,Summer,Young Adult,South,53,No,2025,4
2025-04-28 01:21:58.009834144,P014,M,S01,Summer,Young Adult,South,72,No,2025,4
2025-04-28 03:33:22.666888896,P004,L,S10,Summer,Teen,West,61,No,2025,4
2025-04-28 05:44:47.323943664,P016,XL,S09,Summer,Adult,East,53,Yes,2025,4
2025-04-28 07:56:11.980998416,P024,M,S11,Summer,Senior,West,62,No,2025,4
2025-04-28 10:07:36.638053168,P029,XL,S01,Winter,Adult,South,58,No,2025,4
2025-04-28 12:19:01.295107920,P022,S,S05,Autumn,Young Adult,North,53,No,2025,4
2025-04-28 14:30:25.952162672,P030,S,S05,Winter,Teen,North,39,No,2025,4
2025-04-28 16:41:50.609217424,P001,L,S02,Autumn,Senior,South,61,No,2025,4
2025-04-28 18:53:15.266272192,P017,L,S01,Winter,Teen,South,73,No,2025,4
2025-04-28 21:04:39.923326944,P025,L,S06,Summer,Teen,North,62,No,2025,4
2025-04-28 23:16:04.580381696,P010,XL,S07,Winter,Adult,East,54,Yes,2025,4
2025-04-29 01:27:29.237436448,P022,S,S11,Autumn,Young Adult,West,49,No,2025,4
2025-04-29 03:38:53.894491200,P016,M,S11,Spring,Young Adult,West,75,No,2025,4
2025-04-29 05:50:18.551545952,P016,XL,S09,Spring,Senior,East,48,No,2025,4
2025-04-29 08:01:43.208600720,P026,M,S08,Summer,Teen,East,55,No,2025,4
2025-04-29 10:13:07.865655472,P008,L,S10,Summer,Teen,West,61,No,2025,4
2025-04-29 12:24:32.522710224,P029,L,S03,Autumn,Teen,South,59,Yes,2025,4
2025-04-29 14:35:57.179764976,P007,S,S09,Spring,Adult,East,41,No,2025,4
2025-04-29 16:47:21.836819728,P028,M,S01,Summer,Young Adult,South,73,No,2025,4
2025-04-29 18:58:46.493874480,P006,L,S06,Winter,Teen,North,52,No,2025,4
2025-04-29 21:10:11.150929248,P016,XL,S10,Winter,Teen,West,51,No,2025,4
2025-04-29 23:21:35.807984000,P020,L,S02,Spring,Young Adult,South,56,Yes,2025,4
2025-04-30 01:33:00.465038752,P016,L,S10,Autumn,Senior,West,48,No,2025,4
2025-04-30 03:44:25.122093504,P007,M,S09,Summer,Adult,East,70,No,2025,4
2025-04-30 05:55:49.779148256,P009,M,S09,Summer,Adult,East,67,No,2025,4
2025-04-30 08:07:14.436203008,P014,S,S08,Summer,Adult,East,45,No,2025,4
2025-04-30 10:18:39.093257760,P011,M,S11,Spring,Young Adult,West,71,Yes,2025,4
2025-04-30 12:30:03.750312528,P026,S,S07,Winter,Adult,East,44,No,2025,4
2025-04-30 14:41:28.407367280,P026,M,S06,Autumn,Teen,North,54,No,2025,4
2025-04-30 16:52:53.064422032,P014,M,S02,Spring,Adult,South,68,No,2025,4
2025-04-30 19:04:17.721476784,P007,M,S04,Spring,Young Adult,North,72,Yes,2025,4
2025-04-30 21:15:42.378531536,P001,S,S10,Summer,Adult,West,47,No,2025,4
2025-04-30 23:27:07.035586288,P026,L,S07,Winter,Senior,East,47,No,2025,4
2025-05-01 01:38:31.692641056,P025,L,S06,Autumn,Senior,North,48,No,2025,5
2025-05-01 03:49:56.349695808,P013,S,S09,Autumn,Young Adult,East,35,No,2025,5
2025-05-01 06:01:21.006750560,P020,XL,S05,Summer,Young Adult,North,49,No,2025,5
2025-05-01 08:12:45.663805312,P003,S,S12,Autumn,Senior,West,36,No,2025,5
2025-05-01 10:24:10.320860064,P020,XL,S12,Winter,Adult,West,55,No,2025,5
2025-05-01 12:35:34.977914816,P004,S,S06,Summer,Teen,North,52,No,2025,5
2025-05-01 14:46:59.634969584,P029,XL,S10,Summer,Young Adult,West,57,No,2025,5
2025-05-01 16:58:24.292024336,P026,S,S06,Winter,Senior,North,47,No,2025,5
2025-05-01 19:09:48.949079088,P011,L,S08,Autumn,Adult,East,60,No,2025,5
2025-05-01 21:21:13.606133840,P002,M,S08,Winter,Young Adult,East,67,No,2025,5
2025-05-01 23:32:38.263188592,P014,L,S06,Autumn,Adult,North,55,No,2025,5
2025-05-02 01:44:02.920243344,P012,M,S08,Autumn,Teen,East,60,No,2025,5
2025-05-02 03:55:27.577298112,P030,S,S07,Autumn,Young Adult,East,45,No,2025,5
2025-05-02 06:06:52.234352864,P017,L,S01,Winter,Teen,South,61,No,2025,5
2025-05-02 08:18:16.891407616,P012,S,S05,Winter,Teen,North,52,No,2025,5
2025-05-02 10:29:41.548462368,P026,XL,S11,Spring,Teen,West,45,No,2025,5
2025-05-02 12:41:06.205517120,P012,S,S10,Winter,Senior,West,41,No,2025,5
2025-05-02 14:52:30.862571872,P001,M,S10,Summer,Teen,West,67,No,2025,5
2025-05-02 17:03:55.519626624,P013,L,S10,Summer,Teen,West,53,No,2025,5
2025-05-02 19:15:20.176681392,P014,M,S05,Summer,Adult,North,73,No,2025,5
2025-05-02 21:26:44.833736144,P024,M,S10,Summer,Senior,West,57,No,2025,5
2025-05-02 23:38:09.490790896,P030,L,S09,Spring,Senior,East,56,No,2025,5
2025-05-03 01:49:34.147845648,P002,L,S07,Winter,Senior,East,66,No,2025,5
2025-05-03 04:00:58.804900400,P012,XL,S07,Winter,Senior,East,55,No,2025,5
2025-05-03 06:12:23.461955152,P026,M,S10,Autumn,Teen,West,50,No,2025,5
2025-05-03 08:23:48.119009920,P021,L,S02,Winter,Adult,South,58,No,2025,5
2025-05-03 10:35:12.776064672,P028,M,S08,Autumn,Teen,East,53,No,2025,5
2025-05-03 12:46:37.433119424,P016,M,S03,Autumn,Teen,South,64,No,2025,5
2025-05-03 14:58:02.090174176,P004,L,S09,Summer,Senior,East,63,No,2025,5
2025-05-03 17:09:26.747228928,P008,M,S06,Spring,Senior,North,61,No,2025,5
2025-05-03 19:20:51.404283680,P002,M,S09,Spring,Young Adult,East,63,No,2025,5
2025-05-03 21:32:16.061338448,P010,M,S09,Winter,Adult,East,67,No,2025,5
2025-05-03 23:43:40.718393200,P009,L,S07,Autumn,Senior,East,47,No,2025,5
2025-05-04 01:55:05.375447952,P023,XL,S10,Summer,Senior,West,50,No,2025,5
2025-05-04 04:06:30.032502704,P015,L,S12,Autumn,Teen,West,46,Yes,2025,5
2025-05-04 06:17:54.689557456,P013,M,S08,Summer,Teen,East,56,No,2025,5
2025-05-04 08:29:19.346612208,P023,L,S02,Autumn,Teen,South,49,No,2025,5
2025-05-04 10:40:44.003666976,P017,L,S05,Winter,Senior,North,63,No,2025,5
2025-05-04 12:52:08.660721728,P030,S,S03,Winter,Adult,South,51,No,2025,5
2025-05-04 15:03:33.317776480,P016,S,S01,Autumn,Senior,South,46,No,2025,5
2025-05-04 17:14:57.974831232,P028,S,S06,Spring,Senior,North,44,No,2025,5
2025-05-04 19:26:22.631885984,P002,M,S12,Summer,Adult,West,77,No,2025,5
2025-05-04 21:37:47.288940736,P020,XL,S09,Spring,Senior,East,42,No,2025,5
2025-05-04 23:49:11.945995504,P020,M,S02,Spring,Senior,South,55,No,2025,5
2025-05-05 02:00:36.603050256,P027,M,S09,Autumn,Adult,East,61,No,2025,5
2025-05-05 04:12:01.260105008,P014,XL,S08,Summer,Senior,East,54,No,2025,5
2025-05-05 06:23:25.917159760,P003,XL,S11,Summer,Young Adult,West,57,No,2025,5
2025-05-05 08:34:50.574214512,P023,L,S09,Winter,Young Adult,East,55,No,2025,5
2025-05-05 10:46:15.231269264,P012,M,S05,Autumn,Teen,North,60,No,2025,5
2025-05-05 12:57:39.888324016,P008,S,S02,Autumn,Senior,South,39,No,2025,5
2025-05-05 15:09:04.545378784,P002,S,S10,Autumn,Adult,West,42,No,2025,5
2025-05-05 17:20:29.202433536,P004,S,S10,Winter,Adult,West,60,No,2025,5
2025-05-05 19:31:53.859488288,P014,M,S06,Winter,Young Adult,North,71,No,2025,5
2025-05-05 21:43:18.516543040,P016,L,S07,Summer,Teen,East,61,Yes,2025,5
2025-05-05 23:54:43.173597792,P019,S,S03,Winter,Senior,South,48,No,2025,5
2025-05-06 02:06:07.830652544,P002,S,S06,Autumn,Adult,North,52,No,2025,5
2025-05-06 04:17:32.487707312,P012,M,S06,Autumn,Adult,North,67,No,2025,5
2025-05-06 06:28:57.144762064,P029,L,S08,Spring,Senior,East,53,No,2025,5
2025-05-06 08:40:21.801816816,P014,L,S01,Winter,Teen,South,58,No,2025,5
2025-05-06 10:51:46.458871568,P006,L,S04,Autumn,Young Adult,North,63,No,2025,5
2025-05-06 13:03:11.115926320,P013,M,S01,Autumn,Senior,South,55,No,2025,5
2025-05-06 15:14:35.772981072,P004,M,S08,Summer,Senior,East,67,No,2025,5
2025-05-06 17:26:00.430035840,P022,S,S02,Winter,Senior,South,49,No,2025,5
2025-05-06 19:37:25.087090592,P018,M,S08,Autumn,Young Adult,East,61,No,2025,5
2025-05-06 21:48:49.744145344,P012,XL,S03,Summer,Adult,South,52,No,2025,5
2025-05-07 00:00:14.401200096,P020,XXL,S08,Spring,Senior,East,31,Yes,2025,5
2025-05-07 02:11:39.058254848,P027,L,S06,Spring,Senior,North,56,No,2025,5
2025-05-07 04:23:03.715309600,P022,XL,S01,Summer,Senior,South,50,No,2025,5
2025-05-07 06:34:28.372364368,P030,L,S07,Winter,Senior,East,61,No,2025,5
2025-05-07 08:45:53.029419120,P021,S,S07,Autumn,Teen,East,28,No,2025,5
2025-05-07 10:57:17.686473872,P019,XXL,S06,Winter,Teen,North,35,No,2025,5
2025-05-07 13:08:42.343528624,P008,S,S01,Summer,Teen,South,43,No,2025,5
2025-05-07 15:20:07.000583376,P007,L,S05,Autumn,Adult,North,58,No,2025,5
2025-05-07 17:31:31.657638128,P016,M,S01,Autumn,Senior,South,59,No,2025,5
2025-05-07 19:42:56.314692880,P019,M,S01,Autumn,Senior,South,62,No,2025,5
2025-05-07 21:54:20.971747648,P006,L,S06,Winter,Senior,North,56,No,2025,5
2025-05-08 00:05:45.628802400,P020,M,S08,Winter,Senior,East,66,No,2025,5
2025-05-08 02:17:10.285857152,P027,M,S01,Summer,Young Adult,South,70,No,2025,5
2025-05-08 04:28:34.942911904,P021,M,S02,Spring,Young Adult,South,58,No,2025,5
2025-05-08 06:39:59.599966656,P011,M,S05,Summer,Young Adult,North,70,No,2025,5
2025-05-08 08:51:24.257021408,P005,XXL,S08,Autumn,Senior,East,18,Yes,2025,5
2025-05-08 11:02:48.914076176,P016,L,S11,Summer,Young Adult,West,59,No,2025,5
2025-05-08 13:14:13.571130928,P007,M,S04,Spring,Young Adult,North,72,No,2025,5
2025-05-08 15:25:38.228185680,P027,M,S05,Summer,Adult,North,72,No,2025,5
2025-05-08 17:37:02.885240432,P005,XL,S10,Spring,Adult,West,47,No,2025,5
2025-05-08 19:48:27.542295184,P011,M,S05,Spring,Young Adult,North,59,No,2025,5
2025-05-08 21:59:52.199349936,P015,M,S03,Autumn,Young Adult,South,65,No,2025,5
2025-05-09 00:11:16.856404704,P003,M,S06,Spring,Adult,North,58,No,2025,5
2025-05-09 02:22:41.513459456,P026,XL,S05,Winter,Young Adult,North,48,No,2025,5
2025-05-09 04:34:06.170514208,P005,S,S02,Summer,Senior,South,44,No,2025,5
2025-05-09 06:45:30.827568960,P023,S,S10,Summer,Young Adult,West,43,No,2025,5
2025-05-09 08:56:55.484623712,P021,M,S04,Winter,Senior,North,60,No,2025,5
2025-05-09 11:08:20.141678464,P005,M,S11,Winter,Young Adult,West,70,No,2025,5
2025-05-09 13:19:44.798733232,P009,L,S04,Autumn,Teen,North,53,No,2025,5
2025-05-09 15:31:09.455787984,P015,M,S07,Summer,Young Adult,East,58,No,2025,5
2025-05-09 17:42:34.112842736,P003,M,S07,Winter,Teen,East,63,No,2025,5
2025-05-09 19:53:58.769897488,P029,S,S09,Autumn,Young Adult,East,43,No,2025,5
2025-05-09 22:05:23.426952240,P006,S,S10,Summer,Young Adult,West,49,No,2025,5
2025-05-10 00:16:48.084006992,P017,XL,S12,Summer,Senior,West,48,Yes,2025,5
2025-05-10 02:28:12.741061744,P026,XL,S02,Winter,Adult,South,58,Yes,2025,5
2025-05-10 04:39:37.398116512,P021,M,S06,Spring,Adult,North,53,No,2025,5
2025-05-10 06:51:02.055171264,P008,S,S02,Spring,Senior,South,33,No,2025,5
2025-05-10 09:02:26.712226016,P021,S,S09,Winter,Adult,East,45,No,2025,5
2025-05-10 11:13:51.369280768,P025,L,S02,Spring,Teen,South,54,No,2025,5
2025-05-10 13:25:16.026335520,P011,L,S06,Summer,Teen,North,65,No,2025,5
2025-05-10 15:36:40.683390272,P006,M,S08,Autumn,Young Adult,East,66,No,2025,5
2025-05-10 17:48:05.340445040,P008,L,S06,Autumn,Teen,North,57,No,2025,5
2025-05-10 19:59:29.997499792,P010,L,S12,Winter,Adult,West,64,No,2025,5
2025-05-10 22:10:54.654554544,P024,XL,S03,Autumn,Teen,South,49,No,2025,5
2025-05-11 00:22:19.311609296,P029,S,S05,Winter,Young Adult,North,49,No,2025,5
2025-05-11 02:33:43.968664048,P003,M,S04,Spring,Teen,North,59,No,2025,5
2025-05-11 04:45:08.625718800,P023,S,S01,Summer,Adult,South,38,No,2025,5
2025-05-11 06:56:33.282773568,P014,XL,S05,Spring,Senior,North,50,Yes,2025,5
2025-05-11 09:07:57.939828320,P023,L,S10,Winter,Young Adult,West,56,No,2025,5
2025-05-11 11:19:22.596883072,P014,L,S12,Summer,Senior,West,53,No,2025,5
2025-05-11 13:30:47.253937824,P010,S,S05,Summer,Teen,North,47,No,2025,5
2025-05-11 15:42:11.910992576,P012,M,S07,Summer,Young Adult,East,64,No,2025,5
2025-05-11 17:53:36.568047328,P006,M,S12,Spring,Young Adult,West,62,No,2025,5
2025-05-11 20:05:01.225102096,P012,L,S07,Summer,Teen,East,52,No,2025,5
2025-05-11 22:16:25.882156848,P023,M,S02,Spring,Young Adult,South,66,No,2025,5
2025-05-12 00:27:50.539211600,P014,S,S04,Spring,Teen,North,45,No,2025,5
2025-05-12 02:39:15.196266352,P002,L,S01,Summer,Senior,South,58,No,2025,5
2025-05-12 04:50:39.853321104,P009,M,S05,Winter,Senior,North,59,No,2025,5
2025-05-12 07:02:04.510375856,P010,M,S05,Summer,Adult,North,68,No,2025,5
2025-05-12 09:13:29.167430608,P026,S,S04,Summer,Adult,North,35,No,2025,5
2025-05-12 11:24:53.824485376,P017,XL,S10,Spring,Teen,West,48,Yes,2025,5
2025-05-12 13:36:18.481540128,P017,L,S12,Summer,Teen,West,66,No,2025,5
2025-05-12 15:47:43.138594880,P003,XL,S12,Winter,Senior,West,55,No,2025,5
2025-05-12 17:59:07.795649632,P030,M,S07,Summer,Young Adult,East,68,No,2025,5
2025-05-12 20:10:32.452704384,P019,XL,S06,Winter,Teen,North,46,No,2025,5
2025-05-12 22:21:57.109759136,P001,XL,S10,Autumn,Young Adult,West,62,Yes,2025,5
2025-05-13 00:33:21.766813904,P012,L,S03,Autumn,Adult,South,66,No,2025,5
2025-05-13 02:44:46.423868656,P007,XL,S02,Autumn,Senior,South,55,No,2025,5
2025-05-13 04:56:11.080923408,P004,M,S04,Summer,Teen,North,69,No,2025,5
2025-05-13 07:07:35.737978160,P010,M,S09,Spring,Adult,East,74,No,2025,5
2025-05-13 09:19:00.395032912,P013,S,S10,Winter,Teen,West,41,No,2025,5
2025-05-13 11:30:25.052087664,P002,L,S05,Autumn,Adult,North,65,No,2025,5
2025-05-13 13:41:49.709142432,P010,L,S01,Winter,Senior,South,70,No,2025,5
2025-05-13 15:53:14.366197184,P021,L,S11,Spring,Teen,West,53,No,2025,5
2025-05-13 18:04:39.023251936,P022,S,S03,Winter,Teen,South,54,No,2025,5
2025-05-13 20:16:03.680306688,P025,M,S09,Winter,Young Adult,East,71,No,2025,5
2025-05-13 22:27:28.337361440,P004,M,S07,Autumn,Young Adult,East,71,No,2025,5
2025-05-14 00:38:52.994416192,P018,L,S03,Winter,Teen,South,61,No,2025,5
2025-05-14 02:50:17.651470960,P005,M,S01,Autumn,Senior,South,50,No,2025,5
2025-05-14 05:01:42.308525712,P019,XL,S04,Spring,Young Adult,North,45,Yes,2025,5
2025-05-14 07:13:06.965580464,P002,M,S09,Autumn,Teen,East,58,No,2025,5
2025-05-14 09:24:31.622635216,P012,M,S12,Winter,Teen,West,66,No,2025,5
2025-05-14 11:35:56.279689968,P017,XL,S07,Spring,Adult,East,57,No,2025,5
2025-05-14 13:47:20.936744720,P010,M,S05,Summer,Senior,North,74,No,2025,5
2025-05-14 15:58:45.593799472,P002,S,S11,Summer,Young Adult,West,49,No,2025,5
2025-05-14 18:10:10.250854240,P006,M,S06,Spring,Young Adult,North,62,No,2025,5
2025-05-14 20:21:34.907908992,P008,S,S01,Spring,Adult,South,39,No,2025,5
2025-05-14 22:32:59.564963744,P029,XXL,S07,Winter,Teen,East,39,No,2025,5
2025-05-15 00:44:24.222018496,P019,L,S12,Summer,Young Adult,West,69,No,2025,5
2025-05-15 02:55:48.879073248,P011,M,S05,Spring,Teen,North,58,No,2025,5
2025-05-15 05:07:13.536128000,P025,L,S07,Summer,Young Adult,East,57,No,2025,5
2025-05-15 07:18:38.193182768,P012,S,S05,Summer,Young Adult,North,56,No,2025,5
2025-05-15 09:30:02.850237520,P009,L,S05,Winter,Teen,North,62,No,2025,5
2025-05-15 11:41:27.507292272,P002,XL,S03,Spring,Teen,South,50,No,2025,5
2025-05-15 13:52:52.164347024,P008,XL,S05,Autumn,Young Adult,North,45,No,2025,5
2025-05-15 16:04:16.821401776,P026,M,S08,Spring,Adult,East,60,No,2025,5
2025-05-15 18:15:41.478456528,P011,M,S08,Summer,Adult,East,67,No,2025,5
2025-05-15 20:27:06.135511296,P028,S,S02,Autumn,Adult,South,52,No,2025,5
2025-05-15 22:38:30.792566048,P021,L,S11,Autumn,Adult,West,49,No,2025,5
2025-05-16 00:49:55.449620800,P004,L,S01,Summer,Adult,South,69,No,2025,5
2025-05-16 03:01:20.106675552,P010,M,S02,Autumn,Teen,South,70,Yes,2025,5
2025-05-16 05:12:44.763730304,P021,XL,S11,Autumn,Young Adult,West,48,No,2025,5
2025-05-16 07:24:09.420785056,P020,M,S07,Spring,Adult,East,59,No,2025,5
2025-05-16 09:35:34.077839824,P016,S,S03,Summer,Senior,South,45,No,2025,5
2025-05-16 11:46:58.734894576,P008,S,S08,Winter,Young Adult,East,48,No,2025,5
2025-05-16 13:58:23.391949328,P004,M,S04,Autumn,Senior,North,55,No,2025,5
2025-05-16 16:09:48.049004080,P029,S,S10,Summer,Teen,West,47,No,2025,5
2025-05-16 18:21:12.706058832,P010,L,S10,Spring,Young Adult,West,63,No,2025,5
2025-05-16 20:32:37.363113584,P012,M,S08,Spring,Teen,East,55,No,2025,5
2025-05-16 22:44:02.020168336,P029,M,S02,Spring,Senior,South,65,No,2025,5
2025-05-17 00:55:26.677223104,P014,L,S05,Autumn,Young Adult,North,67,No,2025,5
2025-05-17 03:06:51.334277856,P016,M,S06,Winter,Young Adult,North,68,No,2025,5
2025-05-17 05:18:15.991332608,P022,L,S01,Spring,Teen,South,58,No,2025,5
2025-05-17 07:29:40.648387360,P018,M,S01,Winter,Young Adult,South,69,No,2025,5
2025-05-17 09:41:05.305442112,P021,L,S09,Summer,Senior,East,50,Yes,2025,5
2025-05-17 11:52:29.962496864,P022,XL,S05,Spring,Teen,North,52,No,2025,5
2025-05-17 14:03:54.619551632,P021,S,S04,Autumn,Senior,North,39,No,2025,5
2025-05-17 16:15:19.276606384,P012,L,S01,Spring,Young Adult,South,62,No,2025,5
2025-05-17 18:26:43.933661136,P018,XL,S03,Autumn,Senior,South,42,No,2025,5
2025-05-17 20:38:08.590715888,P030,L,S04,Summer,Young Adult,North,70,No,2025,5
2025-05-17 22:49:33.247770640,P007,M,S11,Winter,Senior,West,69,No,2025,5
2025-05-18 01:00:57.904825392,P020,M,S11,Winter,Senior,West,62,No,2025,5
2025-05-18 03:12:22.561880160,P024,L,S05,Winter,Adult,North,64,No,2025,5
2025-05-18 05:23:47.218934912,P023,XL,S10,Spring,Young Adult,West,52,No,2025,5
2025-05-18 07:35:11.875989664,P007,S,S12,Spring,Adult,West,49,No,2025,5
2025-05-18 09:46:36.533044416,P009,S,S05,Summer,Adult,North,53,No,2025,5
2025-05-18 11:58:01.190099168,P001,M,S10,Winter,Teen,West,75,No,2025,5
2025-05-18 14:09:25.847153920,P026,M,S08,Summer,Teen,East,51,No,2025,5
2025-05-18 16:20:50.504208688,P006,M,S03,Autumn,Senior,South,57,No,2025,5
2025-05-18 18:32:15.161263440,P006,M,S07,Spring,Young Adult,East,67,No,2025,5
2025-05-18 20:43:39.818318192,P022,M,S06,Winter,Teen,North,61,No,2025,5
2025-05-18 22:55:04.475372944,P029,S,S10,Spring,Adult,West,44,No,2025,5
2025-05-19 01:06:29.132427696,P012,XL,S11,Winter,Young Adult,West,57,No,2025,5
2025-05-19 03:17:53.789482448,P022,S,S10,Winter,Senior,West,54,No,2025,5
2025-05-19 05:29:18.446537200,P012,M,S10,Spring,Senior,West,66,No,2025,5
2025-05-19 07:40:43.103591968,P010,M,S11,Spring,Teen,West,66,No,2025,5
2025-05-19 09:52:07.760646720,P023,XL,S06,Summer,Teen,North,38,No,2025,5
2025-05-19 12:03:32.417701472,P030,L,S10,Spring,Teen,West,53,No,2025,5
2025-05-19 14:14:57.074756224,P026,L,S09,Spring,Senior,East,42,No,2025,5
2025-05-19 16:26:21.731810976,P006,S,S07,Spring,Adult,East,36,No,2025,5
2025-05-19 18:37:46.388865728,P017,XL,S11,Autumn,Teen,West,47,No,2025,5
2025-05-19 20:49:11.045920496,P019,M,S07,Autumn,Senior,East,60,No,2025,5
2025-05-19 23:00:35.702975248,P018,M,S11,Autumn,Young Adult,West,60,No,2025,5
2025-05-20 01:12:00.360030000,P006,L,S01,Summer,Senior,South,62,No,2025,5
2025-05-20 03:23:25.017084752,P024,XL,S01,Summer,Young Adult,South,54,No,2025,5
2025-05-20 05:34:49.674139504,P019,L,S09,Winter,Young Adult,East,54,No,2025,5
2025-05-20 07:46:14.331194256,P010,XL,S09,Summer,Adult,East,55,No,2025,5
2025-05-20 09:57:38.988249024,P024,XL,S12,Spring,Teen,West,53,No,2025,5
2025-05-20 12:09:03.645303776,P008,M,S11,Winter,Young Adult,West,72,No,2025,5
2025-05-20 14:20:28.302358528,P021,M,S10,Spring,Teen,West,51,No,2025,5
2025-05-20 16:31:52.959413280,P024,S,S03,Winter,Senior,South,50,No,2025,5
2025-05-20 18:43:17.616468032,P006,XL,S11,Summer,Teen,West,42,No,2025,5
2025-05-20 20:54:42.273522784,P021,M,S11,Autumn,Senior,West,62,No,2025,5
2025-05-20 23:06:06.930577552,P025,XL,S08,Spring,Young Adult,East,49,Yes,2025,5
2025-05-21 01:17:31.587632304,P030,M,S09,Winter,Adult,East,67,No,2025,5
2025-05-21 03:28:56.244687056,P007,M,S01,Autumn,Young Adult,South,77,No,2025,5
2025-05-21 05:40:20.901741808,P024,S,S12,Spring,Senior,West,48,No,2025,5
2025-05-21 07:51:45.558796560,P001,M,S03,Spring,Young Adult,South,75,No,2025,5
2025-05-21 10:03:10.215851312,P027,XL,S06,Autumn,Adult,North,54,No,2025,5
2025-05-21 12:14:34.872906064,P018,S,S04,Summer,Teen,North,39,No,2025,5
2025-05-21 14:25:59.529960832,P024,M,S08,Autumn,Senior,East,52,No,2025,5
2025-05-21 16:37:24.187015584,P028,S,S09,Summer,Teen,East,46,No,2025,5
2025-05-21 18:48:48.844070336,P025,M,S07,Winter,Adult,East,64,No,2025,5
2025-05-21 21:00:13.501125088,P020,M,S11,Summer,Young Adult,West,61,No,2025,5
2025-05-21 23:11:38.158179840,P012,M,S01,Winter,Adult,South,70,No,2025,5
2025-05-22 01:23:02.815234592,P016,XL,S02,Winter,Senior,South,50,No,2025,5
2025-05-22 03:34:27.472289360,P010,M,S01,Winter,Senior,South,76,No,2025,5
2025-05-22 05:45:52.129344112,P027,M,S09,Winter,Young Adult,East,66,No,2025,5
2025-05-22 07:57:16.786398864,P010,L,S04,Spring,Senior,North,62,No,2025,5
2025-05-22 10:08:41.443453616,P014,S,S10,Winter,Adult,West,54,No,2025,5
2025-05-22 12:20:06.100508368,P025,M,S08,Spring,Senior,East,59,No,2025,5
2025-05-22 14:31:30.757563120,P020,L,S05,Spring,Teen,North,44,No,2025,5
2025-05-22 16:42:55.414617888,P010,M,S05,Winter,Adult,North,71,No,2025,5
2025-05-22 18:54:20.071672640,P010,L,S05,Summer,Adult,North,64,No,2025,5
2025-05-22 21:05:44.728727392,P026,M,S11,Summer,Senior,West,60,No,2025,5
2025-05-22 23:17:09.385782144,P025,L,S05,Autumn,Young Adult,North,52,No,2025,5
2025-05-23 01:28:34.042836896,P011,XL,S03,Spring,Young Adult,South,56,No,2025,5
2025-05-23 03:39:58.699891648,P023,S,S06,Spring,Young Adult,North,41,No,2025,5
2025-05-23 05:51:23.356946416,P002,M,S01,Summer,Senior,South,72,No,2025,5
2025-05-23 08:02:48.014001168,P025,M,S08,Spring,Senior,East,60,No,2025,5
2025-05-23 10:14:12.671055920,P020,M,S04,Summer,Senior,North,65,No,2025,5
2025-05-23 12:25:37.328110672,P008,XL,S06,Autumn,Adult,North,51,No,2025,5
2025-05-23 14:37:01.985165424,P030,L,S02,Winter,Adult,South,60,No,2025,5
2025-05-23 16:48:26.642220176,P023,M,S02,Winter,Senior,South,57,No,2025,5
2025-05-23 18:59:51.299274928,P029,L,S08,Winter,Young Adult,East,68,No,2025,5
2025-05-23 21:11:15.956329696,P007,S,S01,Autumn,Teen,South,45,No,2025,5
2025-05-23 23:22:40.613384448,P008,L,S08,Spring,Young Adult,East,56,No,2025,5
2025-05-24 01:34:05.270439200,P001,L,S10,Autumn,Adult,West,56,No,2025,5
2025-05-24 03:45:29.927493952,P021,L,S10,Spring,Adult,West,57,No,2025,5
2025-05-24 05:56:54.584548704,P002,M,S01,Spring,Young Adult,South,70,No,2025,5
2025-05-24 08:08:19.241603456,P018,L,S09,Winter,Young Adult,East,56,No,2025,5
2025-05-24 10:19:43.898658224,P015,M,S01,Summer,Adult,South,64,No,2025,5
2025-05-24 12:31:08.555712976,P001,L,S04,Summer,Adult,North,59,No,2025,5
2025-05-24 14:42:33.212767728,P005,M,S09,Winter,Senior,East,66,No,2025,5
2025-05-24 16:53:57.869822480,P002,M,S01,Spring,Teen,South,68,No,2025,5
2025-05-24 19:05:22.526877232,P020,L,S09,Autumn,Senior,East,43,No,2025,5
2025-05-24 21:16:47.183931984,P003,XL,S08,Winter,Senior,East,48,No,2025,5
2025-05-24 23:28:11.840986752,P019,S,S05,Winter,Young Adult,North,47,No,2025,5
2025-05-25 01:39:36.498041504,P018,XL,S06,Autumn,Young Adult,North,55,Yes,2025,5
2025-05-25 03:51:01.155096256,P029,L,S05,Spring,Teen,North,52,No,2025,5
2025-05-25 06:02:25.812151008,P022,L,S04,Winter,Senior,North,63,No,2025,5
2025-05-25 08:13:50.469205760,P018,XL,S12,Winter,Senior,West,46,No,2025,5
2025-05-25 10:25:15.126260512,P014,M,S10,Spring,Adult,West,69,No,2025,5
2025-05-25 12:36:39.783315280,P030,XL,S12,Autumn,Adult,West,44,No,2025,5
2025-05-25 14:48:04.440370032,P024,M,S04,Autumn,Teen,North,52,No,2025,5
2025-05-25 16:59:29.097424784,P008,M,S10,Summer,Young Adult,West,70,No,2025,5
2025-05-25 19:10:53.754479536,P029,L,S08,Summer,Adult,East,61,No,2025,5
2025-05-25 21:22:18.411534288,P030,XL,S08,Autumn,Teen,East,40,No,2025,5
2025-05-25 23:33:43.068589040,P012,XL,S09,Summer,Senior,East,44,No,2025,5
2025-05-26 01:45:07.725643808,P021,L,S03,Summer,Teen,South,62,No,2025,5
2025-05-26 03:56:32.382698560,P010,L,S10,Spring,Teen,West,54,No,2025,5
2025-05-26 06:07:57.039753312,P023,M,S08,Winter,Adult,East,66,No,2025,5
2025-05-26 08:19:21.696808064,P020,XXL,S03,Summer,Adult,South,38,No,2025,5
2025-05-26 10:30:46.353862816,P017,M,S02,Summer,Senior,South,66,No,2025,5
2025-05-26 12:42:11.010917568,P011,L,S02,Spring,Senior,South,56,No,2025,5
2025-05-26 14:53:35.667972320,P002,L,S09,Autumn,Senior,East,55,No,2025,5
2025-05-26 17:05:00.325027088,P026,L,S04,Summer,Teen,North,48,No,2025,5
2025-05-26 19:16:24.982081840,P026,M,S05,Winter,Teen,North,67,Yes,2025,5
2025-05-26 21:27:49.639136592,P004,XXL,S02,Summer,Adult,South,40,No,2025,5
2025-05-26 23:39:14.296191344,P001,L,S09,Winter,Senior,East,63,No,2025,5
2025-05-27 01:50:38.953246096,P015,XL,S07,Autumn,Adult,East,50,No,2025,5
2025-05-27 04:02:03.610300848,P013,S,S03,Summer,Senior,South,48,No,2025,5
2025-05-27 06:13:28.267355616,P008,L,S06,Winter,Senior,North,57,No,2025,5
2025-05-27 08:24:52.924410368,P025,L,S07,Winter,Adult,East,60,No,2025,5
2025-05-27 10:36:17.581465120,P004,L,S12,Winter,Adult,West,62,No,2025,5
2025-05-27 12:47:42.238519872,P010,XL,S06,Autumn,Adult,North,57,No,2025,5
2025-05-27 14:59:06.895574624,P019,S,S10,Winter,Senior,West,47,No,2025,5
2025-05-27 17:10:31.552629376,P018,S,S11,Spring,Teen,West,38,No,2025,5
2025-05-27 19:21:56.209684144,P005,M,S10,Autumn,Adult,West,59,No,2025,5
2025-05-27 21:33:20.866738896,P030,S,S06,Winter,Adult,North,54,No,2025,5
2025-05-27 23:44:45.523793648,P019,XXL,S08,Autumn,Teen,East,26,No,2025,5
2025-05-28 01:56:10.180848400,P026,M,S08,Autumn,Teen,East,52,No,2025,5
2025-05-28 04:07:34.837903152,P023,M,S05,Spring,Young Adult,North,64,No,2025,5
2025-05-28 06:18:59.494957904,P027,S,S04,Winter,Adult,North,48,No,2025,5
2025-05-28 08:30:24.152012672,P022,L,S11,Autumn,Young Adult,West,65,No,2025,5
2025-05-28 10:41:48.809067424,P016,M,S05,Autumn,Young Adult,North,65,No,2025,5
2025-05-28 12:53:13.466122176,P001,S,S09,Winter,Teen,East,50,No,2025,5
2025-05-28 15:04:38.123176928,P012,M,S12,Spring,Senior,West,64,No,2025,5
2025-05-28 17:16:02.780231680,P024,M,S10,Summer,Senior,West,63,No,2025,5
2025-05-28 19:27:27.437286432,P002,XXL,S06,Winter,Teen,North,41,No,2025,5
2025-05-28 21:38:52.094341184,P021,M,S03,Summer,Young Adult,South,69,No,2025,5
2025-05-28 23:50:16.751395952,P025,L,S03,Winter,Young Adult,South,61,No,2025,5
2025-05-29 02:01:41.408450704,P008,XXL,S01,Winter,Young Adult,South,39,No,2025,5
2025-05-29 04:13:06.065505456,P018,L,S05,Autumn,Young Adult,North,53,Yes,2025,5
2025-05-29 06:24:30.722560208,P025,XXL,S06,Winter,Adult,North,38,No,2025,5
2025-05-29 08:35:55.379614960,P016,XXL,S08,Spring,Young Adult,East,31,No,2025,5
2025-05-29 10:47:20.036669712,P005,M,S11,Spring,Teen,West,57,No,2025,5
2025-05-29 12:58:44.693724480,P026,L,S09,Winter,Young Adult,East,59,No,2025,5
2025-05-29 15:10:09.350779232,P030,S,S07,Autumn,Young Adult,East,40,No,2025,5
2025-05-29 17:21:34.007833984,P022,M,S01,Autumn,Teen,South,65,No,2025,5
2025-05-29 19:32:58.664888736,P013,XL,S07,Summer,Young Adult,East,50,No,2025,5
2025-05-29 21:44:23.321943488,P019,L,S10,Winter,Senior,West,53,No,2025,5
2025-05-29 23:55:47.978998240,P029,L,S09,Summer,Teen,East,53,No,2025,5
2025-05-30 02:07:12.636053008,P003,L,S04,Autumn,Adult,North,58,No,2025,5
2025-05-30 04:18:37.293107760,P026,M,S11,Spring,Adult,West,56,No,2025,5
2025-05-30 06:30:01.950162512,P008,XL,S12,Autumn,Teen,West,45,Yes,2025,5
2025-05-30 08:41:26.607217264,P027,M,S07,Spring,Adult,East,73,No,2025,5
2025-05-30 10:52:51.264272016,P026,M,S09,Summer,Adult,East,65,No,2025,5
2025-05-30 13:04:15.921326768,P026,XL,S01,Autumn,Adult,South,51,No,2025,5
2025-05-30 15:15:40.578381536,P012,M,S12,Spring,Teen,West,70,No,2025,5
2025-05-30 17:27:05.235436288,P002,L,S10,Summer,Young Adult,West,73,No,2025,5
2025-05-30 19:38:29.892491040,P011,L,S09,Autumn,Adult,East,49,No,2025,5
2025-05-30 21:49:54.549545792,P012,M,S04,Winter,Senior,North,69,No,2025,5
2025-05-31 00:01:19.206600544,P028,XL,S12,Autumn,Young Adult,West,56,No,2025,5
2025-05-31 02:12:43.863655296,P018,L,S08,Summer,Young Adult,East,55,No,2025,5
2025-05-31 04:24:08.520710048,P013,M,S03,Autumn,Adult,South,64,No,2025,5
2025-05-31 06:35:33.177764816,P005,S,S02,Summer,Adult,South,41,No,2025,5
2025-05-31 08:46:57.834819568,P022,XL,S12,Spring,Young Adult,West,60,No,2025,5
2025-05-31 10:58:22.491874320,P012,S,S08,Autumn,Adult,East,47,No,2025,5
2025-05-31 13:09:47.148929072,P002,XL,S08,Summer,Teen,East,51,Yes,2025,5
2025-05-31 15:21:11.805983824,P005,M,S03,Summer,Teen,South,61,No,2025,5
2025-05-31 17:32:36.463038576,P007,L,S08,Winter,Adult,East,60,No,2025,5
2025-05-31 19:44:01.120093344,P026,XL,S11,Spring,Young Adult,West,53,No,2025,5
2025-05-31 21:55:25.777148096,P026,M,S11,Winter,Adult,West,59,No,2025,5
2025-06-01 00:06:50.434202848,P024,L,S06,Winter,Senior,North,65,Yes,2025,6
2025-06-01 02:18:15.091257600,P012,L,S10,Autumn,Teen,West,61,No,2025,6
2025-06-01 04:29:39.748312352,P016,L,S09,Summer,Young Adult,East,55,No,2025,6
2025-06-01 06:41:04.405367104,P023,L,S10,Summer,Senior,West,60,No,2025,6
2025-06-01 08:52:29.062421872,P008,L,S06,Summer,Adult,North,51,No,2025,6
2025-06-01 11:03:53.719476624,P030,L,S08,Autumn,Teen,East,55,No,2025,6
2025-06-01 13:15:18.376531376,P028,XL,S02,Autumn,Senior,South,40,No,2025,6
2025-06-01 15:26:43.033586128,P009,L,S01,Spring,Young Adult,South,60,No,2025,6
2025-06-01 17:38:07.690640880,P015,M,S10,Winter,Teen,West,65,No,2025,6
2025-06-01 19:49:32.347695632,P005,XXL,S10,Spring,Adult,West,33,No,2025,6
2025-06-01 22:00:57.004750400,P013,M,S02,Spring,Adult,South,59,No,2025,6
2025-06-02 00:12:21.661805152,P005,S,S12,Autumn,Teen,West,38,No,2025,6
2025-06-02 02:23:46.318859904,P011,M,S04,Summer,Senior,North,64,No,2025,6
2025-06-02 04:35:10.975914656,P010,S,S10,Autumn,Teen,West,45,No,2025,6
2025-06-02 06:46:35.632969408,P020,S,S09,Autumn,Teen,East,39,No,2025,6
2025-06-02 08:58:00.290024160,P013,M,S07,Autumn,Teen,East,59,No,2025,6
2025-06-02 11:09:24.947078912,P009,S,S09,Spring,Senior,East,36,No,2025,6
2025-06-02 13:20:49.604133680,P021,L,S09,Summer,Teen,East,49,No,2025,6
2025-06-02 15:32:14.261188432,P014,S,S09,Autumn,Young Adult,East,45,No,2025,6
2025-06-02 17:43:38.918243184,P018,M,S08,Spring,Adult,East,69,No,2025,6
2025-06-02 19:55:03.575297936,P015,S,S06,Autumn,Senior,North,36,No,2025,6
2025-06-02 22:06:28.232352688,P010,S,S11,Winter,Young Adult,West,54,No,2025,6
2025-06-03 00:17:52.889407440,P024,M,S10,Summer,Teen,West,63,Yes,2025,6
2025-06-03 02:29:17.546462208,P007,L,S07,Spring,Young Adult,East,60,No,2025,6
2025-06-03 04:40:42.203516960,P008,XXL,S02,Winter,Senior,South,35,No,2025,6
2025-06-03 06:52:06.860571712,P028,XL,S11,Autumn,Adult,West,45,No,2025,6
2025-06-03 09:03:31.517626464,P003,XL,S01,Winter,Senior,South,51,No,2025,6
2025-06-03 11:14:56.174681216,P015,M,S05,Winter,Teen,North,69,No,2025,6
2025-06-03 13:26:20.831735968,P016,M,S08,Spring,Teen,East,53,No,2025,6
2025-06-03 15:37:45.488790736,P004,S,S03,Summer,Adult,South,59,No,2025,6
2025-06-03 17:49:10.145845488,P021,L,S07,Summer,Senior,East,53,Yes,2025,6
2025-06-03 20:00:34.802900240,P006,S,S05,Spring,Senior,North,34,No,2025,6
2025-06-03 22:11:59.459954992,P001,L,S12,Autumn,Senior,West,58,No,2025,6
2025-06-04 00:23:24.117009744,P004,M,S10,Winter,Young Adult,West,80,No,2025,6
2025-06-04 02:34:48.774064496,P011,M,S08,Summer,Adult,East,67,No,2025,6
2025-06-04 04:46:13.431119264,P012,XXL,S06,Summer,Senior,North,29,No,2025,6
2025-06-04 06:57:38.088174016,P026,L,S06,Winter,Adult,North,63,No,2025,6
2025-06-04 09:09:02.745228768,P029,XL,S07,Autumn,Young Adult,East,54,No,2025,6
2025-06-04 11:20:27.402283520,P005,L,S07,Winter,Senior,East,58,No,2025,6
2025-06-04 13:31:52.059338272,P023,XL,S04,Spring,Young Adult,North,51,No,2025,6
2025-06-04 15:43:16.716393024,P029,L,S10,Spring,Teen,West,56,No,2025,6
2025-06-04 17:54:41.373447776,P021,XL,S12,Autumn,Teen,West,41,No,2025,6
2025-06-04 20:06:06.030502544,P016,M,S10,Summer,Teen,West,63,No,2025,6
2025-06-04 22:17:30.687557296,P013,L,S10,Summer,Adult,West,65,No,2025,6
2025-06-05 00:28:55.344612048,P013,L,S08,Autumn,Senior,East,53,No,2025,6
2025-06-05 02:40:20.001666800,P017,M,S06,Autumn,Senior,North,63,No,2025,6
2025-06-05 04:51:44.658721552,P027,XL,S11,Spring,Young Adult,West,59,No,2025,6
2025-06-05 07:03:09.315776304,P007,XXL,S08,Spring,Young Adult,East,43,No,2025,6
2025-06-05 09:14:33.972831072,P008,M,S07,Autumn,Teen,East,50,No,2025,6
2025-06-05 11:25:58.629885824,P013,M,S01,Summer,Adult,South,72,No,2025,6
2025-06-05 13:37:23.286940576,P023,M,S04,Winter,Adult,North,64,No,2025,6
2025-06-05 15:48:47.943995328,P027,XL,S07,Winter,Young Adult,East,55,No,2025,6
2025-06-05 18:00:12.601050080,P016,L,S09,Winter,Young Adult,East,61,No,2025,6
2025-06-05 20:11:37.258104832,P030,S,S02,Spring,Senior,South,48,Yes,2025,6
2025-06-05 22:23:01.915159600,P029,L,S05,Autumn,Senior,North,50,No,2025,6
2025-06-06 00:34:26.572214352,P004,S,S09,Summer,Young Adult,East,49,No,2025,6
2025-06-06 02:45:51.229269104,P008,L,S09,Spring,Senior,East,43,No,2025,6
2025-06-06 04:57:15.886323856,P016,M,S06,Autumn,Young Adult,North,71,No,2025,6
2025-06-06 07:08:40.543378608,P021,M,S07,Autumn,Adult,East,55,No,2025,6
2025-06-06 09:20:05.200433360,P010,L,S09,Winter,Teen,East,58,No,2025,6
2025-06-06 11:31:29.857488128,P025,S,S10,Winter,Young Adult,West,50,No,2025,6
2025-06-06 13:42:54.514542880,P012,M,S08,Summer,Young Adult,East,61,No,2025,6
2025-06-06 15:54:19.171597632,P012,M,S10,Summer,Senior,West,58,No,2025,6
2025-06-06 18:05:43.828652384,P026,M,S06,Winter,Young Adult,North,60,No,2025,6
2025-06-06 20:17:08.485707136,P005,M,S06,Winter,Adult,North,66,No,2025,6
2025-06-06 22:28:33.142761888,P016,XXL,S07,Autumn,Teen,East,38,No,2025,6
2025-06-07 00:39:57.799816640,P001,XL,S07,Summer,Senior,East,49,No,2025,6
2025-06-07 02:51:22.456871408,P028,XL,S02,Autumn,Adult,South,53,No,2025,6
2025-06-07 05:02:47.113926160,P009,XL,S09,Summer,Teen,East,53,No,2025,6
2025-06-07 07:14:11.770980912,P012,M,S04,Summer,Senior,North,67,No,2025,6
2025-06-07 09:25:36.428035664,P005,M,S10,Spring,Adult,West,57,No,2025,6
2025-06-07 11:37:01.085090416,P022,M,S09,Winter,Young Adult,East,68,No,2025,6
2025-06-07 13:48:25.742145168,P020,XL,S12,Spring,Senior,West,38,No,2025,6
2025-06-07 15:59:50.399199936,P022,L,S11,Summer,Young Adult,West,64,No,2025,6
2025-06-07 18:11:15.056254688,P028,M,S10,Autumn,Senior,West,67,No,2025,6
2025-06-07 20:22:39.713309440,P024,M,S03,Summer,Teen,South,60,No,2025,6
2025-06-07 22:34:04.370364192,P003,L,S05,Spring,Senior,North,55,No,2025,6
2025-06-08 00:45:29.027418944,P005,L,S05,Winter,Senior,North,53,No,2025,6
2025-06-08 02:56:53.684473696,P002,XL,S07,Autumn,Adult,East,44,No,2025,6
2025-06-08 05:08:18.341528464,P014,M,S12,Summer,Senior,West,69,No,2025,6
2025-06-08 07:19:42.998583216,P002,XL,S04,Summer,Teen,North,46,No,2025,6
2025-06-08 09:31:07.655637968,P013,M,S11,Winter,Adult,West,72,No,2025,6
2025-06-08 11:42:32.312692720,P007,L,S12,Summer,Young Adult,West,73,No,2025,6
2025-06-08 13:53:56.969747472,P010,XL,S04,Summer,Senior,North,58,No,2025,6
2025-06-08 16:05:21.626802224,P013,XL,S01,Winter,Teen,South,45,No,2025,6
2025-06-08 18:16:46.283856992,P016,S,S06,Spring,Teen,North,39,No,2025,6
2025-06-08 20:28:10.940911744,P026,M,S04,Spring,Senior,North,51,No,2025,6
2025-06-08 22:39:35.597966496,P014,M,S11,Spring,Senior,West,59,No,2025,6
2025-06-09 00:51:00.255021248,P011,M,S10,Spring,Young Adult,West,75,No,2025,6
2025-06-09 03:02:24.912076000,P010,L,S10,Autumn,Young Adult,West,65,No,2025,6
2025-06-09 05:13:49.569130752,P006,XL,S05,Autumn,Young Adult,North,52,No,2025,6
2025-06-09 07:25:14.226185504,P004,S,S11,Winter,Young Adult,West,62,No,2025,6
2025-06-09 09:36:38.883240272,P021,M,S09,Winter,Young Adult,East,59,No,2025,6
2025-06-09 11:48:03.540295024,P001,M,S04,Winter,Young Adult,North,74,Yes,2025,6
2025-06-09 13:59:28.197349776,P007,XL,S01,Autumn,Adult,South,47,No,2025,6
2025-06-09 16:10:52.854404528,P024,XXL,S11,Summer,Adult,West,38,No,2025,6
2025-06-09 18:22:17.511459280,P009,M,S09,Autumn,Teen,East,64,No,2025,6
2025-06-09 20:33:42.168514032,P008,S,S05,Spring,Adult,North,38,Yes,2025,6
2025-06-09 22:45:06.825568800,P005,L,S10,Spring,Senior,West,51,No,2025,6
2025-06-10 00:56:31.482623552,P019,L,S12,Summer,Senior,West,54,No,2025,6
2025-06-10 03:07:56.139678304,P010,M,S11,Winter,Senior,West,75,No,2025,6
2025-06-10 05:19:20.796733056,P011,XL,S07,Autumn,Teen,East,42,No,2025,6
2025-06-10 07:30:45.453787808,P025,XXL,S03,Summer,Adult,South,39,Yes,2025,6
2025-06-10 09:42:10.110842560,P015,L,S04,Summer,Senior,North,54,No,2025,6
2025-06-10 11:53:34.767897328,P006,L,S12,Autumn,Adult,West,52,No,2025,6
2025-06-10 14:04:59.424952080,P015,M,S10,Summer,Senior,West,66,No,2025,6
2025-06-10 16:16:24.082006832,P005,L,S09,Winter,Young Adult,East,58,No,2025,6
2025-06-10 18:27:48.739061584,P029,M,S10,Autumn,Adult,West,65,No,2025,6
2025-06-10 20:39:13.396116336,P019,M,S01,Autumn,Adult,South,69,No,2025,6
2025-06-10 22:50:38.053171088,P022,S,S12,Summer,Senior,West,51,No,2025,6
2025-06-11 01:02:02.710225856,P019,M,S11,Winter,Adult,West,73,No,2025,6
2025-06-11 03:13:27.367280608,P010,M,S05,Winter,Young Adult,North,82,No,2025,6
2025-06-11 05:24:52.024335360,P012,L,S08,Spring,Senior,East,54,No,2025,6
2025-06-11 07:36:16.681390112,P022,L,S10,Autumn,Young Adult,West,70,Yes,2025,6
2025-06-11 09:47:41.338444864,P004,L,S07,Spring,Senior,East,58,No,2025,6
2025-06-11 11:59:05.995499616,P018,M,S04,Winter,Adult,North,69,No,2025,6
2025-06-11 14:10:30.652554368,P016,M,S07,Winter,Senior,East,64,No,2025,6
2025-06-11 16:21:55.309609136,P008,XL,S01,Spring,Teen,South,45,No,2025,6
2025-06-11 18:33:19.966663888,P004,M,S06,Autumn,Senior,North,67,No,2025,6
2025-06-11 20:44:44.623718640,P025,XXL,S09,Spring,Adult,East,30,No,2025,6
2025-06-11 22:56:09.280773392,P023,M,S03,Winter,Young Adult,South,73,No,2025,6
2025-06-12 01:07:33.937828144,P012,L,S04,Winter,Young Adult,North,65,No,2025,6
2025-06-12 03:18:58.594882896,P002,S,S08,Summer,Teen,East,40,Yes,2025,6
2025-06-12 05:30:23.251937664,P004,L,S12,Summer,Senior,West,64,No,2025,6
2025-06-12 07:41:47.908992416,P005,XL,S05,Spring,Senior,North,36,No,2025,6
2025-06-12 09:53:12.566047168,P003,XL,S05,Summer,Young Adult,North,47,No,2025,6
2025-06-12 12:04:37.223101920,P009,XXL,S01,Winter,Young Adult,South,43,No,2025,6
2025-06-12 14:16:01.880156672,P029,M,S06,Autumn,Adult,North,63,No,2025,6
2025-06-12 16:27:26.537211424,P021,L,S02,Autumn,Teen,South,49,No,2025,6
2025-06-12 18:38:51.194266192,P018,M,S01,Spring,Young Adult,South,67,No,2025,6
2025-06-12 20:50:15.851320944,P011,L,S06,Summer,Senior,North,50,No,2025,6
2025-06-12 23:01:40.508375696,P003,M,S05,Spring,Young Adult,North,69,No,2025,6
2025-06-13 01:13:05.165430448,P030,XL,S05,Summer,Adult,North,45,No,2025,6
2025-06-13 03:24:29.822485200,P025,XL,S09,Autumn,Senior,East,40,No,2025,6
2025-06-13 05:35:54.479539952,P023,M,S12,Summer,Adult,West,57,No,2025,6
2025-06-13 07:47:19.136594720,P002,M,S10,Summer,Adult,West,73,Yes,2025,6
2025-06-13 09:58:43.793649472,P009,S,S10,Spring,Adult,West,50,No,2025,6
2025-06-13 12:10:08.450704224,P014,L,S03,Autumn,Teen,South,53,No,2025,6
2025-06-13 14:21:33.107758976,P004,M,S01,Summer,Senior,South,71,No,2025,6
2025-06-13 16:32:57.764813728,P029,XL,S08,Autumn,Senior,East,43,No,2025,6
2025-06-13 18:44:22.421868480,P009,L,S12,Summer,Adult,West,59,No,2025,6
2025-06-13 20:55:47.078923232,P013,L,S05,Autumn,Teen,North,47,No,2025,6
2025-06-13 23:07:11.735978000,P018,L,S11,Summer,Young Adult,West,64,No,2025,6
2025-06-14 01:18:36.393032752,P015,S,S05,Winter,Senior,North,47,No,2025,6
2025-06-14 03:30:01.050087504,P028,XL,S08,Autumn,Young Adult,East,41,No,2025,6
2025-06-14 05:41:25.707142256,P010,L,S08,Winter,Senior,East,67,No,2025,6
2025-06-14 07:52:50.364197008,P016,XXL,S11,Winter,Adult,West,38,No,2025,6
2025-06-14 10:04:15.021251760,P012,L,S02,Winter,Senior,South,62,No,2025,6
2025-06-14 12:15:39.678306528,P020,L,S03,Summer,Adult,South,55,No,2025,6
2025-06-14 14:27:04.335361280,P005,S,S10,Autumn,Senior,West,36,No,2025,6
2025-06-14 16:38:28.992416032,P002,L,S10,Summer,Adult,West,65,No,2025,6
2025-06-14 18:49:53.649470784,P010,L,S01,Summer,Young Adult,South,64,No,2025,6
2025-06-14 21:01:18.306525536,P001,L,S03,Autumn,Young Adult,South,59,Yes,2025,6
2025-06-14 23:12:42.963580288,P007,L,S12,Spring,Young Adult,West,58,No,2025,6
2025-06-15 01:24:07.620635056,P026,M,S04,Summer,Senior,North,52,No,2025,6
2025-06-15 03:35:32.277689808,P017,XXL,S11,Winter,Teen,West,43,No,2025,6
2025-06-15 05:46:56.934744560,P016,XXL,S07,Summer,Young Adult,East,41,No,2025,6
2025-06-15 07:58:21.591799312,P027,S,S09,Spring,Senior,East,41,No,2025,6
2025-06-15 10:09:46.248854064,P027,XL,S12,Winter,Adult,West,53,No,2025,6
2025-06-15 12:21:10.905908816,P024,M,S05,Summer,Teen,North,63,No,2025,6
2025-06-15 14:32:35.562963584,P003,L,S12,Autumn,Teen,West,54,No,2025,6
2025-06-15 16:44:00.220018336,P014,M,S01,Winter,Teen,South,71,No,2025,6
2025-06-15 18:55:24.877073088,P010,XXL,S02,Spring,Young Adult,South,48,No,2025,6
2025-06-15 21:06:49.534127840,P022,S,S10,Summer,Young Adult,West,57,No,2025,6
2025-06-15 23:18:14.191182592,P007,M,S02,Autumn,Young Adult,South,76,No,2025,6
2025-06-16 01:29:38.848237344,P026,M,S09,Winter,Young Adult,East,66,No,2025,6
2025-06-16 03:41:03.505292096,P017,M,S10,Winter,Adult,West,79,No,2025,6
2025-06-16 05:52:28.162346864,P030,L,S07,Autumn,Senior,East,58,No,2025,6
2025-06-16 08:03:52.819401616,P006,S,S02,Spring,Teen,South,44,No,2025,6
2025-06-16 10:15:17.476456368,P023,L,S01,Winter,Senior,South,53,No,2025,6
2025-06-16 12:26:42.133511120,P022,XXL,S05,Spring,Teen,North,37,Yes,2025,6
2025-06-16 14:38:06.790565872,P004,XL,S12,Spring,Teen,West,45,No,2025,6
2025-06-16 16:49:31.447620624,P017,XL,S01,Autumn,Teen,South,54,Yes,2025,6
2025-06-16 19:00:56.104675392,P027,M,S09,Winter,Teen,East,62,No,2025,6
2025-06-16 21:12:20.761730144,P009,M,S03,Summer,Adult,South,77,No,2025,6
2025-06-16 23:23:45.418784896,P004,L,S02,Autumn,Adult,South,62,No,2025,6
2025-06-17 01:35:10.075839648,P007,S,S06,Autumn,Teen,North,37,No,2025,6
2025-06-17 03:46:34.732894400,P023,XL,S03,Spring,Teen,South,38,No,2025,6
2025-06-17 05:57:59.389949152,P002,S,S05,Summer,Young Adult,North,53,No,2025,6
2025-06-17 08:09:24.047003920,P017,XL,S10,Autumn,Teen,West,44,No,2025,6
2025-06-17 10:20:48.704058672,P024,S,S08,Spring,Senior,East,31,No,2025,6
2025-06-17 12:32:13.361113424,P008,XL,S10,Winter,Adult,West,49,No,2025,6
2025-06-17 14:43:38.018168176,P023,M,S02,Spring,Senior,South,57,No,2025,6
2025-06-17 16:55:02.675222928,P030,S,S12,Summer,Young Adult,West,47,No,2025,6
2025-06-17 19:06:27.332277680,P015,L,S05,Summer,Adult,North,65,No,2025,6
2025-06-17 21:17:51.989332448,P015,M,S11,Spring,Young Adult,West,61,No,2025,6
2025-06-17 23:29:16.646387200,P008,L,S08,Winter,Young Adult,East,64,No,2025,6
2025-06-18 01:40:41.303441952,P016,L,S01,Summer,Senior,South,55,No,2025,6
2025-06-18 03:52:05.960496704,P019,S,S10,Summer,Teen,West,41,No,2025,6
2025-06-18 06:03:30.617551456,P011,XL,S10,Winter,Adult,West,59,No,2025,6
2025-06-18 08:14:55.274606208,P002,M,S11,Autumn,Adult,West,73,No,2025,6
2025-06-18 10:26:19.931660960,P023,L,S12,Summer,Teen,West,55,No,2025,6
2025-06-18 12:37:44.588715728,P024,L,S12,Spring,Senior,West,58,No,2025,6
2025-06-18 14:49:09.245770480,P017,L,S04,Winter,Young Adult,North,74,No,2025,6
2025-06-18 17:00:33.902825232,P028,M,S05,Summer,Senior,North,68,No,2025,6
2025-06-18 19:11:58.559879984,P026,M,S10,Autumn,Young Adult,West,65,No,2025,6
2025-06-18 21:23:23.216934736,P016,L,S12,Summer,Adult,West,57,No,2025,6
2025-06-18 23:34:47.873989488,P025,M,S11,Autumn,Teen,West,59,No,2025,6
2025-06-19 01:46:12.531044256,P015,M,S03,Summer,Teen,South,64,No,2025,6
2025-06-19 03:57:37.188099008,P013,L,S12,Summer,Adult,West,54,No,2025,6
2025-06-19 06:09:01.845153760,P015,L,S02,Spring,Young Adult,South,56,No,2025,6
2025-06-19 08:20:26.502208512,P027,S,S12,Winter,Senior,West,43,No,2025,6
2025-06-19 10:31:51.159263264,P004,M,S03,Winter,Young Adult,South,82,No,2025,6
2025-06-19 12:43:15.816318016,P016,M,S11,Spring,Teen,West,59,No,2025,6
2025-06-19 14:54:40.473372784,P030,S,S05,Winter,Senior,North,51,No,2025,6
2025-06-19 17:06:05.130427536,P012,M,S07,Winter,Senior,East,67,No,2025,6
2025-06-19 19:17:29.787482288,P030,S,S02,Winter,Young Adult,South,55,No,2025,6
2025-06-19 21:28:54.444537040,P004,XXL,S07,Summer,Young Adult,East,40,No,2025,6
2025-06-19 23:40:19.101591792,P003,L,S06,Summer,Young Adult,North,59,No,2025,6
2025-06-20 01:51:43.758646544,P022,S,S07,Autumn,Senior,East,37,No,2025,6
2025-06-20 04:03:08.415701312,P017,S,S07,Autumn,Adult,East,52,No,2025,6
2025-06-20 06:14:33.072756064,P022,L,S09,Winter,Senior,East,55,No,2025,6
2025-06-20 08:25:57.729810816,P018,M,S07,Winter,Teen,East,70,No,2025,6
2025-06-20 10:37:22.386865568,P025,L,S12,Winter,Adult,West,58,No,2025,6
2025-06-20 12:48:47.043920320,P018,XL,S06,Spring,Adult,North,48,No,2025,6
2025-06-20 15:00:11.700975072,P023,L,S10,Summer,Young Adult,West,61,No,2025,6
2025-06-20 17:11:36.358029840,P028,M,S08,Winter,Senior,East,62,Yes,2025,6
2025-06-20 19:23:01.015084592,P017,L,S07,Winter,Teen,East,57,No,2025,6
2025-06-20 21:34:25.672139344,P012,XXL,S06,Summer,Senior,North,31,No,2025,6
2025-06-20 23:45:50.329194096,P023,L,S04,Autumn,Young Adult,North,57,No,2025,6
2025-06-21 01:57:14.986248848,P021,L,S07,Winter,Senior,East,53,No,2025,6
2025-06-21 04:08:39.643303600,P024,M,S12,Winter,Teen,West,69,No,2025,6
2025-06-21 06:20:04.300358352,P004,M,S08,Winter,Young Adult,East,70,No,2025,6
2025-06-21 08:31:28.957413120,P012,L,S08,Winter,Senior,East,55,No,2025,6
2025-06-21 10:42:53.614467872,P026,XL,S12,Summer,Teen,West,48,No,2025,6
2025-06-21 12:54:18.271522624,P023,L,S12,Summer,Teen,West,57,No,2025,6
2025-06-21 15:05:42.928577376,P022,L,S04,Summer,Young Adult,North,59,No,2025,6
2025-06-21 17:17:07.585632128,P021,M,S10,Autumn,Young Adult,West,55,No,2025,6
2025-06-21 19:28:32.242686880,P020,M,S09,Winter,Adult,East,57,No,2025,6
2025-06-21 21:39:56.899741648,P015,L,S03,Autumn,Adult,South,50,No,2025,6
2025-06-21 23:51:21.556796400,P023,M,S09,Autumn,Teen,East,61,No,2025,6
2025-06-22 02:02:46.213851152,P028,L,S03,Summer,Young Adult,South,68,No,2025,6
2025-06-22 04:14:10.870905904,P016,M,S07,Winter,Young Adult,East,68,No,2025,6
2025-06-22 06:25:35.527960656,P005,L,S04,Winter,Senior,North,50,No,2025,6
2025-06-22 08:37:00.185015408,P021,XL,S05,Autumn,Senior,North,41,No,2025,6
2025-06-22 10:48:24.842070176,P015,M,S03,Spring,Senior,South,61,No,2025,6
2025-06-22 12:59:49.499124928,P017,M,S02,Spring,Senior,South,68,No,2025,6
2025-06-22 15:11:14.156179680,P018,L,S12,Winter,Adult,West,59,No,2025,6
2025-06-22 17:22:38.813234432,P005,XXL,S08,Winter,Senior,East,29,No,2025,6
2025-06-22 19:34:03.470289184,P013,L,S07,Autumn,Young Adult,East,54,No,2025,6
2025-06-22 21:45:28.127343936,P019,S,S07,Autumn,Teen,East,38,No,2025,6
2025-06-22 23:56:52.784398704,P030,S,S08,Summer,Teen,East,45,No,2025,6
2025-06-23 02:08:17.441453456,P013,M,S01,Autumn,Teen,South,54,Yes,2025,6
2025-06-23 04:19:42.098508208,P018,M,S12,Autumn,Adult,West,71,No,2025,6
2025-06-23 06:31:06.755562960,P014,XL,S08,Spring,Teen,East,46,No,2025,6
2025-06-23 08:42:31.412617712,P030,XL,S10,Spring,Adult,West,46,No,2025,6
2025-06-23 10:53:56.069672464,P004,M,S12,Spring,Adult,West,66,No,2025,6
2025-06-23 13:05:20.726727216,P004,M,S05,Spring,Teen,North,65,No,2025,6
2025-06-23 15:16:45.383781984,P020,M,S08,Autumn,Adult,East,62,No,2025,6
2025-06-23 17:28:10.040836736,P020,XL,S09,Winter,Senior,East,44,No,2025,6
2025-06-23 19:39:34.697891488,P019,L,S02,Spring,Senior,South,47,Yes,2025,6
2025-06-23 21:50:59.354946240,P013,L,S03,Summer,Senior,South,58,No,2025,6
2025-06-24 00:02:24.012000992,P012,M,S06,Summer,Adult,North,65,No,2025,6
2025-06-24 02:13:48.669055744,P007,L,S09,Autumn,Senior,East,48,No,2025,6
2025-06-24 04:25:13.326110512,P025,M,S10,Summer,Teen,West,69,No,2025,6
2025-06-24 06:36:37.983165264,P012,M,S10,Spring,Teen,West,67,No,2025,6
2025-06-24 08:48:02.640220016,P021,L,S08,Winter,Adult,East,58,No,2025,6
2025-06-24 10:59:27.297274768,P004,L,S06,Winter,Adult,North,70,No,2025,6
2025-06-24 13:10:51.954329520,P027,M,S05,Spring,Senior,North,64,No,2025,6
2025-06-24 15:22:16.611384272,P002,S,S03,Summer,Young Adult,South,57,No,2025,6
2025-06-24 17:33:41.268439040,P002,M,S12,Autumn,Teen,West,71,No,2025,6
2025-06-24 19:45:05.925493792,P005,M,S04,Winter,Young Adult,North,66,Yes,2025,6
2025-06-24 21:56:30.582548544,P023,L,S07,Spring,Senior,East,54,No,2025,6
2025-06-25 00:07:55.239603296,P010,XL,S07,Spring,Adult,East,50,No,2025,6
2025-06-25 02:19:19.896658048,P010,S,S03,Summer,Senior,South,43,No,2025,6
2025-06-25 04:30:44.553712800,P009,M,S04,Autumn,Young Adult,North,68,No,2025,6
2025-06-25 06:42:09.210767568,P013,M,S03,Autumn,Senior,South,53,No,2025,6
2025-06-25 08:53:33.867822320,P007,L,S02,Summer,Adult,South,67,No,2025,6
2025-06-25 11:04:58.524877072,P005,M,S06,Spring,Young Adult,North,66,No,2025,6
2025-06-25 13:16:23.181931824,P026,L,S07,Summer,Senior,East,53,No,2025,6
2025-06-25 15:27:47.838986576,P010,M,S04,Summer,Adult,North,71,No,2025,6
2025-06-25 17:39:12.496041328,P010,L,S05,Summer,Senior,North,54,No,2025,6
2025-06-25 19:50:37.153096080,P006,XL,S08,Spring,Senior,East,42,Yes,2025,6
2025-06-25 22:02:01.810150848,P027,XL,S09,Winter,Adult,East,55,No,2025,6
2025-06-26 00:13:26.467205600,P028,XXL,S07,Spring,Adult,East,38,No,2025,6
2025-06-26 02:24:51.124260352,P019,L,S10,Winter,Senior,West,65,No,2025,6
2025-06-26 04:36:15.781315104,P021,XL,S01,Winter,Teen,South,50,No,2025,6
2025-06-26 06:47:40.438369856,P008,M,S11,Summer,Senior,West,64,No,2025,6
2025-06-26 08:59:05.095424608,P001,M,S03,Autumn,Adult,South,75,No,2025,6
2025-06-26 11:10:29.752479376,P028,S,S11,Summer,Teen,West,51,No,2025,6
2025-06-26 13:21:54.409534128,P017,L,S05,Spring,Adult,North,66,No,2025,6
2025-06-26 15:33:19.066588880,P007,XL,S03,Autumn,Senior,South,44,No,2025,6
2025-06-26 17:44:43.723643632,P014,M,S01,Autumn,Young Adult,South,62,No,2025,6
2025-06-26 19:56:08.380698384,P021,L,S02,Spring,Adult,South,51,No,2025,6
2025-06-26 22:07:33.037753136,P030,L,S08,Spring,Adult,East,57,No,2025,6
2025-06-27 00:18:57.694807904,P021,XL,S07,Summer,Young Adult,East,53,No,2025,6
2025-06-27 02:30:22.351862656,P017,L,S10,Spring,Adult,West,64,Yes,2025,6
2025-06-27 04:41:47.008917408,P009,XXL,S03,Winter,Adult,South,48,Yes,2025,6
2025-06-27 06:53:11.665972160,P017,M,S04,Winter,Adult,North,80,No,2025,6
2025-06-27 09:04:36.323026912,P005,M,S03,Autumn,Young Adult,South,62,No,2025,6
2025-06-27 11:16:00.980081664,P026,L,S04,Summer,Senior,North,46,No,2025,6
2025-06-27 13:27:25.637136432,P025,M,S08,Summer,Adult,East,70,No,2025,6
2025-06-27 15:38:50.294191184,P030,S,S09,Autumn,Teen,East,36,No,2025,6
2025-06-27 17:50:14.951245936,P020,L,S07,Spring,Senior,East,51,No,2025,6
2025-06-27 20:01:39.608300688,P029,L,S09,Summer,Senior,East,59,No,2025,6
2025-06-27 22:13:04.265355440,P008,L,S09,Autumn,Teen,East,55,No,2025,6
2025-06-28 00:24:28.922410192,P006,M,S07,Autumn,Teen,East,53,No,2025,6
2025-06-28 02:35:53.579464944,P011,L,S07,Winter,Teen,East,57,No,2025,6
2025-06-28 04:47:18.236519712,P019,M,S08,Autumn,Young Adult,East,55,No,2025,6
2025-06-28 06:58:42.893574464,P004,S,S12,Spring,Adult,West,48,No,2025,6
2025-06-28 09:10:07.550629216,P018,L,S10,Spring,Senior,West,56,No,2025,6
2025-06-28 11:21:32.207683968,P001,S,S12,Spring,Teen,West,40,Yes,2025,6
2025-06-28 13:32:56.864738720,P013,S,S12,Spring,Adult,West,40,No,2025,6
2025-06-28 15:44:21.521793472,P014,L,S03,Autumn,Adult,South,59,No,2025,6
2025-06-28 17:55:46.178848240,P024,S,S08,Summer,Young Adult,East,53,No,2025,6
2025-06-28 20:07:10.835902992,P001,XXL,S01,Autumn,Senior,South,32,No,2025,6
2025-06-28 22:18:35.492957744,P030,L,S06,Summer,Adult,North,59,No,2025,6
2025-06-29 00:30:00.150012496,P029,XXL,S02,Summer,Teen,South,45,No,2025,6
2025-06-29 02:41:24.807067248,P011,S,S07,Summer,Teen,East,42,No,2025,6
2025-06-29 04:52:49.464122000,P017,L,S03,Winter,Young Adult,South,70,No,2025,6
2025-06-29 07:04:14.121176768,P004,M,S11,Spring,Teen,West,67,No,2025,6
2025-06-29 09:15:38.778231520,P026,XL,S10,Winter,Teen,West,49,Yes,2025,6
2025-06-29 11:27:03.435286272,P012,M,S05,Autumn,Young Adult,North,68,No,2025,6
2025-06-29 13:38:28.092341024,P010,M,S10,Winter,Young Adult,West,77,No,2025,6
2025-06-29 15:49:52.749395776,P006,XL,S02,Summer,Teen,South,47,Yes,2025,6
2025-06-29 18:01:17.406450528,P025,M,S01,Autumn,Senior,South,56,No,2025,6
2025-06-29 20:12:42.063505296,P001,S,S05,Spring,Senior,North,38,No,2025,6
2025-06-29 22:24:06.720560048,P007,M,S09,Summer,Young Adult,East,65,No,2025,6
2025-06-30 00:35:31.377614800,P026,L,S09,Spring,Senior,East,42,No,2025,6
2025-06-30 02:46:56.034669552,P027,M,S07,Winter,Senior,East,69,No,2025,6
2025-06-30 04:58:20.691724304,P021,M,S09,Spring,Senior,East,58,No,2025,6
2025-06-30 07:09:45.348779056,P028,S,S04,Autumn,Young Adult,North,51,No,2025,6
2025-06-30 09:21:10.005833808,P016,L,S03,Summer,Senior,South,57,No,2025,6
2025-06-30 11:32:34.662888576,P024,L,S11,Spring,Teen,West,58,No,2025,6
2025-06-30 13:43:59.319943328,P014,M,S04,Winter,Teen,North,63,No,2025,6
2025-06-30 15:55:23.976998080,P023,M,S07,Autumn,Young Adult,East,65,Yes,2025,6
2025-06-30 18:06:48.634052832,P020,S,S08,Summer,Senior,East,32,No,2025,6
2025-06-30 20:18:13.291107584,P020,M,S02,Winter,Adult,South,65,No,2025,6
2025-06-30 22:29:37.948162336,P006,M,S05,Summer,Adult,North,65,No,2025,6
2025-07-01 00:41:02.605217104,P022,M,S05,Spring,Teen,North,60,No,2025,7
2025-07-01 02:52:27.262271856,P025,L,S09,Winter,Teen,East,61,No,2025,7
2025-07-01 05:03:51.919326608,P028,XL,S03,Winter,Adult,South,55,No,2025,7
2025-07-01 07:15:16.576381360,P005,S,S12,Spring,Young Adult,West,47,No,2025,7
2025-07-01 09:26:41.233436112,P024,L,S06,Winter,Senior,North,56,No,2025,7
2025-07-01 11:38:05.890490864,P021,L,S10,Winter,Adult,West,65,Yes,2025,7
2025-07-01 13:49:30.547545632,P018,L,S12,Winter,Senior,West,61,Yes,2025,7
2025-07-01 16:00:55.204600384,P015,XL,S05,Spring,Adult,North,47,No,2025,7
2025-07-01 18:12:19.861655136,P006,M,S02,Spring,Teen,South,60,No,2025,7
2025-07-01 20:23:44.518709888,P025,S,S02,Summer,Senior,South,45,No,2025,7
2025-07-01 22:35:09.175764640,P029,L,S04,Spring,Young Adult,North,69,No,2025,7
2025-07-02 00:46:33.832819392,P019,M,S12,Winter,Senior,West,62,No,2025,7
2025-07-02 02:57:58.489874160,P001,S,S04,Spring,Senior,North,43,No,2025,7
2025-07-02 05:09:23.146928912,P001,M,S07,Winter,Adult,East,76,No,2025,7
2025-07-02 07:20:47.803983664,P013,M,S12,Winter,Young Adult,West,71,No,2025,7
2025-07-02 09:32:12.461038416,P003,L,S01,Winter,Teen,South,57,No,2025,7
2025-07-02 11:43:37.118093168,P010,M,S11,Spring,Senior,West,62,No,2025,7
2025-07-02 13:55:01.775147920,P021,M,S06,Winter,Senior,North,63,No,2025,7
2025-07-02 16:06:26.432202672,P003,M,S11,Summer,Adult,West,65,No,2025,7
2025-07-02 18:17:51.089257440,P009,M,S09,Autumn,Teen,East,53,No,2025,7
2025-07-02 20:29:15.746312192,P008,XXL,S02,Autumn,Adult,South,36,No,2025,7
2025-07-02 22:40:40.403366944,P003,S,S12,Summer,Young Adult,West,53,No,2025,7
2025-07-03 00:52:05.060421696,P025,XXL,S05,Autumn,Teen,North,31,No,2025,7
2025-07-03 03:03:29.717476448,P013,L,S10,Summer,Young Adult,West,57,No,2025,7
2025-07-03 05:14:54.374531200,P006,L,S11,Spring,Adult,West,63,No,2025,7
2025-07-03 07:26:19.031585968,P013,M,S10,Autumn,Teen,West,64,No,2025,7
2025-07-03 09:37:43.688640720,P023,M,S04,Summer,Young Adult,North,70,No,2025,7
2025-07-03 11:49:08.345695472,P020,XL,S04,Summer,Young Adult,North,42,No,2025,7
2025-07-03 14:00:33.002750224,P020,XL,S08,Winter,Adult,East,50,No,2025,7
2025-07-03 16:11:57.659804976,P012,M,S06,Spring,Teen,North,57,No,2025,7
2025-07-03 18:23:22.316859728,P013,M,S07,Summer,Young Adult,East,72,No,2025,7
2025-07-03 20:34:46.973914496,P002,M,S11,Autumn,Senior,West,67,No,2025,7
2025-07-03 22:46:11.630969248,P021,XL,S12,Winter,Teen,West,43,Yes,2025,7
2025-07-04 00:57:36.288024000,P024,M,S09,Winter,Teen,East,70,No,2025,7
2025-07-04 03:09:00.945078752,P023,L,S03,Winter,Senior,South,51,No,2025,7
2025-07-04 05:20:25.602133504,P016,L,S11,Spring,Teen,West,54,No,2025,7
2025-07-04 07:31:50.259188256,P023,L,S02,Summer,Teen,South,60,No,2025,7
2025-07-04 09:43:14.916243024,P006,L,S03,Spring,Senior,South,51,No,2025,7
2025-07-04 11:54:39.573297776,P019,M,S08,Summer,Adult,East,58,No,2025,7
2025-07-04 14:06:04.230352528,P021,XXL,S09,Winter,Young Adult,East,41,Yes,2025,7
2025-07-04 16:17:28.887407280,P013,L,S10,Autumn,Senior,West,55,No,2025,7
2025-07-04 18:28:53.544462032,P017,L,S05,Autumn,Teen,North,65,No,2025,7
2025-07-04 20:40:18.201516784,P023,M,S08,Spring,Young Adult,East,64,No,2025,7
2025-07-04 22:51:42.858571536,P009,L,S11,Winter,Young Adult,West,62,No,2025,7
2025-07-05 01:03:07.515626304,P017,M,S07,Summer,Young Adult,East,68,No,2025,7
2025-07-05 03:14:32.172681056,P029,M,S12,Spring,Adult,West,72,No,2025,7
2025-07-05 05:25:56.829735808,P002,L,S12,Winter,Teen,West,62,No,2025,7
2025-07-05 07:37:21.486790560,P019,L,S09,Spring,Teen,East,47,No,2025,7
2025-07-05 09:48:46.143845312,P019,L,S04,Autumn,Young Adult,North,57,No,2025,7
2025-07-05 12:00:10.800900064,P024,M,S10,Winter,Young Adult,West,68,No,2025,7
2025-07-05 14:11:35.457954832,P007,L,S03,Spring,Adult,South,67,No,2025,7
2025-07-05 16:23:00.115009584,P022,M,S09,Summer,Adult,East,67,No,2025,7
2025-07-05 18:34:24.772064336,P010,L,S08,Autumn,Young Adult,East,64,No,2025,7
2025-07-05 20:45:49.429119088,P010,M,S07,Summer,Teen,East,70,No,2025,7
2025-07-05 22:57:14.086173840,P027,L,S01,Spring,Senior,South,57,No,2025,7
2025-07-06 01:08:38.743228592,P020,XL,S02,Winter,Adult,South,54,No,2025,7
2025-07-06 03:20:03.400283360,P009,M,S09,Autumn,Teen,East,60,No,2025,7
2025-07-06 05:31:28.057338112,P017,M,S05,Summer,Adult,North,72,No,2025,7
2025-07-06 07:42:52.714392864,P027,L,S01,Summer,Teen,South,69,No,2025,7
2025-07-06 09:54:17.371447616,P015,L,S09,Winter,Young Adult,East,66,No,2025,7
2025-07-06 12:05:42.028502368,P002,L,S01,Spring,Adult,South,69,No,2025,7
2025-07-06 14:17:06.685557120,P030,L,S08,Summer,Senior,East,56,No,2025,7
2025-07-06 16:28:31.342611888,P004,M,S05,Spring,Young Adult,North,66,No,2025,7
2025-07-06 18:39:55.999666640,P019,M,S11,Spring,Adult,West,68,No,2025,7
2025-07-06 20:51:20.656721392,P017,M,S12,Spring,Young Adult,West,76,No,2025,7
2025-07-06 23:02:45.313776144,P005,M,S06,Winter,Senior,North,63,No,2025,7
2025-07-07 01:14:09.970830896,P007,L,S01,Spring,Adult,South,62,No,2025,7
2025-07-07 03:25:34.627885648,P018,S,S02,Autumn,Adult,South,49,No,2025,7
2025-07-07 05:36:59.284940400,P021,XL,S07,Winter,Adult,East,54,No,2025,7
2025-07-07 07:48:23.941995168,P022,XL,S02,Summer,Teen,South,47,No,2025,7
2025-07-07 09:59:48.599049920,P027,XL,S05,Winter,Teen,North,52,No,2025,7
2025-07-07 12:11:13.256104672,P007,XL,S11,Summer,Adult,West,57,No,2025,7
2025-07-07 14:22:37.913159424,P017,M,S09,Autumn,Young Adult,East,75,No,2025,7
2025-07-07 16:34:02.570214176,P007,XL,S05,Spring,Young Adult,North,54,No,2025,7
2025-07-07 18:45:27.227268928,P004,M,S12,Spring,Adult,West,62,No,2025,7
2025-07-07 20:56:51.884323696,P008,S,S03,Spring,Senior,South,41,No,2025,7
2025-07-07 23:08:16.541378448,P013,L,S11,Spring,Senior,West,53,No,2025,7
2025-07-08 01:19:41.198433200,P004,S,S06,Winter,Senior,North,44,No,2025,7
2025-07-08 03:31:05.855487952,P006,XXL,S07,Autumn,Teen,East,27,No,2025,7
2025-07-08 05:42:30.512542704,P025,L,S10,Summer,Teen,West,57,No,2025,7
2025-07-08 07:53:55.169597456,P005,L,S11,Winter,Teen,West,62,No,2025,7
2025-07-08 10:05:19.826652224,P030,M,S10,Spring,Teen,West,63,No,2025,7
2025-07-08 12:16:44.483706976,P012,L,S11,Spring,Young Adult,West,56,No,2025,7
2025-07-08 14:28:09.140761728,P004,S,S08,Spring,Adult,East,40,No,2025,7
2025-07-08 16:39:33.797816480,P024,XL,S03,Summer,Adult,South,55,No,2025,7
2025-07-08 18:50:58.454871232,P029,M,S11,Summer,Adult,West,71,No,2025,7
2025-07-08 21:02:23.111925984,P009,L,S04,Winter,Young Adult,North,60,No,2025,7
2025-07-08 23:13:47.768980752,P004,M,S10,Autumn,Senior,West,56,No,2025,7
2025-07-09 01:25:12.426035504,P019,S,S04,Summer,Senior,North,38,No,2025,7
2025-07-09 03:36:37.083090256,P024,M,S02,Winter,Teen,South,67,No,2025,7
2025-07-09 05:48:01.740145008,P014,M,S07,Summer,Teen,East,65,No,2025,7
2025-07-09 07:59:26.397199760,P005,L,S12,Winter,Young Adult,West,55,No,2025,7
2025-07-09 10:10:51.054254512,P018,M,S04,Spring,Young Adult,North,68,No,2025,7
2025-07-09 12:22:15.711309264,P010,M,S04,Summer,Senior,North,68,No,2025,7
2025-07-09 14:33:40.368364032,P025,L,S12,Spring,Adult,West,61,No,2025,7
2025-07-09 16:45:05.025418784,P019,M,S08,Autumn,Adult,East,58,No,2025,7
2025-07-09 18:56:29.682473536,P012,M,S06,Spring,Young Adult,North,66,No,2025,7
2025-07-09 21:07:54.339528288,P018,XL,S06,Autumn,Young Adult,North,43,No,2025,7
2025-07-09 23:19:18.996583040,P017,M,S11,Summer,Young Adult,West,72,No,2025,7
2025-07-10 01:30:43.653637792,P030,S,S09,Autumn,Teen,East,46,No,2025,7
2025-07-10 03:42:08.310692560,P024,M,S04,Spring,Adult,North,58,No,2025,7
2025-07-10 05:53:32.967747312,P011,M,S09,Summer,Young Adult,East,67,No,2025,7
2025-07-10 08:04:57.624802064,P003,L,S01,Winter,Young Adult,South,60,No,2025,7
2025-07-10 10:16:22.281856816,P023,M,S11,Summer,Teen,West,59,No,2025,7
2025-07-10 12:27:46.938911568,P017,L,S09,Winter,Young Adult,East,70,No,2025,7
2025-07-10 14:39:11.595966320,P001,S,S01,Spring,Adult,South,45,No,2025,7
2025-07-10 16:50:36.253021088,P015,M,S07,Summer,Teen,East,61,No,2025,7
2025-07-10 19:02:00.910075840,P028,M,S06,Winter,Young Adult,North,77,No,2025,7
2025-07-10 21:13:25.567130592,P009,L,S07,Spring,Adult,East,55,No,2025,7
2025-07-10 23:24:50.224185344,P015,XXL,S09,Autumn,Adult,East,28,No,2025,7
2025-07-11 01:36:14.881240096,P028,L,S10,Winter,Teen,West,59,No,2025,7
2025-07-11 03:47:39.538294848,P024,XXL,S04,Autumn,Adult,North,39,No,2025,7
2025-07-11 05:59:04.195349616,P028,M,S12,Summer,Teen,West,69,No,2025,7
2025-07-11 08:10:28.852404368,P029,S,S09,Winter,Adult,East,49,No,2025,7
2025-07-11 10:21:53.509459120,P003,M,S03,Spring,Young Adult,South,65,No,2025,7
2025-07-11 12:33:18.166513872,P022,M,S10,Spring,Teen,West,72,Yes,2025,7
2025-07-11 14:44:42.823568624,P027,M,S11,Autumn,Adult,West,70,No,2025,7
2025-07-11 16:56:07.480623376,P019,S,S11,Spring,Teen,West,38,No,2025,7
2025-07-11 19:07:32.137678144,P013,M,S09,Summer,Adult,East,65,No,2025,7
2025-07-11 21:18:56.794732896,P012,M,S01,Summer,Teen,South,66,No,2025,7
2025-07-11 23:30:21.451787648,P020,S,S05,Autumn,Young Adult,North,44,No,2025,7
2025-07-12 01:41:46.108842400,P001,M,S10,Winter,Teen,West,65,No,2025,7
2025-07-12 03:53:10.765897152,P021,XL,S05,Spring,Teen,North,42,No,2025,7
2025-07-12 06:04:35.422951904,P017,M,S01,Summer,Young Adult,South,77,No,2025,7
2025-07-12 08:16:00.080006656,P013,L,S01,Winter,Adult,South,62,No,2025,7
2025-07-12 10:27:24.737061424,P001,L,S03,Summer,Senior,South,66,No,2025,7
2025-07-12 12:38:49.394116176,P010,M,S09,Summer,Young Adult,East,79,No,2025,7
2025-07-12 14:50:14.051170928,P015,M,S07,Winter,Teen,East,62,No,2025,7
2025-07-12 17:01:38.708225680,P027,M,S06,Winter,Young Adult,North,80,No,2025,7
2025-07-12 19:13:03.365280432,P027,L,S09,Spring,Young Adult,East,57,No,2025,7
2025-07-12 21:24:28.022335184,P030,M,S04,Autumn,Teen,North,55,No,2025,7
2025-07-12 23:35:52.679389952,P007,M,S04,Autumn,Teen,North,68,No,2025,7
2025-07-13 01:47:17.336444704,P028,S,S03,Summer,Senior,South,51,No,2025,7
2025-07-13 03:58:41.993499456,P022,XL,S05,Autumn,Young Adult,North,55,Yes,2025,7
2025-07-13 06:10:06.650554208,P018,M,S05,Summer,Teen,North,64,No,2025,7
2025-07-13 08:21:31.307608960,P016,L,S12,Winter,Adult,West,69,No,2025,7
2025-07-13 10:32:55.964663712,P014,M,S10,Summer,Adult,West,71,No,2025,7
2025-07-13 12:44:20.621718480,P027,XL,S07,Spring,Adult,East,47,No,2025,7
2025-07-13 14:55:45.278773232,P028,L,S07,Summer,Adult,East,56,No,2025,7
2025-07-13 17:07:09.935827984,P018,M,S06,Summer,Young Adult,North,63,No,2025,7
2025-07-13 19:18:34.592882736,P027,XL,S04,Spring,Young Adult,North,52,No,2025,7
2025-07-13 21:29:59.249937488,P007,L,S07,Spring,Senior,East,55,No,2025,7
2025-07-13 23:41:23.906992240,P017,S,S02,Autumn,Young Adult,South,47,No,2025,7
2025-07-14 01:52:48.564047008,P029,M,S12,Winter,Teen,West,71,No,2025,7
2025-07-14 04:04:13.221101760,P018,L,S09,Winter,Senior,East,55,No,2025,7
2025-07-14 06:15:37.878156512,P012,XL,S07,Spring,Young Adult,East,44,No,2025,7
2025-07-14 08:27:02.535211264,P008,L,S02,Winter,Young Adult,South,63,No,2025,7
2025-07-14 10:38:27.192266016,P022,L,S10,Summer,Teen,West,55,No,2025,7
2025-07-14 12:49:51.849320768,P030,L,S02,Winter,Teen,South,61,No,2025,7
2025-07-14 15:01:16.506375520,P002,M,S06,Spring,Teen,North,63,No,2025,7
2025-07-14 17:12:41.163430288,P007,L,S11,Winter,Adult,West,64,No,2025,7
2025-07-14 19:24:05.820485040,P004,S,S07,Spring,Young Adult,East,54,No,2025,7
2025-07-14 21:35:30.477539792,P018,XXL,S09,Autumn,Young Adult,East,31,No,2025,7
2025-07-14 23:46:55.134594544,P028,L,S04,Spring,Young Adult,North,54,No,2025,7
2025-07-15 01:58:19.791649296,P006,L,S08,Summer,Senior,East,52,No,2025,7
2025-07-15 04:09:44.448704048,P027,M,S10,Summer,Senior,West,72,No,2025,7
2025-07-15 06:21:09.105758816,P009,M,S02,Summer,Senior,South,71,No,2025,7
2025-07-15 08:32:33.762813568,P027,M,S06,Spring,Senior,North,66,No,2025,7
2025-07-15 10:43:58.419868320,P009,L,S04,Spring,Senior,North,47,No,2025,7
2025-07-15 12:55:23.076923072,P014,L,S08,Summer,Teen,East,56,No,2025,7
2025-07-15 15:06:47.733977824,P008,M,S09,Winter,Senior,East,55,No,2025,7
2025-07-15 17:18:12.391032576,P019,L,S02,Spring,Young Adult,South,56,No,2025,7
2025-07-15 19:29:37.048087344,P003,XL,S07,Winter,Adult,East,56,No,2025,7
2025-07-15 21:41:01.705142096,P018,S,S07,Autumn,Young Adult,East,41,No,2025,7
2025-07-15 23:52:26.362196848,P005,M,S08,Autumn,Young Adult,East,62,No,2025,7
2025-07-16 02:03:51.019251600,P014,L,S05,Autumn,Teen,North,58,No,2025,7
2025-07-16 04:15:15.676306352,P028,L,S11,Autumn,Adult,West,56,No,2025,7
2025-07-16 06:26:40.333361104,P030,L,S03,Summer,Young Adult,South,70,No,2025,7
2025-07-16 08:38:04.990415872,P004,L,S01,Spring,Teen,South,62,No,2025,7
2025-07-16 10:49:29.647470624,P007,XXL,S04,Autumn,Adult,North,37,No,2025,7
2025-07-16 13:00:54.304525376,P020,S,S03,Summer,Adult,South,39,No,2025,7
2025-07-16 15:12:18.961580128,P025,M,S02,Autumn,Teen,South,66,No,2025,7
2025-07-16 17:23:43.618634880,P028,S,S06,Spring,Senior,North,37,No,2025,7
2025-07-16 19:35:08.275689632,P012,M,S07,Autumn,Teen,East,60,No,2025,7
2025-07-16 21:46:32.932744384,P002,M,S10,Autumn,Teen,West,65,No,2025,7
2025-07-16 23:57:57.589799152,P011,M,S07,Winter,Senior,East,64,No,2025,7
2025-07-17 02:09:22.246853904,P014,XXL,S12,Winter,Teen,West,44,No,2025,7
2025-07-17 04:20:46.903908656,P022,XL,S08,Winter,Teen,East,57,No,2025,7
2025-07-17 06:32:11.560963408,P023,M,S02,Winter,Teen,South,62,No,2025,7
2025-07-17 08:43:36.218018160,P016,L,S11,Autumn,Young Adult,West,57,No,2025,7
2025-07-17 10:55:00.875072912,P020,L,S12,Autumn,Teen,West,45,No,2025,7
2025-07-17 13:06:25.532127680,P029,XL,S10,Winter,Teen,West,52,No,2025,7
2025-07-17 15:17:50.189182432,P006,L,S06,Spring,Adult,North,62,No,2025,7
2025-07-17 17:29:14.846237184,P023,S,S06,Summer,Adult,North,39,No,2025,7
2025-07-17 19:40:39.503291936,P004,L,S10,Autumn,Adult,West,67,No,2025,7
2025-07-17 21:52:04.160346688,P015,L,S12,Winter,Teen,West,58,No,2025,7
2025-07-18 00:03:28.817401440,P024,L,S01,Summer,Senior,South,52,No,2025,7
2025-07-18 02:14:53.474456208,P025,XL,S02,Winter,Teen,South,57,Yes,2025,7
2025-07-18 04:26:18.131510960,P001,XL,S09,Winter,Young Adult,East,61,No,2025,7
2025-07-18 06:37:42.788565712,P007,L,S08,Spring,Young Adult,East,60,No,2025,7
2025-07-18 08:49:07.445620464,P025,L,S12,Spring,Young Adult,West,68,No,2025,7
2025-07-18 11:00:32.102675216,P012,XXL,S04,Autumn,Young Adult,North,36,No,2025,7
2025-07-18 13:11:56.759729968,P010,M,S06,Winter,Teen,North,63,No,2025,7
2025-07-18 15:23:21.416784736,P005,M,S02,Summer,Adult,South,72,No,2025,7
2025-07-18 17:34:46.073839488,P012,M,S12,Autumn,Teen,West,57,Yes,2025,7
2025-07-18 19:46:10.730894240,P018,XL,S05,Spring,Teen,North,46,No,2025,7
2025-07-18 21:57:35.387948992,P010,L,S02,Autumn,Teen,South,62,No,2025,7
2025-07-19 00:09:00.045003744,P006,S,S05,Autumn,Teen,North,44,No,2025,7
2025-07-19 02:20:24.702058496,P028,XXL,S07,Winter,Senior,East,35,No,2025,7
2025-07-19 04:31:49.359113248,P012,L,S07,Summer,Adult,East,65,No,2025,7
2025-07-19 06:43:14.016168016,P007,XL,S09,Spring,Adult,East,56,No,2025,7
2025-07-19 08:54:38.673222768,P018,S,S03,Autumn,Young Adult,South,49,No,2025,7
2025-07-19 11:06:03.330277520,P002,L,S12,Autumn,Teen,West,57,No,2025,7
2025-07-19 13:17:27.987332272,P010,L,S04,Winter,Young Adult,North,69,No,2025,7
2025-07-19 15:28:52.644387024,P015,L,S09,Autumn,Adult,East,57,No,2025,7
2025-07-19 17:40:17.301441776,P030,L,S08,Summer,Adult,East,54,No,2025,7
2025-07-19 19:51:41.958496544,P012,XL,S12,Winter,Young Adult,West,62,No,2025,7
2025-07-19 22:03:06.615551296,P026,M,S07,Spring,Adult,East,63,No,2025,7
2025-07-20 00:14:31.272606048,P017,XL,S08,Autumn,Adult,East,54,No,2025,7
2025-07-20 02:25:55.929660800,P004,M,S09,Autumn,Senior,East,59,No,2025,7
2025-07-20 04:37:20.586715552,P007,M,S12,Winter,Teen,West,65,Yes,2025,7
2025-07-20 06:48:45.243770304,P030,S,S04,Autumn,Teen,North,35,No,2025,7
2025-07-20 09:00:09.900825072,P009,M,S05,Spring,Adult,North,58,No,2025,7
2025-07-20 11:11:34.557879824,P019,M,S09,Summer,Adult,East,66,No,2025,7
2025-07-20 13:22:59.214934576,P028,XL,S07,Summer,Senior,East,42,No,2025,7
2025-07-20 15:34:23.871989328,P027,L,S04,Winter,Young Adult,North,73,No,2025,7
2025-07-20 17:45:48.529044080,P023,M,S06,Autumn,Senior,North,56,Yes,2025,7
2025-07-20 19:57:13.186098832,P007,L,S11,Winter,Senior,West,61,No,2025,7
2025-07-20 22:08:37.843153600,P023,S,S01,Winter,Young Adult,South,47,No,2025,7
2025-07-21 00:20:02.500208352,P002,M,S01,Winter,Adult,South,82,No,2025,7
2025-07-21 02:31:27.157263104,P006,L,S09,Winter,Teen,East,56,No,2025,7
2025-07-21 04:42:51.814317856,P018,L,S08,Winter,Senior,East,64,No,2025,7
2025-07-21 06:54:16.471372608,P006,L,S01,Autumn,Senior,South,54,No,2025,7
2025-07-21 09:05:41.128427360,P013,M,S11,Summer,Teen,West,70,No,2025,7
2025-07-21 11:17:05.785482112,P026,L,S02,Summer,Senior,South,55,No,2025,7
2025-07-21 13:28:30.442536880,P019,L,S04,Summer,Young Adult,North,56,No,2025,7
2025-07-21 15:39:55.099591632,P030,XXL,S01,Autumn,Teen,South,36,No,2025,7
2025-07-21 17:51:19.756646384,P002,M,S02,Autumn,Teen,South,61,No,2025,7
2025-07-21 20:02:44.413701136,P012,L,S05,Winter,Young Adult,North,62,No,2025,7
2025-07-21 22:14:09.070755888,P015,L,S08,Summer,Young Adult,East,66,No,2025,7
2025-07-22 00:25:33.727810640,P014,XXL,S06,Winter,Teen,North,46,No,2025,7
2025-07-22 02:36:58.384865408,P006,M,S06,Summer,Young Adult,North,63,No,2025,7
2025-07-22 04:48:23.041920160,P018,L,S04,Spring,Senior,North,60,No,2025,7
2025-07-22 06:59:47.698974912,P005,M,S02,Autumn,Adult,South,55,No,2025,7
2025-07-22 09:11:12.356029664,P018,L,S03,Spring,Senior,South,60,No,2025,7
2025-07-22 11:22:37.013084416,P003,M,S06,Summer,Young Adult,North,70,No,2025,7
2025-07-22 13:34:01.670139168,P003,S,S06,Winter,Senior,North,40,No,2025,7
2025-07-22 15:45:26.327193936,P022,L,S05,Autumn,Adult,North,60,No,2025,7
2025-07-22 17:56:50.984248688,P022,M,S06,Autumn,Adult,North,63,No,2025,7
2025-07-22 20:08:15.641303440,P010,M,S11,Winter,Adult,West,71,No,2025,7
2025-07-22 22:19:40.298358192,P019,M,S06,Spring,Young Adult,North,62,No,2025,7
2025-07-23 00:31:04.955412944,P003,S,S01,Spring,Young Adult,South,49,No,2025,7
2025-07-23 02:42:29.612467696,P029,XXL,S06,Spring,Young Adult,North,38,No,2025,7
2025-07-23 04:53:54.269522464,P012,L,S05,Spring,Adult,North,62,No,2025,7
2025-07-23 07:05:18.926577216,P029,XL,S08,Autumn,Young Adult,East,50,No,2025,7
2025-07-23 09:16:43.583631968,P016,M,S09,Summer,Teen,East,68,No,2025,7
2025-07-23 11:28:08.240686720,P017,XL,S06,Winter,Senior,North,47,No,2025,7
2025-07-23 13:39:32.897741472,P007,M,S12,Summer,Senior,West,62,No,2025,7
2025-07-23 15:50:57.554796224,P013,L,S12,Summer,Teen,West,59,No,2025,7
2025-07-23 18:02:22.211850976,P024,M,S10,Spring,Young Adult,West,74,No,2025,7
2025-07-23 20:13:46.868905744,P002,L,S04,Summer,Senior,North,67,No,2025,7
2025-07-23 22:25:11.525960496,P004,L,S03,Spring,Adult,South,59,No,2025,7
2025-07-24 00:36:36.183015248,P010,M,S10,Spring,Senior,West,59,No,2025,7
2025-07-24 02:48:00.840070000,P007,S,S12,Summer,Senior,West,49,No,2025,7
2025-07-24 04:59:25.497124752,P024,L,S01,Winter,Senior,South,68,No,2025,7
2025-07-24 07:10:50.154179504,P017,M,S07,Summer,Young Adult,East,65,No,2025,7
2025-07-24 09:22:14.811234272,P020,S,S05,Summer,Teen,North,46,No,2025,7
2025-07-24 11:33:39.468289024,P006,M,S04,Autumn,Senior,North,65,No,2025,7
2025-07-24 13:45:04.125343776,P019,L,S09,Spring,Adult,East,57,No,2025,7
2025-07-24 15:56:28.782398528,P005,XL,S07,Autumn,Senior,East,31,Yes,2025,7
2025-07-24 18:07:53.439453280,P010,S,S10,Winter,Young Adult,West,58,Yes,2025,7
2025-07-24 20:19:18.096508032,P009,M,S08,Summer,Young Adult,East,71,No,2025,7
2025-07-24 22:30:42.753562800,P027,XL,S04,Autumn,Adult,North,45,No,2025,7
2025-07-25 00:42:07.410617552,P013,L,S10,Autumn,Senior,West,56,No,2025,7
2025-07-25 02:53:32.067672304,P019,M,S12,Summer,Senior,West,55,No,2025,7
2025-07-25 05:04:56.724727056,P021,XL,S10,Summer,Adult,West,43,No,2025,7
2025-07-25 07:16:21.381781808,P024,M,S08,Spring,Teen,East,60,No,2025,7
2025-07-25 09:27:46.038836560,P006,M,S04,Spring,Young Adult,North,69,No,2025,7
2025-07-25 11:39:10.695891328,P004,XXL,S01,Autumn,Teen,South,31,Yes,2025,7
2025-07-25 13:50:35.352946080,P024,XL,S11,Summer,Teen,West,46,No,2025,7
2025-07-25 16:02:00.010000832,P027,M,S08,Spring,Senior,East,55,No,2025,7
2025-07-25 18:13:24.667055584,P003,S,S01,Spring,Adult,South,47,No,2025,7
2025-07-25 20:24:49.324110336,P003,M,S12,Winter,Young Adult,West,64,No,2025,7
2025-07-25 22:36:13.981165088,P004,S,S03,Autumn,Teen,South,51,No,2025,7
2025-07-26 00:47:38.638219840,P025,S,S07,Autumn,Teen,East,42,No,2025,7
2025-07-26 02:59:03.295274608,P005,M,S03,Autumn,Senior,South,56,No,2025,7
2025-07-26 05:10:27.952329360,P008,XL,S08,Summer,Senior,East,45,No,2025,7
2025-07-26 07:21:52.609384112,P016,XL,S05,Winter,Senior,North,51,No,2025,7
2025-07-26 09:33:17.266438864,P022,L,S03,Spring,Adult,South,58,No,2025,7
2025-07-26 11:44:41.923493616,P003,L,S05,Winter,Young Adult,North,70,No,2025,7
2025-07-26 13:56:06.580548368,P024,S,S05,Spring,Young Adult,North,38,No,2025,7
2025-07-26 16:07:31.237603136,P012,M,S08,Spring,Senior,East,52,No,2025,7
2025-07-26 18:18:55.894657888,P025,S,S12,Winter,Teen,West,52,Yes,2025,7
2025-07-26 20:30:20.551712640,P008,L,S09,Autumn,Senior,East,52,No,2025,7
2025-07-26 22:41:45.208767392,P013,S,S06,Summer,Senior,North,48,No,2025,7
2025-07-27 00:53:09.865822144,P004,XL,S10,Winter,Adult,West,60,No,2025,7
2025-07-27 03:04:34.522876896,P014,L,S03,Autumn,Senior,South,54,No,2025,7
2025-07-27 05:15:59.179931664,P014,M,S02,Autumn,Young Adult,South,64,No,2025,7
2025-07-27 07:27:23.836986416,P013,M,S11,Summer,Senior,West,66,No,2025,7
2025-07-27 09:38:48.494041168,P027,L,S03,Summer,Young Adult,South,65,No,2025,7
2025-07-27 11:50:13.151095920,P006,XL,S09,Autumn,Teen,East,40,No,2025,7
2025-07-27 14:01:37.808150672,P017,L,S07,Summer,Young Adult,East,60,No,2025,7
2025-07-27 16:13:02.465205424,P004,M,S11,Autumn,Young Adult,West,68,No,2025,7
2025-07-27 18:24:27.122260192,P008,L,S11,Spring,Senior,West,50,No,2025,7
2025-07-27 20:35:51.779314944,P017,M,S09,Summer,Young Adult,East,72,No,2025,7
2025-07-27 22:47:16.436369696,P003,XXL,S06,Spring,Young Adult,North,32,Yes,2025,7
2025-07-28 00:58:41.093424448,P017,L,S08,Summer,Teen,East,67,No,2025,7
2025-07-28 03:10:05.750479200,P009,L,S10,Autumn,Young Adult,West,65,No,2025,7
2025-07-28 05:21:30.407533952,P002,M,S11,Autumn,Young Adult,West,70,No,2025,7
2025-07-28 07:32:55.064588704,P025,L,S09,Autumn,Senior,East,47,No,2025,7
2025-07-28 09:44:19.721643472,P013,M,S03,Autumn,Adult,South,67,No,2025,7
2025-07-28 11:55:44.378698224,P020,S,S07,Autumn,Senior,East,40,No,2025,7
2025-07-28 14:07:09.035752976,P002,M,S09,Autumn,Teen,East,68,No,2025,7
2025-07-28 16:18:33.692807728,P020,XL,S02,Summer,Senior,South,43,No,2025,7
2025-07-28 18:29:58.349862480,P028,L,S12,Summer,Young Adult,West,59,No,2025,7
2025-07-28 20:41:23.006917232,P011,S,S07,Spring,Adult,East,46,No,2025,7
2025-07-28 22:52:47.663972000,P027,XL,S05,Winter,Senior,North,48,No,2025,7
2025-07-29 01:04:12.321026752,P026,M,S08,Summer,Senior,East,58,No,2025,7
2025-07-29 03:15:36.978081504,P022,M,S04,Summer,Teen,North,63,No,2025,7
2025-07-29 05:27:01.635136256,P015,M,S01,Winter,Young Adult,South,76,No,2025,7
2025-07-29 07:38:26.292191008,P011,L,S11,Winter,Senior,West,57,No,2025,7
2025-07-29 09:49:50.949245760,P023,L,S10,Spring,Senior,West,47,No,2025,7
2025-07-29 12:01:15.606300528,P003,M,S08,Spring,Adult,East,60,No,2025,7
2025-07-29 14:12:40.263355280,P003,L,S06,Autumn,Teen,North,46,No,2025,7
2025-07-29 16:24:04.920410032,P028,M,S08,Spring,Young Adult,East,60,No,2025,7
2025-07-29 18:35:29.577464784,P026,L,S03,Spring,Senior,South,47,No,2025,7
2025-07-29 20:46:54.234519536,P012,M,S08,Winter,Adult,East,67,No,2025,7
2025-07-29 22:58:18.891574288,P024,L,S08,Summer,Senior,East,51,No,2025,7
2025-07-30 01:09:43.548629056,P005,L,S12,Autumn,Senior,West,50,No,2025,7
2025-07-30 03:21:08.205683808,P020,L,S01,Spring,Teen,South,51,No,2025,7
2025-07-30 05:32:32.862738560,P007,M,S04,Winter,Adult,North,73,No,2025,7
2025-07-30 07:43:57.519793312,P007,L,S07,Autumn,Adult,East,60,No,2025,7
2025-07-30 09:55:22.176848064,P013,S,S11,Autumn,Young Adult,West,40,No,2025,7
2025-07-30 12:06:46.833902816,P009,XL,S01,Winter,Senior,South,53,Yes,2025,7
2025-07-30 14:18:11.490957568,P025,S,S03,Spring,Adult,South,42,No,2025,7
2025-07-30 16:29:36.148012336,P021,S,S03,Spring,Senior,South,39,Yes,2025,7
2025-07-30 18:41:00.805067088,P013,L,S06,Spring,Senior,North,56,No,2025,7
2025-07-30 20:52:25.462121840,P012,L,S05,Spring,Young Adult,North,66,No,2025,7
2025-07-30 23:03:50.119176592,P013,S,S12,Autumn,Young Adult,West,39,No,2025,7
2025-07-31 01:15:14.776231344,P024,XL,S11,Summer,Adult,West,49,Yes,2025,7
2025-07-31 03:26:39.433286096,P010,XXL,S07,Autumn,Senior,East,32,No,2025,7
2025-07-31 05:38:04.090340864,P001,L,S03,Autumn,Adult,South,59,No,2025,7
2025-07-31 07:49:28.747395616,P025,M,S11,Winter,Senior,West,60,No,2025,7
2025-07-31 10:00:53.404450368,P008,L,S01,Autumn,Adult,South,50,No,2025,7
2025-07-31 12:12:18.061505120,P022,M,S11,Spring,Adult,West,71,No,2025,7
2025-07-31 14:23:42.718559872,P016,M,S03,Winter,Senior,South,67,No,2025,7
2025-07-31 16:35:07.375614624,P013,XL,S08,Winter,Teen,East,43,No,2025,7
2025-07-31 18:46:32.032669392,P003,XXL,S05,Winter,Young Adult,North,41,No,2025,7
2025-07-31 20:57:56.689724144,P003,XL,S03,Winter,Senior,South,50,No,2025,7
2025-07-31 23:09:21.346778896,P024,M,S08,Winter,Adult,East,67,No,2025,7
2025-08-01 01:20:46.003833648,P005,M,S06,Spring,Teen,North,50,No,2025,8
2025-08-01 03:32:10.660888400,P026,M,S03,Summer,Adult,South,70,No,2025,8
2025-08-01 05:43:35.317943152,P011,M,S05,Summer,Teen,North,61,No,2025,8
2025-08-01 07:54:59.974997920,P030,M,S01,Winter,Senior,South,68,No,2025,8
2025-08-01 10:06:24.632052672,P007,M,S06,Summer,Young Adult,North,74,No,2025,8
2025-08-01 12:17:49.289107424,P021,L,S12,Autumn,Adult,West,48,No,2025,8
2025-08-01 14:29:13.946162176,P024,L,S09,Summer,Teen,East,50,No,2025,8
2025-08-01 16:40:38.603216928,P010,L,S12,Autumn,Teen,West,53,No,2025,8
2025-08-01 18:52:03.260271680,P010,XL,S07,Spring,Young Adult,East,51,No,2025,8
2025-08-01 21:03:27.917326432,P020,S,S11,Winter,Adult,West,53,No,2025,8
2025-08-01 23:14:52.574381200,P002,S,S08,Autumn,Senior,East,47,No,2025,8
2025-08-02 01:26:17.231435952,P003,L,S06,Spring,Senior,North,49,No,2025,8
2025-08-02 03:37:41.888490704,P008,L,S11,Spring,Adult,West,64,No,2025,8
2025-08-02 05:49:06.545545456,P011,L,S05,Winter,Young Adult,North,70,No,2025,8
2025-08-02 08:00:31.202600208,P013,S,S12,Summer,Young Adult,West,42,No,2025,8
2025-08-02 10:11:55.859654960,P007,M,S06,Spring,Young Adult,North,72,No,2025,8
2025-08-02 12:23:20.516709728,P013,L,S07,Summer,Teen,East,55,No,2025,8
2025-08-02 14:34:45.173764480,P002,XL,S09,Summer,Teen,East,50,No,2025,8
2025-08-02 16:46:09.830819232,P006,XL,S08,Summer,Young Adult,East,48,No,2025,8
2025-08-02 18:57:34.487873984,P009,L,S05,Autumn,Adult,North,60,No,2025,8
2025-08-02 21:08:59.144928736,P020,L,S07,Summer,Senior,East,59,No,2025,8
2025-08-02 23:20:23.801983488,P025,XL,S08,Summer,Teen,East,41,No,2025,8
2025-08-03 01:31:48.459038256,P002,L,S01,Spring,Young Adult,South,66,No,2025,8
2025-08-03 03:43:13.116093008,P018,L,S08,Winter,Teen,East,53,No,2025,8
2025-08-03 05:54:37.773147760,P016,XL,S11,Autumn,Teen,West,51,No,2025,8
2025-08-03 08:06:02.430202512,P025,L,S07,Summer,Young Adult,East,57,No,2025,8
2025-08-03 10:17:27.087257264,P012,XL,S11,Winter,Adult,West,58,No,2025,8
2025-08-03 12:28:51.744312016,P007,M,S12,Summer,Senior,West,74,No,2025,8
2025-08-03 14:40:16.401366784,P007,L,S12,Summer,Adult,West,65,No,2025,8
2025-08-03 16:51:41.058421536,P017,XL,S02,Spring,Teen,South,51,No,2025,8
2025-08-03 19:03:05.715476288,P013,S,S02,Winter,Adult,South,46,No,2025,8
2025-08-03 21:14:30.372531040,P011,L,S12,Spring,Adult,West,61,No,2025,8
2025-08-03 23:25:55.029585792,P006,M,S06,Spring,Senior,North,57,No,2025,8
2025-08-04 01:37:19.686640544,P029,XL,S03,Summer,Young Adult,South,59,Yes,2025,8
2025-08-04 03:48:44.343695296,P023,L,S01,Summer,Young Adult,South,60,No,2025,8
2025-08-04 06:00:09.000750064,P027,M,S08,Summer,Young Adult,East,67,No,2025,8
2025-08-04 08:11:33.657804816,P014,M,S07,Winter,Adult,East,73,No,2025,8
2025-08-04 10:22:58.314859568,P006,L,S04,Winter,Adult,North,56,No,2025,8
2025-08-04 12:34:22.971914320,P006,L,S01,Winter,Senior,South,64,No,2025,8
2025-08-04 14:45:47.628969072,P002,M,S02,Winter,Young Adult,South,82,No,2025,8
2025-08-04 16:57:12.286023824,P022,XL,S09,Summer,Senior,East,42,Yes,2025,8
2025-08-04 19:08:36.943078592,P020,L,S04,Summer,Senior,North,59,No,2025,8
2025-08-04 21:20:01.600133344,P025,L,S03,Spring,Adult,South,60,No,2025,8
2025-08-04 23:31:26.257188096,P015,S,S08,Summer,Young Adult,East,45,No,2025,8
2025-08-05 01:42:50.914242848,P028,XL,S04,Winter,Teen,North,53,No,2025,8
2025-08-05 03:54:15.571297600,P017,M,S07,Autumn,Teen,East,56,No,2025,8
2025-08-05 06:05:40.228352352,P029,L,S05,Summer,Adult,North,69,No,2025,8
2025-08-05 08:17:04.885407120,P008,XL,S05,Winter,Adult,North,43,No,2025,8
2025-08-05 10:28:29.542461872,P005,M,S11,Spring,Adult,West,57,No,2025,8
2025-08-05 12:39:54.199516624,P017,L,S06,Summer,Adult,North,58,No,2025,8
2025-08-05 14:51:18.856571376,P020,M,S12,Autumn,Teen,West,60,No,2025,8
2025-08-05 17:02:43.513626128,P001,L,S04,Winter,Young Adult,North,62,No,2025,8
2025-08-05 19:14:08.170680880,P022,L,S02,Summer,Senior,South,64,No,2025,8
2025-08-05 21:25:32.827735648,P018,XL,S06,Winter,Teen,North,52,No,2025,8
2025-08-05 23:36:57.484790400,P015,XL,S05,Autumn,Young Adult,North,53,No,2025,8
2025-08-06 01:48:22.141845152,P005,L,S03,Autumn,Adult,South,52,No,2025,8
2025-08-06 03:59:46.798899904,P007,L,S04,Spring,Senior,North,50,No,2025,8
2025-08-06 06:11:11.455954656,P018,L,S03,Autumn,Young Adult,South,63,No,2025,8
2025-08-06 08:22:36.113009408,P006,M,S03,Summer,Young Adult,South,75,No,2025,8
2025-08-06 10:34:00.770064176,P022,L,S04,Autumn,Senior,North,53,No,2025,8
2025-08-06 12:45:25.427118928,P021,XL,S02,Summer,Young Adult,South,58,No,2025,8
2025-08-06 14:56:50.084173680,P005,M,S04,Summer,Young Adult,North,60,No,2025,8
2025-08-06 17:08:14.741228432,P030,M,S10,Winter,Senior,West,69,No,2025,8
2025-08-06 19:19:39.398283184,P019,M,S11,Summer,Senior,West,67,No,2025,8
2025-08-06 21:31:04.055337936,P010,M,S02,Summer,Teen,South,74,No,2025,8
2025-08-06 23:42:28.712392688,P015,S,S10,Spring,Adult,West,46,No,2025,8
2025-08-07 01:53:53.369447456,P010,M,S08,Winter,Adult,East,69,No,2025,8
2025-08-07 04:05:18.026502208,P027,M,S10,Summer,Young Adult,West,80,No,2025,8
2025-08-07 06:16:42.683556960,P016,L,S05,Spring,Adult,North,59,No,2025,8
2025-08-07 08:28:07.340611712,P012,M,S07,Winter,Teen,East,59,No,2025,8
2025-08-07 10:39:31.997666464,P018,L,S11,Autumn,Young Adult,West,55,No,2025,8
2025-08-07 12:50:56.654721216,P023,XL,S04,Summer,Adult,North,51,No,2025,8
2025-08-07 15:02:21.311775984,P001,XXL,S10,Autumn,Adult,West,36,Yes,2025,8
2025-08-07 17:13:45.968830736,P016,L,S06,Winter,Young Adult,North,68,No,2025,8
2025-08-07 19:25:10.625885488,P022,S,S12,Winter,Senior,West,50,No,2025,8
2025-08-07 21:36:35.282940240,P006,XXL,S10,Spring,Teen,West,29,No,2025,8
2025-08-07 23:47:59.939994992,P003,L,S04,Summer,Young Adult,North,63,No,2025,8
2025-08-08 01:59:24.597049744,P002,M,S06,Summer,Young Adult,North,69,No,2025,8
2025-08-08 04:10:49.254104512,P028,S,S01,Spring,Adult,South,44,No,2025,8
2025-08-08 06:22:13.911159264,P002,S,S06,Autumn,Senior,North,40,Yes,2025,8
2025-08-08 08:33:38.568214016,P030,M,S06,Winter,Adult,North,67,No,2025,8
2025-08-08 10:45:03.225268768,P013,S,S02,Spring,Young Adult,South,40,No,2025,8
2025-08-08 12:56:27.882323520,P009,XL,S12,Winter,Young Adult,West,55,No,2025,8
2025-08-08 15:07:52.539378272,P016,L,S10,Autumn,Adult,West,52,No,2025,8
2025-08-08 17:19:17.196433040,P027,L,S10,Autumn,Senior,West,56,No,2025,8
2025-08-08 19:30:41.853487792,P005,XL,S09,Autumn,Young Adult,East,48,No,2025,8
2025-08-08 21:42:06.510542544,P023,L,S06,Summer,Teen,North,55,No,2025,8
2025-08-08 23:53:31.167597296,P028,XL,S12,Winter,Senior,West,57,No,2025,8
2025-08-09 02:04:55.824652048,P021,XXL,S11,Winter,Young Adult,West,38,No,2025,8
2025-08-09 04:16:20.481706800,P007,M,S07,Spring,Senior,East,57,No,2025,8
2025-08-09 06:27:45.138761552,P013,XXL,S02,Winter,Senior,South,33,No,2025,8
2025-08-09 08:39:09.795816320,P020,L,S02,Summer,Teen,South,55,No,2025,8
2025-08-09 10:50:34.452871072,P024,S,S02,Spring,Young Adult,South,42,No,2025,8
2025-08-09 13:01:59.109925824,P029,L,S10,Autumn,Senior,West,65,No,2025,8
2025-08-09 15:13:23.766980576,P027,L,S11,Winter,Young Adult,West,74,No,2025,8
2025-08-09 17:24:48.424035328,P030,XL,S09,Summer,Young Adult,East,49,No,2025,8
2025-08-09 19:36:13.081090080,P026,M,S03,Summer,Senior,South,63,No,2025,8
2025-08-09 21:47:37.738144848,P013,L,S04,Winter,Adult,North,56,No,2025,8
2025-08-09 23:59:02.395199600,P027,S,S01,Summer,Senior,South,46,No,2025,8
2025-08-10 02:10:27.052254352,P026,M,S01,Autumn,Adult,South,67,No,2025,8
2025-08-10 04:21:51.709309104,P007,S,S04,Winter,Adult,North,57,No,2025,8
2025-08-10 06:33:16.366363856,P010,L,S02,Winter,Adult,South,65,No,2025,8
2025-08-10 08:44:41.023418608,P015,XL,S08,Winter,Adult,East,43,No,2025,8
2025-08-10 10:56:05.680473376,P021,M,S04,Spring,Senior,North,51,No,2025,8
2025-08-10 13:07:30.337528128,P027,L,S03,Autumn,Adult,South,60,No,2025,8
2025-08-10 15:18:54.994582880,P006,M,S03,Summer,Young Adult,South,69,No,2025,8
2025-08-10 17:30:19.651637632,P005,S,S06,Winter,Senior,North,45,No,2025,8
2025-08-10 19:41:44.308692384,P023,L,S12,Winter,Teen,West,62,No,2025,8
2025-08-10 21:53:08.965747136,P028,S,S06,Summer,Adult,North,52,No,2025,8
2025-08-11 00:04:33.622801904,P002,L,S06,Autumn,Senior,North,62,No,2025,8
2025-08-11 02:15:58.279856656,P021,S,S06,Summer,Adult,North,48,No,2025,8
2025-08-11 04:27:22.936911408,P015,S,S08,Summer,Young Adult,East,52,No,2025,8
2025-08-11 06:38:47.593966160,P026,L,S08,Winter,Adult,East,51,No,2025,8
2025-08-11 08:50:12.251020912,P016,L,S09,Spring,Senior,East,58,No,2025,8
2025-08-11 11:01:36.908075664,P019,S,S01,Spring,Young Adult,South,52,No,2025,8
2025-08-11 13:13:01.565130416,P009,L,S10,Spring,Adult,West,55,No,2025,8
2025-08-11 15:24:26.222185184,P029,XL,S08,Spring,Teen,East,42,No,2025,8
2025-08-11 17:35:50.879239936,P022,L,S05,Spring,Adult,North,58,No,2025,8
2025-08-11 19:47:15.536294688,P029,S,S03,Winter,Adult,South,48,No,2025,8
2025-08-11 21:58:40.193349440,P026,L,S11,Spring,Young Adult,West,56,No,2025,8
2025-08-12 00:10:04.850404192,P019,L,S10,Summer,Adult,West,65,No,2025,8
2025-08-12 02:21:29.507458944,P007,S,S03,Winter,Senior,South,51,No,2025,8
2025-08-12 04:32:54.164513712,P004,XL,S06,Summer,Senior,North,48,No,2025,8
2025-08-12 06:44:18.821568464,P030,XL,S08,Spring,Young Adult,East,45,Yes,2025,8
2025-08-12 08:55:43.478623216,P003,XL,S10,Autumn,Senior,West,42,No,2025,8
2025-08-12 11:07:08.135677968,P024,XL,S02,Spring,Teen,South,40,Yes,2025,8
2025-08-12 13:18:32.792732720,P029,L,S12,Winter,Adult,West,73,No,2025,8
2025-08-12 15:29:57.449787472,P020,L,S09,Summer,Young Adult,East,65,No,2025,8
2025-08-12 17:41:22.106842240,P011,L,S05,Autumn,Senior,North,58,No,2025,8
2025-08-12 19:52:46.763896992,P001,XL,S05,Autumn,Teen,North,48,No,2025,8
2025-08-12 22:04:11.420951744,P006,L,S01,Autumn,Teen,South,62,No,2025,8
2025-08-13 00:15:36.078006496,P026,M,S06,Summer,Young Adult,North,66,No,2025,8
2025-08-13 02:27:00.735061248,P011,M,S11,Winter,Young Adult,West,80,No,2025,8
2025-08-13 04:38:25.392116000,P027,XL,S11,Autumn,Senior,West,50,No,2025,8
2025-08-13 06:49:50.049170768,P001,S,S05,Summer,Adult,North,46,No,2025,8
2025-08-13 09:01:14.706225520,P021,L,S07,Summer,Teen,East,53,No,2025,8
2025-08-13 11:12:39.363280272,P007,XXL,S07,Spring,Teen,East,28,No,2025,8
2025-08-13 13:24:04.020335024,P006,L,S04,Summer,Young Adult,North,60,No,2025,8
2025-08-13 15:35:28.677389776,P014,XXL,S05,Winter,Teen,North,32,Yes,2025,8
2025-08-13 17:46:53.334444528,P002,L,S10,Winter,Young Adult,West,70,No,2025,8
2025-08-13 19:58:17.991499280,P027,S,S08,Autumn,Adult,East,51,No,2025,8
2025-08-13 22:09:42.648554048,P004,XL,S02,Summer,Young Adult,South,53,No,2025,8
2025-08-14 00:21:07.305608800,P011,M,S01,Summer,Adult,South,66,No,2025,8
2025-08-14 02:32:31.962663552,P015,M,S06,Spring,Senior,North,61,No,2025,8
2025-08-14 04:43:56.619718304,P018,M,S11,Spring,Young Adult,West,65,No,2025,8
2025-08-14 06:55:21.276773056,P027,M,S04,Summer,Senior,North,62,No,2025,8
2025-08-14 09:06:45.933827808,P001,M,S10,Summer,Adult,West,79,No,2025,8
2025-08-14 11:18:10.590882576,P003,M,S03,Summer,Teen,South,65,No,2025,8
2025-08-14 13:29:35.247937328,P003,L,S07,Spring,Senior,East,52,No,2025,8
2025-08-14 15:40:59.904992080,P028,XL,S08,Spring,Young Adult,East,45,No,2025,8
2025-08-14 17:52:24.562046832,P007,M,S11,Winter,Young Adult,West,69,No,2025,8
2025-08-14 20:03:49.219101584,P001,M,S12,Autumn,Senior,West,65,No,2025,8
2025-08-14 22:15:13.876156336,P025,L,S04,Autumn,Senior,North,58,No,2025,8
2025-08-15 00:26:38.533211104,P011,L,S12,Autumn,Senior,West,60,No,2025,8
2025-08-15 02:38:03.190265856,P006,XL,S12,Autumn,Young Adult,West,57,No,2025,8
2025-08-15 04:49:27.847320608,P020,S,S10,Spring,Senior,West,32,No,2025,8
2025-08-15 07:00:52.504375360,P003,XL,S12,Spring,Senior,West,42,No,2025,8
2025-08-15 09:12:17.161430112,P019,L,S11,Summer,Adult,West,58,No,2025,8
2025-08-15 11:23:41.818484864,P002,L,S11,Winter,Senior,West,67,No,2025,8
2025-08-15 13:35:06.475539632,P018,S,S06,Winter,Senior,North,43,No,2025,8
2025-08-15 15:46:31.132594384,P030,M,S11,Autumn,Young Adult,West,71,No,2025,8
2025-08-15 17:57:55.789649136,P012,M,S11,Summer,Young Adult,West,72,No,2025,8
2025-08-15 20:09:20.446703888,P029,M,S02,Summer,Teen,South,63,No,2025,8
2025-08-15 22:20:45.103758640,P010,L,S08,Spring,Young Adult,East,65,No,2025,8
2025-08-16 00:32:09.760813392,P005,XL,S06,Summer,Young Adult,North,53,No,2025,8
2025-08-16 02:43:34.417868144,P009,L,S11,Winter,Young Adult,West,71,No,2025,8
2025-08-16 04:54:59.074922912,P002,L,S09,Winter,Young Adult,East,67,No,2025,8
2025-08-16 07:06:23.731977664,P002,L,S11,Summer,Senior,West,65,No,2025,8
2025-08-16 09:17:48.389032416,P028,M,S06,Spring,Teen,North,57,No,2025,8
2025-08-16 11:29:13.046087168,P006,XXL,S06,Winter,Young Adult,North,47,No,2025,8
2025-08-16 13:40:37.703141920,P029,L,S12,Spring,Senior,West,57,No,2025,8
2025-08-16 15:52:02.360196672,P010,M,S02,Spring,Young Adult,South,73,No,2025,8
2025-08-16 18:03:27.017251440,P018,M,S05,Winter,Teen,North,65,No,2025,8
2025-08-16 20:14:51.674306192,P012,L,S09,Spring,Adult,East,61,No,2025,8
2025-08-16 22:26:16.331360944,P004,L,S01,Autumn,Adult,South,65,No,2025,8
2025-08-17 00:37:40.988415696,P022,S,S04,Autumn,Teen,North,41,No,2025,8
2025-08-17 02:49:05.645470448,P021,XL,S10,Autumn,Senior,West,39,No,2025,8
2025-08-17 05:00:30.302525200,P017,L,S10,Summer,Senior,West,67,No,2025,8
2025-08-17 07:11:54.959579968,P015,L,S03,Winter,Teen,South,64,No,2025,8
2025-08-17 09:23:19.616634720,P006,S,S01,Autumn,Adult,South,38,No,2025,8
2025-08-17 11:34:44.273689472,P016,M,S01,Spring,Young Adult,South,69,No,2025,8
2025-08-17 13:46:08.930744224,P017,XL,S01,Autumn,Adult,South,49,No,2025,8
2025-08-17 15:57:33.587798976,P003,XL,S01,Spring,Young Adult,South,48,No,2025,8
2025-08-17 18:08:58.244853728,P010,M,S02,Winter,Teen,South,69,No,2025,8
2025-08-17 20:20:22.901908496,P005,M,S11,Autumn,Teen,West,59,No,2025,8
2025-08-17 22:31:47.558963248,P014,M,S05,Winter,Teen,North,62,No,2025,8
2025-08-18 00:43:12.216018000,P026,M,S02,Autumn,Adult,South,63,No,2025,8
2025-08-18 02:54:36.873072752,P029,L,S04,Spring,Teen,North,55,No,2025,8
2025-08-18 05:06:01.530127504,P021,XXL,S09,Spring,Adult,East,25,No,2025,8
2025-08-18 07:17:26.187182256,P013,M,S03,Summer,Senior,South,65,No,2025,8
2025-08-18 09:28:50.844237008,P026,S,S02,Summer,Young Adult,South,50,No,2025,8
2025-08-18 11:40:15.501291776,P006,XL,S04,Summer,Young Adult,North,57,No,2025,8
2025-08-18 13:51:40.158346528,P012,S,S09,Autumn,Young Adult,East,45,Yes,2025,8
2025-08-18 16:03:04.815401280,P026,XXL,S04,Winter,Teen,North,38,No,2025,8
2025-08-18 18:14:29.472456032,P008,L,S12,Autumn,Young Adult,West,56,No,2025,8
2025-08-18 20:25:54.129510784,P005,XL,S05,Spring,Teen,North,35,No,2025,8
2025-08-18 22:37:18.786565536,P030,M,S04,Winter,Adult,North,66,No,2025,8
2025-08-19 00:48:43.443620304,P015,S,S08,Spring,Teen,East,40,No,2025,8
2025-08-19 03:00:08.100675056,P027,M,S04,Summer,Young Adult,North,72,No,2025,8
2025-08-19 05:11:32.757729808,P016,M,S02,Spring,Teen,South,65,No,2025,8
2025-08-19 07:22:57.414784560,P001,M,S12,Autumn,Teen,West,61,No,2025,8
2025-08-19 09:34:22.071839312,P016,XXL,S04,Spring,Adult,North,33,Yes,2025,8
2025-08-19 11:45:46.728894064,P005,XL,S02,Spring,Teen,South,48,No,2025,8
2025-08-19 13:57:11.385948832,P003,L,S09,Spring,Young Adult,East,63,Yes,2025,8
2025-08-19 16:08:36.043003584,P020,M,S11,Winter,Teen,West,71,No,2025,8
2025-08-19 18:20:00.700058336,P015,L,S08,Spring,Senior,East,56,No,2025,8
2025-08-19 20:31:25.357113088,P013,L,S09,Spring,Teen,East,57,No,2025,8
2025-08-19 22:42:50.014167840,P024,M,S04,Summer,Senior,North,56,No,2025,8
2025-08-20 00:54:14.671222592,P016,XL,S01,Summer,Young Adult,South,50,No,2025,8
2025-08-20 03:05:39.328277360,P023,M,S03,Autumn,Senior,South,51,No,2025,8
2025-08-20 05:17:03.985332112,P011,M,S07,Summer,Senior,East,66,No,2025,8
2025-08-20 07:28:28.642386864,P021,S,S01,Spring,Senior,South,36,No,2025,8
2025-08-20 09:39:53.299441616,P002,L,S11,Summer,Senior,West,57,No,2025,8
2025-08-20 11:51:17.956496368,P022,L,S08,Winter,Senior,East,62,No,2025,8
2025-08-20 14:02:42.613551120,P027,M,S09,Autumn,Teen,East,59,No,2025,8
2025-08-20 16:14:07.270605872,P006,M,S08,Summer,Adult,East,65,No,2025,8
2025-08-20 18:25:31.927660640,P026,S,S05,Autumn,Senior,North,31,No,2025,8
2025-08-20 20:36:56.584715392,P026,M,S12,Autumn,Young Adult,West,56,No,2025,8
2025-08-20 22:48:21.241770144,P030,M,S11,Autumn,Young Adult,West,65,No,2025,8
2025-08-21 00:59:45.898824896,P027,M,S12,Winter,Teen,West,65,No,2025,8
2025-08-21 03:11:10.555879648,P006,M,S09,Spring,Adult,East,67,No,2025,8
2025-08-21 05:22:35.212934400,P014,XL,S04,Winter,Adult,North,54,Yes,2025,8
2025-08-21 07:33:59.869989168,P025,L,S09,Autumn,Senior,East,45,No,2025,8
2025-08-21 09:45:24.527043920,P011,L,S01,Summer,Young Adult,South,65,No,2025,8
2025-08-21 11:56:49.184098672,P008,S,S12,Summer,Young Adult,West,54,No,2025,8
2025-08-21 14:08:13.841153424,P008,M,S11,Winter,Teen,West,61,No,2025,8
2025-08-21 16:19:38.498208176,P001,M,S03,Summer,Senior,South,66,No,2025,8
2025-08-21 18:31:03.155262928,P021,M,S04,Autumn,Young Adult,North,67,No,2025,8
2025-08-21 20:42:27.812317696,P007,S,S11,Autumn,Senior,West,50,No,2025,8
2025-08-21 22:53:52.469372448,P006,XL,S10,Spring,Adult,West,49,No,2025,8
2025-08-22 01:05:17.126427200,P021,XL,S01,Autumn,Senior,South,37,No,2025,8
2025-08-22 03:16:41.783481952,P008,S,S12,Summer,Senior,West,42,No,2025,8
2025-08-22 05:28:06.440536704,P019,M,S06,Spring,Teen,North,59,No,2025,8
2025-08-22 07:39:31.097591456,P022,XXL,S04,Summer,Teen,North,38,No,2025,8
2025-08-22 09:50:55.754646224,P021,S,S04,Winter,Adult,North,40,No,2025,8
2025-08-22 12:02:20.411700976,P024,L,S01,Spring,Adult,South,57,No,2025,8
2025-08-22 14:13:45.068755728,P020,XXL,S05,Autumn,Senior,North,25,No,2025,8
2025-08-22 16:25:09.725810480,P008,XXL,S09,Spring,Young Adult,East,41,Yes,2025,8
2025-08-22 18:36:34.382865232,P026,M,S06,Autumn,Senior,North,55,No,2025,8
2025-08-22 20:47:59.039919984,P014,M,S08,Autumn,Adult,East,68,No,2025,8
2025-08-22 22:59:23.696974736,P018,M,S11,Summer,Teen,West,62,No,2025,8
2025-08-23 01:10:48.354029504,P025,XL,S04,Autumn,Teen,North,49,No,2025,8
2025-08-23 03:22:13.011084256,P029,XL,S09,Autumn,Adult,East,55,No,2025,8
2025-08-23 05:33:37.668139008,P016,L,S07,Autumn,Senior,East,46,No,2025,8
2025-08-23 07:45:02.325193760,P009,L,S07,Summer,Young Adult,East,61,No,2025,8
2025-08-23 09:56:26.982248512,P015,L,S08,Autumn,Teen,East,48,No,2025,8
2025-08-23 12:07:51.639303264,P030,L,S02,Winter,Senior,South,65,No,2025,8
2025-08-23 14:19:16.296358032,P026,XL,S12,Summer,Young Adult,West,54,No,2025,8
2025-08-23 16:30:40.953412784,P010,L,S06,Winter,Adult,North,73,No,2025,8
2025-08-23 18:42:05.610467536,P029,L,S07,Spring,Senior,East,51,No,2025,8
2025-08-23 20:53:30.267522288,P022,M,S03,Summer,Young Adult,South,74,No,2025,8
2025-08-23 23:04:54.924577040,P016,L,S08,Winter,Senior,East,53,No,2025,8
2025-08-24 01:16:19.581631792,P004,M,S01,Summer,Teen,South,71,No,2025,8
2025-08-24 03:27:44.238686560,P020,M,S01,Autumn,Adult,South,65,No,2025,8
2025-08-24 05:39:08.895741312,P013,XL,S10,Summer,Teen,West,44,Yes,2025,8
2025-08-24 07:50:33.552796064,P022,L,S03,Spring,Teen,South,61,No,2025,8
2025-08-24 10:01:58.209850816,P005,XL,S06,Winter,Senior,North,49,No,2025,8
2025-08-24 12:13:22.866905568,P022,M,S07,Summer,Adult,East,64,Yes,2025,8
2025-08-24 14:24:47.523960320,P007,L,S02,Autumn,Senior,South,53,No,2025,8
2025-08-24 16:36:12.181015088,P023,M,S06,Winter,Young Adult,North,67,No,2025,8
2025-08-24 18:47:36.838069840,P009,XL,S12,Winter,Adult,West,57,No,2025,8
2025-08-24 20:59:01.495124592,P008,S,S05,Winter,Teen,North,43,No,2025,8
2025-08-24 23:10:26.152179344,P029,L,S06,Spring,Teen,North,65,No,2025,8
2025-08-25 01:21:50.809234096,P016,L,S01,Autumn,Teen,South,53,No,2025,8
2025-08-25 03:33:15.466288848,P006,M,S10,Autumn,Senior,West,65,No,2025,8
2025-08-25 05:44:40.123343600,P028,XXL,S07,Winter,Senior,East,38,No,2025,8
2025-08-25 07:56:04.780398368,P016,XL,S08,Summer,Senior,East,44,No,2025,8
2025-08-25 10:07:29.437453120,P006,M,S07,Winter,Adult,East,65,No,2025,8
2025-08-25 12:18:54.094507872,P014,S,S09,Autumn,Adult,East,46,No,2025,8
2025-08-25 14:30:18.751562624,P021,M,S01,Spring,Adult,South,56,No,2025,8
2025-08-25 16:41:43.408617376,P001,M,S10,Spring,Adult,West,71,No,2025,8
2025-08-25 18:53:08.065672128,P025,XL,S09,Winter,Young Adult,East,51,No,2025,8
2025-08-25 21:04:32.722726896,P009,XXL,S11,Spring,Teen,West,32,No,2025,8
2025-08-25 23:15:57.379781648,P025,S,S11,Spring,Senior,West,35,No,2025,8
2025-08-26 01:27:22.036836400,P027,M,S03,Summer,Senior,South,74,No,2025,8
2025-08-26 03:38:46.693891152,P024,L,S02,Spring,Young Adult,South,68,No,2025,8
2025-08-26 05:50:11.350945904,P013,S,S06,Summer,Teen,North,44,No,2025,8
2025-08-26 08:01:36.008000656,P026,M,S11,Winter,Teen,West,70,No,2025,8
2025-08-26 10:13:00.665055424,P029,M,S05,Autumn,Young Adult,North,75,No,2025,8
2025-08-26 12:24:25.322110176,P019,L,S04,Autumn,Adult,North,47,No,2025,8
2025-08-26 14:35:49.979164928,P017,L,S04,Summer,Teen,North,61,No,2025,8
2025-08-26 16:47:14.636219680,P011,L,S08,Autumn,Adult,East,52,No,2025,8
2025-08-26 18:58:39.293274432,P028,S,S10,Winter,Young Adult,West,55,No,2025,8
2025-08-26 21:10:03.950329184,P028,XL,S03,Autumn,Senior,South,50,No,2025,8
2025-08-26 23:21:28.607383952,P008,L,S01,Spring,Senior,South,53,No,2025,8
2025-08-27 01:32:53.264438704,P023,XL,S05,Winter,Senior,North,41,No,2025,8
2025-08-27 03:44:17.921493456,P029,M,S08,Winter,Senior,East,60,No,2025,8
2025-08-27 05:55:42.578548208,P005,XL,S03,Autumn,Teen,South,39,Yes,2025,8
2025-08-27 08:07:07.235602960,P010,XL,S02,Autumn,Adult,South,58,No,2025,8
2025-08-27 10:18:31.892657712,P007,M,S01,Summer,Senior,South,65,No,2025,8
2025-08-27 12:29:56.549712480,P010,M,S04,Spring,Senior,North,57,No,2025,8
2025-08-27 14:41:21.206767232,P004,XL,S11,Autumn,Senior,West,49,No,2025,8
2025-08-27 16:52:45.863821984,P009,L,S02,Autumn,Young Adult,South,56,No,2025,8
2025-08-27 19:04:10.520876736,P027,XL,S08,Summer,Teen,East,55,No,2025,8
2025-08-27 21:15:35.177931488,P026,L,S11,Autumn,Young Adult,West,63,No,2025,8
2025-08-27 23:26:59.834986240,P014,L,S10,Spring,Adult,West,66,No,2025,8
2025-08-28 01:38:24.492040992,P002,S,S12,Spring,Senior,West,46,No,2025,8
2025-08-28 03:49:49.149095760,P025,M,S09,Winter,Teen,East,71,No,2025,8
2025-08-28 06:01:13.806150512,P009,XXL,S10,Winter,Teen,West,44,Yes,2025,8
2025-08-28 08:12:38.463205264,P021,M,S01,Spring,Teen,South,52,No,2025,8
2025-08-28 10:24:03.120260016,P027,S,S02,Summer,Young Adult,South,57,No,2025,8
2025-08-28 12:35:27.777314768,P001,L,S06,Winter,Young Adult,North,65,No,2025,8
2025-08-28 14:46:52.434369520,P023,L,S10,Spring,Young Adult,West,57,No,2025,8
2025-08-28 16:58:17.091424288,P010,M,S12,Spring,Young Adult,West,69,No,2025,8
2025-08-28 19:09:41.748479040,P010,M,S07,Winter,Adult,East,74,No,2025,8
2025-08-28 21:21:06.405533792,P020,M,S02,Spring,Senior,South,58,No,2025,8
2025-08-28 23:32:31.062588544,P025,S,S08,Spring,Senior,East,45,No,2025,8
2025-08-29 01:43:55.719643296,P022,L,S10,Spring,Young Adult,West,67,Yes,2025,8
2025-08-29 03:55:20.376698048,P029,M,S09,Spring,Young Adult,East,62,No,2025,8
2025-08-29 06:06:45.033752816,P003,XL,S08,Winter,Young Adult,East,48,No,2025,8
2025-08-29 08:18:09.690807568,P006,XL,S09,Summer,Adult,East,45,No,2025,8
2025-08-29 10:29:34.347862320,P029,L,S06,Spring,Adult,North,54,No,2025,8
2025-08-29 12:40:59.004917072,P026,M,S11,Autumn,Teen,West,61,No,2025,8
2025-08-29 14:52:23.661971824,P006,L,S07,Summer,Senior,East,55,No,2025,8
2025-08-29 17:03:48.319026576,P021,M,S06,Autumn,Young Adult,North,63,No,2025,8
2025-08-29 19:15:12.976081344,P002,M,S07,Autumn,Teen,East,57,No,2025,8
2025-08-29 21:26:37.633136096,P026,XL,S03,Spring,Senior,South,49,No,2025,8
2025-08-29 23:38:02.290190848,P026,M,S04,Winter,Teen,North,65,No,2025,8
2025-08-30 01:49:26.947245600,P018,XL,S09,Autumn,Adult,East,50,No,2025,8
2025-08-30 04:00:51.604300352,P023,S,S03,Autumn,Adult,South,45,No,2025,8
2025-08-30 06:12:16.261355104,P002,S,S02,Autumn,Teen,South,51,No,2025,8
2025-08-30 08:23:40.918409856,P012,XXL,S12,Spring,Teen,West,31,No,2025,8
2025-08-30 10:35:05.575464624,P022,L,S11,Spring,Senior,West,52,Yes,2025,8
2025-08-30 12:46:30.232519376,P005,L,S07,Winter,Young Adult,East,63,No,2025,8
2025-08-30 14:57:54.889574128,P020,L,S06,Spring,Senior,North,52,No,2025,8
2025-08-30 17:09:19.546628880,P007,M,S03,Summer,Senior,South,66,No,2025,8
2025-08-30 19:20:44.203683632,P024,L,S06,Winter,Adult,North,66,No,2025,8
2025-08-30 21:32:08.860738384,P016,S,S07,Spring,Adult,East,40,No,2025,8
2025-08-30 23:43:33.517793152,P020,L,S06,Spring,Teen,North,58,Yes,2025,8
2025-08-31 01:54:58.174847904,P001,L,S01,Autumn,Adult,South,59,No,2025,8
2025-08-31 04:06:22.831902656,P001,XL,S12,Spring,Senior,West,56,Yes,2025,8
2025-08-31 06:17:47.488957408,P017,L,S01,Autumn,Teen,South,61,No,2025,8
2025-08-31 08:29:12.146012160,P027,S,S09,Spring,Teen,East,50,No,2025,8
2025-08-31 10:40:36.803066912,P001,L,S06,Spring,Adult,North,55,No,2025,8
2025-08-31 12:52:01.460121680,P021,S,S12,Spring,Young Adult,West,48,No,2025,8
2025-08-31 15:03:26.117176432,P020,M,S02,Spring,Adult,South,57,No,2025,8
2025-08-31 17:14:50.774231184,P013,S,S11,Spring,Teen,West,34,No,2025,8
2025-08-31 19:26:15.431285936,P030,L,S01,Winter,Teen,South,61,No,2025,8
2025-08-31 21:37:40.088340688,P009,S,S11,Spring,Young Adult,West,55,No,2025,8
2025-08-31 23:49:04.745395440,P015,M,S12,Spring,Senior,West,55,No,2025,8
2025-09-01 02:00:29.402450208,P003,XL,S02,Autumn,Teen,South,47,No,2025,9
2025-09-01 04:11:54.059504960,P014,L,S08,Summer,Young Adult,East,56,No,2025,9
2025-09-01 06:23:18.716559712,P023,S,S05,Summer,Senior,North,37,No,2025,9
2025-09-01 08:34:43.373614464,P011,M,S07,Winter,Adult,East,69,No,2025,9
2025-09-01 10:46:08.030669216,P024,L,S07,Spring,Young Adult,East,55,No,2025,9
2025-09-01 12:57:32.687723968,P022,XL,S02,Summer,Senior,South,51,No,2025,9
2025-09-01 15:08:57.344778720,P012,S,S04,Autumn,Teen,North,36,No,2025,9
2025-09-01 17:20:22.001833488,P013,XL,S02,Autumn,Teen,South,41,No,2025,9
2025-09-01 19:31:46.658888240,P026,L,S07,Winter,Young Adult,East,55,No,2025,9
2025-09-01 21:43:11.315942992,P013,L,S05,Autumn,Adult,North,60,No,2025,9
2025-09-01 23:54:35.972997744,P001,XXL,S01,Summer,Young Adult,South,45,No,2025,9
2025-09-02 02:06:00.630052496,P024,L,S02,Summer,Teen,South,60,No,2025,9
2025-09-02 04:17:25.287107248,P010,XL,S06,Summer,Senior,North,47,No,2025,9
2025-09-02 06:28:49.944162016,P003,M,S04,Spring,Adult,North,61,No,2025,9
2025-09-02 08:40:14.601216768,P024,L,S07,Autumn,Senior,East,52,No,2025,9
2025-09-02 10:51:39.258271520,P028,L,S02,Autumn,Young Adult,South,59,No,2025,9
2025-09-02 13:03:03.915326272,P004,M,S12,Spring,Young Adult,West,66,No,2025,9
2025-09-02 15:14:28.572381024,P016,L,S02,Summer,Senior,South,57,No,2025,9
2025-09-02 17:25:53.229435776,P008,M,S12,Autumn,Senior,West,58,No,2025,9
2025-09-02 19:37:17.886490544,P016,S,S06,Summer,Senior,North,39,No,2025,9
2025-09-02 21:48:42.543545296,P027,M,S08,Spring,Young Adult,East,73,No,2025,9
2025-09-03 00:00:07.200600048,P017,L,S01,Summer,Senior,South,60,No,2025,9
2025-09-03 02:11:31.857654800,P019,XL,S05,Winter,Teen,North,46,No,2025,9
2025-09-03 04:22:56.514709552,P022,M,S01,Spring,Senior,South,63,No,2025,9
2025-09-03 06:34:21.171764304,P015,L,S11,Summer,Teen,West,50,No,2025,9
2025-09-03 08:45:45.828819072,P016,S,S06,Spring,Teen,North,48,No,2025,9
2025-09-03 10:57:10.485873824,P015,XL,S07,Autumn,Senior,East,40,No,2025,9
2025-09-03 13:08:35.142928576,P025,L,S06,Winter,Adult,North,67,No,2025,9
2025-09-03 15:19:59.799983328,P002,L,S09,Spring,Adult,East,57,No,2025,9
2025-09-03 17:31:24.457038080,P011,L,S03,Summer,Adult,South,66,No,2025,9
2025-09-03 19:42:49.114092832,P001,M,S08,Autumn,Teen,East,66,No,2025,9
2025-09-03 21:54:13.771147584,P015,L,S03,Summer,Adult,South,55,No,2025,9
2025-09-04 00:05:38.428202352,P026,XXL,S11,Summer,Adult,West,33,No,2025,9
2025-09-04 02:17:03.085257104,P019,S,S12,Spring,Senior,West,39,No,2025,9
2025-09-04 04:28:27.742311856,P004,L,S07,Spring,Young Adult,East,59,No,2025,9
2025-09-04 06:39:52.399366608,P011,XXL,S05,Summer,Teen,North,36,No,2025,9
2025-09-04 08:51:17.056421360,P005,M,S12,Spring,Young Adult,West,60,No,2025,9
2025-09-04 11:02:41.713476112,P003,XL,S01,Summer,Teen,South,45,No,2025,9
2025-09-04 13:14:06.370530880,P013,XL,S11,Spring,Teen,West,47,Yes,2025,9
2025-09-04 15:25:31.027585632,P010,L,S12,Winter,Adult,West,64,No,2025,9
2025-09-04 17:36:55.684640384,P011,M,S04,Spring,Senior,North,54,No,2025,9
2025-09-04 19:48:20.341695136,P018,M,S11,Summer,Young Adult,West,77,No,2025,9
2025-09-04 21:59:44.998749888,P002,S,S09,Autumn,Young Adult,East,48,No,2025,9
2025-09-05 00:11:09.655804640,P007,XL,S08,Spring,Adult,East,57,No,2025,9
2025-09-05 02:22:34.312859408,P009,XL,S03,Winter,Young Adult,South,51,No,2025,9
2025-09-05 04:33:58.969914160,P010,L,S02,Winter,Young Adult,South,74,No,2025,9
2025-09-05 06:45:23.626968912,P018,M,S11,Winter,Teen,West,73,No,2025,9
2025-09-05 08:56:48.284023664,P023,S,S09,Winter,Senior,East,46,No,2025,9
2025-09-05 11:08:12.941078416,P007,L,S01,Summer,Senior,South,57,No,2025,9
2025-09-05 13:19:37.598133168,P027,L,S09,Winter,Young Adult,East,65,No,2025,9
2025-09-05 15:31:02.255187936,P007,XL,S12,Autumn,Young Adult,West,59,No,2025,9
2025-09-05 17:42:26.912242688,P003,L,S07,Spring,Teen,East,50,No,2025,9
2025-09-05 19:53:51.569297440,P012,XL,S12,Winter,Adult,West,59,No,2025,9
2025-09-05 22:05:16.226352192,P007,L,S02,Spring,Teen,South,54,No,2025,9
2025-09-06 00:16:40.883406944,P017,L,S11,Summer,Adult,West,67,No,2025,9
2025-09-06 02:28:05.540461696,P026,M,S05,Spring,Adult,North,62,No,2025,9
2025-09-06 04:39:30.197516448,P001,XL,S02,Summer,Teen,South,51,No,2025,9
2025-09-06 06:50:54.854571216,P005,L,S05,Summer,Senior,North,58,No,2025,9
2025-09-06 09:02:19.511625968,P016,M,S07,Spring,Teen,East,59,No,2025,9
2025-09-06 11:13:44.168680720,P015,S,S05,Winter,Adult,North,48,No,2025,9
2025-09-06 13:25:08.825735472,P002,M,S02,Autumn,Senior,South,72,No,2025,9
2025-09-06 15:36:33.482790224,P009,L,S11,Spring,Senior,West,63,No,2025,9
2025-09-06 17:47:58.139844976,P007,M,S05,Autumn,Teen,North,64,No,2025,9
2025-09-06 19:59:22.796899744,P004,M,S12,Spring,Senior,West,58,No,2025,9
2025-09-06 22:10:47.453954496,P020,L,S12,Autumn,Senior,West,50,No,2025,9
2025-09-07 00:22:12.111009248,P018,M,S10,Spring,Teen,West,55,No,2025,9
2025-09-07 02:33:36.768064000,P021,XL,S06,Autumn,Young Adult,North,39,No,2025,9
2025-09-07 04:45:01.425118752,P004,M,S05,Autumn,Senior,North,57,No,2025,9
2025-09-07 06:56:26.082173504,P028,L,S02,Spring,Teen,South,52,No,2025,9
2025-09-07 09:07:50.739228272,P013,S,S06,Spring,Teen,North,39,No,2025,9
2025-09-07 11:19:15.396283024,P001,M,S06,Summer,Young Adult,North,76,No,2025,9
2025-09-07 13:30:40.053337776,P028,M,S12,Autumn,Senior,West,64,No,2025,9
2025-09-07 15:42:04.710392528,P024,XL,S02,Spring,Adult,South,56,No,2025,9
2025-09-07 17:53:29.367447280,P003,L,S04,Winter,Adult,North,65,No,2025,9
2025-09-07 20:04:54.024502032,P016,M,S07,Winter,Senior,East,70,Yes,2025,9
2025-09-07 22:16:18.681556800,P030,L,S01,Summer,Senior,South,59,Yes,2025,9
2025-09-08 00:27:43.338611552,P022,M,S01,Winter,Teen,South,66,No,2025,9
2025-09-08 02:39:07.995666304,P004,XXL,S11,Spring,Teen,West,36,No,2025,9
2025-09-08 04:50:32.652721056,P025,XXL,S12,Autumn,Adult,West,30,No,2025,9
2025-09-08 07:01:57.309775808,P023,L,S11,Spring,Senior,West,55,No,2025,9
2025-09-08 09:13:21.966830560,P025,L,S06,Winter,Teen,North,62,No,2025,9
2025-09-08 11:24:46.623885312,P016,XL,S07,Winter,Adult,East,55,No,2025,9
2025-09-08 13:36:11.280940080,P026,L,S12,Spring,Adult,West,50,No,2025,9
2025-09-08 15:47:35.937994832,P019,L,S05,Summer,Young Adult,North,59,No,2025,9
2025-09-08 17:59:00.595049584,P001,XXL,S12,Spring,Senior,West,40,No,2025,9
2025-09-08 20:10:25.252104336,P005,L,S10,Summer,Young Adult,West,65,No,2025,9
2025-09-08 22:21:49.909159088,P019,L,S08,Winter,Teen,East,53,No,2025,9
2025-09-09 00:33:14.566213840,P022,XL,S11,Autumn,Teen,West,52,No,2025,9
2025-09-09 02:44:39.223268608,P024,L,S04,Autumn,Adult,North,63,No,2025,9
2025-09-09 04:56:03.880323360,P011,L,S03,Spring,Teen,South,63,No,2025,9
2025-09-09 07:07:28.537378112,P013,M,S07,Summer,Young Adult,East,67,No,2025,9
2025-09-09 09:18:53.194432864,P020,M,S04,Winter,Senior,North,61,No,2025,9
2025-09-09 11:30:17.851487616,P005,S,S01,Autumn,Adult,South,39,No,2025,9
2025-09-09 13:41:42.508542368,P021,L,S11,Spring,Adult,West,59,No,2025,9
2025-09-09 15:53:07.165597136,P004,M,S08,Spring,Teen,East,58,Yes,2025,9
2025-09-09 18:04:31.822651888,P004,XXL,S05,Winter,Adult,North,38,No,2025,9
2025-09-09 20:15:56.479706640,P004,L,S08,Winter,Adult,East,62,No,2025,9
2025-09-09 22:27:21.136761392,P004,L,S08,Spring,Senior,East,56,No,2025,9
2025-09-10 00:38:45.793816144,P020,M,S12,Spring,Adult,West,59,No,2025,9
2025-09-10 02:50:10.450870896,P021,XL,S05,Spring,Senior,North,43,No,2025,9
2025-09-10 05:01:35.107925664,P018,L,S08,Summer,Young Adult,East,60,No,2025,9
2025-09-10 07:12:59.764980416,P018,L,S07,Winter,Adult,East,60,Yes,2025,9
2025-09-10 09:24:24.422035168,P016,M,S03,Spring,Young Adult,South,75,No,2025,9
2025-09-10 11:35:49.079089920,P009,L,S04,Winter,Senior,North,58,No,2025,9
2025-09-10 13:47:13.736144672,P018,L,S11,Spring,Adult,West,60,No,2025,9
2025-09-10 15:58:38.393199424,P022,L,S12,Spring,Teen,West,53,No,2025,9
2025-09-10 18:10:03.050254176,P002,XL,S07,Spring,Teen,East,47,No,2025,9
2025-09-10 20:21:27.707308944,P021,XL,S04,Winter,Adult,North,42,No,2025,9
2025-09-10 22:32:52.364363696,P004,XXL,S06,Spring,Senior,North,41,Yes,2025,9
2025-09-11 00:44:17.021418448,P012,L,S12,Spring,Teen,West,60,No,2025,9
2025-09-11 02:55:41.678473200,P007,XXL,S02,Winter,Young Adult,South,42,No,2025,9
2025-09-11 05:07:06.335527952,P015,XL,S12,Spring,Senior,West,47,No,2025,9
2025-09-11 07:18:30.992582704,P007,M,S02,Autumn,Senior,South,67,No,2025,9
2025-09-11 09:29:55.649637472,P029,M,S03,Autumn,Adult,South,67,No,2025,9
2025-09-11 11:41:20.306692224,P022,M,S10,Spring,Young Adult,West,64,No,2025,9
2025-09-11 13:52:44.963746976,P026,S,S07,Summer,Senior,East,43,No,2025,9
2025-09-11 16:04:09.620801728,P021,M,S03,Winter,Adult,South,72,No,2025,9
2025-09-11 18:15:34.277856480,P017,S,S12,Spring,Young Adult,West,49,No,2025,9
2025-09-11 20:26:58.934911232,P016,L,S03,Winter,Senior,South,55,No,2025,9
2025-09-11 22:38:23.591966000,P028,M,S04,Summer,Teen,North,62,No,2025,9
2025-09-12 00:49:48.249020752,P019,M,S10,Summer,Young Adult,West,73,Yes,2025,9
2025-09-12 03:01:12.906075504,P009,L,S06,Winter,Senior,North,52,No,2025,9
2025-09-12 05:12:37.563130256,P014,XL,S01,Summer,Young Adult,South,61,No,2025,9
2025-09-12 07:24:02.220185008,P017,XXL,S06,Summer,Teen,North,44,No,2025,9
2025-09-12 09:35:26.877239760,P005,L,S08,Winter,Senior,East,53,No,2025,9
2025-09-12 11:46:51.534294528,P002,M,S12,Summer,Teen,West,73,No,2025,9
2025-09-12 13:58:16.191349280,P020,M,S08,Autumn,Adult,East,55,No,2025,9
2025-09-12 16:09:40.848404032,P016,M,S06,Spring,Adult,North,61,No,2025,9
2025-09-12 18:21:05.505458784,P014,M,S06,Autumn,Senior,North,55,No,2025,9
2025-09-12 20:32:30.162513536,P014,M,S03,Autumn,Senior,South,57,No,2025,9
2025-09-12 22:43:54.819568288,P027,XXL,S02,Spring,Young Adult,South,42,Yes,2025,9
2025-09-13 00:55:19.476623040,P001,S,S07,Autumn,Senior,East,38,No,2025,9
2025-09-13 03:06:44.133677808,P003,M,S08,Spring,Adult,East,68,No,2025,9
2025-09-13 05:18:08.790732560,P026,M,S10,Spring,Senior,West,62,No,2025,9
2025-09-13 07:29:33.447787312,P007,L,S06,Winter,Young Adult,North,70,No,2025,9
2025-09-13 09:40:58.104842064,P026,M,S05,Spring,Adult,North,63,No,2025,9
2025-09-13 11:52:22.761896816,P015,M,S04,Spring,Senior,North,53,No,2025,9
2025-09-13 14:03:47.418951568,P019,S,S01,Summer,Teen,South,42,No,2025,9
2025-09-13 16:15:12.076006336,P020,M,S09,Summer,Teen,East,53,No,2025,9
2025-09-13 18:26:36.733061088,P002,S,S11,Autumn,Teen,West,39,No,2025,9
2025-09-13 20:38:01.390115840,P019,L,S10,Spring,Teen,West,59,No,2025,9
2025-09-13 22:49:26.047170592,P009,S,S04,Spring,Young Adult,North,48,No,2025,9
2025-09-14 01:00:50.704225344,P019,L,S02,Winter,Teen,South,67,No,2025,9
2025-09-14 03:12:15.361280096,P027,L,S04,Spring,Teen,North,65,No,2025,9
2025-09-14 05:23:40.018334864,P005,L,S11,Winter,Senior,West,58,No,2025,9
2025-09-14 07:35:04.675389616,P018,M,S05,Spring,Teen,North,65,No,2025,9
2025-09-14 09:46:29.332444368,P016,M,S02,Summer,Teen,South,63,No,2025,9
2025-09-14 11:57:53.989499120,P004,S,S07,Summer,Senior,East,42,No,2025,9
2025-09-14 14:09:18.646553872,P012,L,S03,Summer,Adult,South,58,No,2025,9
2025-09-14 16:20:43.303608624,P029,L,S08,Autumn,Young Adult,East,67,No,2025,9
2025-09-14 18:32:07.960663392,P007,M,S04,Spring,Young Adult,North,68,No,2025,9
2025-09-14 20:43:32.617718144,P014,L,S12,Summer,Adult,West,67,No,2025,9
2025-09-14 22:54:57.274772896,P023,XL,S11,Winter,Senior,West,46,Yes,2025,9
2025-09-15 01:06:21.931827648,P012,L,S05,Summer,Adult,North,62,No,2025,9
2025-09-15 03:17:46.588882400,P003,S,S03,Spring,Young Adult,South,45,No,2025,9
2025-09-15 05:29:11.245937152,P005,L,S11,Summer,Young Adult,West,54,No,2025,9
2025-09-15 07:40:35.902991904,P017,S,S05,Spring,Adult,North,46,No,2025,9
2025-09-15 09:52:00.560046672,P026,L,S09,Spring,Teen,East,49,No,2025,9
2025-09-15 12:03:25.217101424,P010,M,S11,Summer,Young Adult,West,77,No,2025,9
2025-09-15 14:14:49.874156176,P010,S,S02,Winter,Adult,South,63,No,2025,9
2025-09-15 16:26:14.531210928,P011,XL,S07,Autumn,Teen,East,36,No,2025,9
2025-09-15 18:37:39.188265680,P017,L,S10,Spring,Teen,West,64,No,2025,9
2025-09-15 20:49:03.845320432,P005,M,S08,Autumn,Senior,East,51,No,2025,9
2025-09-15 23:00:28.502375200,P013,S,S03,Summer,Adult,South,52,Yes,2025,9
2025-09-16 01:11:53.159429952,P010,L,S11,Spring,Young Adult,West,69,No,2025,9
2025-09-16 03:23:17.816484704,P009,XL,S04,Spring,Senior,North,37,No,2025,9
2025-09-16 05:34:42.473539456,P017,L,S11,Summer,Young Adult,West,67,No,2025,9
2025-09-16 07:46:07.130594208,P001,XXL,S10,Autumn,Teen,West,40,No,2025,9
2025-09-16 09:57:31.787648960,P004,S,S02,Winter,Adult,South,50,No,2025,9
2025-09-16 12:08:56.444703728,P004,L,S10,Summer,Teen,West,57,No,2025,9
2025-09-16 14:20:21.101758480,P018,L,S09,Summer,Teen,East,51,No,2025,9
2025-09-16 16:31:45.758813232,P009,L,S03,Winter,Teen,South,59,No,2025,9
2025-09-16 18:43:10.415867984,P030,S,S09,Winter,Adult,East,43,No,2025,9
2025-09-16 20:54:35.072922736,P025,L,S07,Winter,Senior,East,58,No,2025,9
2025-09-16 23:05:59.729977488,P029,L,S06,Winter,Young Adult,North,64,No,2025,9
2025-09-17 01:17:24.387032256,P029,L,S11,Summer,Teen,West,56,No,2025,9
2025-09-17 03:28:49.044087008,P018,L,S12,Winter,Young Adult,West,62,No,2025,9
2025-09-17 05:40:13.701141760,P014,L,S11,Autumn,Young Adult,West,55,No,2025,9
2025-09-17 07:51:38.358196512,P025,L,S03,Winter,Senior,South,63,No,2025,9
2025-09-17 10:03:03.015251264,P015,M,S11,Spring,Adult,West,65,No,2025,9
2025-09-17 12:14:27.672306016,P006,M,S07,Spring,Young Adult,East,59,Yes,2025,9
2025-09-17 14:25:52.329360768,P024,L,S11,Winter,Senior,West,56,No,2025,9
2025-09-17 16:37:16.986415536,P010,XXL,S03,Summer,Young Adult,South,54,No,2025,9
2025-09-17 18:48:41.643470288,P029,S,S11,Summer,Teen,West,45,No,2025,9
2025-09-17 21:00:06.300525040,P015,L,S06,Autumn,Senior,North,51,Yes,2025,9
2025-09-17 23:11:30.957579792,P029,M,S08,Summer,Adult,East,67,No,2025,9
2025-09-18 01:22:55.614634544,P004,M,S05,Autumn,Adult,North,60,No,2025,9
2025-09-18 03:34:20.271689296,P018,L,S11,Autumn,Teen,West,54,No,2025,9
2025-09-18 05:45:44.928744064,P018,L,S11,Autumn,Teen,West,58,No,2025,9
2025-09-18 07:57:09.585798816,P025,S,S03,Winter,Young Adult,South,60,No,2025,9
2025-09-18 10:08:34.242853568,P017,L,S06,Summer,Senior,North,67,No,2025,9
2025-09-18 12:19:58.899908320,P012,XL,S08,Spring,Senior,East,39,No,2025,9
2025-09-18 14:31:23.556963072,P007,XXL,S10,Autumn,Senior,West,35,No,2025,9
2025-09-18 16:42:48.214017824,P016,M,S03,Spring,Senior,South,57,No,2025,9
2025-09-18 18:54:12.871072592,P011,L,S12,Autumn,Young Adult,West,60,No,2025,9
2025-09-18 21:05:37.528127344,P014,M,S11,Summer,Senior,West,66,No,2025,9
2025-09-18 23:17:02.185182096,P003,M,S11,Winter,Senior,West,69,No,2025,9
2025-09-19 01:28:26.842236848,P019,L,S05,Autumn,Adult,North,53,No,2025,9
2025-09-19 03:39:51.499291600,P018,L,S09,Autumn,Adult,East,53,No,2025,9
2025-09-19 05:51:16.156346352,P030,S,S10,Spring,Young Adult,West,44,No,2025,9
2025-09-19 08:02:40.813401120,P010,XXL,S10,Winter,Teen,West,49,No,2025,9
2025-09-19 10:14:05.470455872,P006,XL,S03,Summer,Adult,South,54,Yes,2025,9
2025-09-19 12:25:30.127510624,P013,L,S12,Autumn,Teen,West,47,No,2025,9
2025-09-19 14:36:54.784565376,P010,L,S11,Summer,Young Adult,West,66,No,2025,9
2025-09-19 16:48:19.441620128,P018,M,S02,Winter,Adult,South,74,No,2025,9
2025-09-19 18:59:44.098674880,P026,L,S11,Spring,Adult,West,61,No,2025,9
2025-09-19 21:11:08.755729632,P020,M,S08,Winter,Young Adult,East,59,No,2025,9
2025-09-19 23:22:33.412784400,P026,XL,S07,Winter,Senior,East,46,No,2025,9
2025-09-20 01:33:58.069839152,P016,M,S12,Winter,Young Adult,West,75,No,2025,9
2025-09-20 03:45:22.726893904,P025,M,S09,Winter,Teen,East,67,No,2025,9
2025-09-20 05:56:47.383948656,P025,L,S04,Summer,Teen,North,50,No,2025,9
2025-09-20 08:08:12.041003408,P006,M,S03,Summer,Senior,South,63,No,2025,9
2025-09-20 10:19:36.698058160,P013,M,S10,Spring,Young Adult,West,64,No,2025,9
2025-09-20 12:31:01.355112928,P004,M,S05,Autumn,Young Adult,North,70,No,2025,9
2025-09-20 14:42:26.012167680,P023,XL,S11,Autumn,Senior,West,39,No,2025,9
2025-09-20 16:53:50.669222432,P014,L,S01,Winter,Young Adult,South,71,No,2025,9
2025-09-20 19:05:15.326277184,P001,M,S05,Winter,Adult,North,78,Yes,2025,9
2025-09-20 21:16:39.983331936,P028,M,S03,Summer,Young Adult,South,72,No,2025,9
2025-09-20 23:28:04.640386688,P020,M,S01,Autumn,Adult,South,60,No,2025,9
2025-09-21 01:39:29.297441456,P005,L,S03,Spring,Young Adult,South,52,Yes,2025,9
2025-09-21 03:50:53.954496208,P008,L,S05,Winter,Adult,North,56,No,2025,9
2025-09-21 06:02:18.611550960,P012,S,S05,Summer,Teen,North,49,No,2025,9
2025-09-21 08:13:43.268605712,P002,M,S10,Winter,Senior,West,75,Yes,2025,9
2025-09-21 10:25:07.925660464,P012,M,S12,Winter,Teen,West,75,No,2025,9
2025-09-21 12:36:32.582715216,P005,M,S08,Summer,Adult,East,68,No,2025,9
2025-09-21 14:47:57.239769984,P022,M,S11,Autumn,Senior,West,64,No,2025,9
2025-09-21 16:59:21.896824736,P005,L,S01,Autumn,Teen,South,46,No,2025,9
2025-09-21 19:10:46.553879488,P013,M,S07,Winter,Teen,East,69,No,2025,9
2025-09-21 21:22:11.210934240,P009,L,S05,Autumn,Adult,North,56,No,2025,9
2025-09-21 23:33:35.867988992,P010,L,S03,Summer,Young Adult,South,76,No,2025,9
2025-09-22 01:45:00.525043744,P001,M,S04,Autumn,Young Adult,North,65,No,2025,9
2025-09-22 03:56:25.182098512,P030,L,S03,Winter,Adult,South,72,No,2025,9
2025-09-22 06:07:49.839153264,P003,L,S08,Winter,Teen,East,59,No,2025,9
2025-09-22 08:19:14.496208016,P030,M,S04,Summer,Young Adult,North,75,No,2025,9
2025-09-22 10:30:39.153262768,P018,XL,S03,Winter,Young Adult,South,60,No,2025,9
2025-09-22 12:42:03.810317520,P012,M,S02,Autumn,Teen,South,61,Yes,2025,9
2025-09-22 14:53:28.467372272,P029,XL,S03,Summer,Adult,South,50,No,2025,9
2025-09-22 17:04:53.124427024,P003,L,S07,Winter,Adult,East,63,No,2025,9
2025-09-22 19:16:17.781481792,P026,L,S06,Summer,Young Adult,North,64,No,2025,9
2025-09-22 21:27:42.438536544,P025,XL,S10,Summer,Adult,West,58,Yes,2025,9
2025-09-22 23:39:07.095591296,P029,XL,S12,Autumn,Teen,West,49,No,2025,9
2025-09-23 01:50:31.752646048,P030,L,S05,Autumn,Adult,North,55,No,2025,9
2025-09-23 04:01:56.409700800,P009,L,S08,Spring,Senior,East,56,No,2025,9
2025-09-23 06:13:21.066755552,P026,M,S11,Summer,Adult,West,70,No,2025,9
2025-09-23 08:24:45.723810320,P002,L,S01,Autumn,Adult,South,62,No,2025,9
2025-09-23 10:36:10.380865072,P030,S,S03,Winter,Adult,South,57,No,2025,9
2025-09-23 12:47:35.037919824,P003,S,S02,Spring,Senior,South,39,No,2025,9
2025-09-23 14:58:59.694974576,P014,XL,S02,Spring,Teen,South,48,No,2025,9
2025-09-23 17:10:24.352029328,P004,S,S12,Winter,Adult,West,50,No,2025,9
2025-09-23 19:21:49.009084080,P025,M,S11,Autumn,Young Adult,West,61,No,2025,9
2025-09-23 21:33:13.666138848,P019,L,S12,Summer,Adult,West,58,No,2025,9
2025-09-23 23:44:38.323193600,P013,S,S01,Spring,Senior,South,48,No,2025,9
2025-09-24 01:56:02.980248352,P007,M,S05,Winter,Senior,North,70,No,2025,9
2025-09-24 04:07:27.637303104,P012,L,S05,Winter,Young Adult,North,72,No,2025,9
2025-09-24 06:18:52.294357856,P003,L,S03,Winter,Senior,South,61,No,2025,9
2025-09-24 08:30:16.951412608,P023,L,S12,Winter,Senior,West,54,No,2025,9
2025-09-24 10:41:41.608467376,P023,L,S12,Spring,Senior,West,52,No,2025,9
2025-09-24 12:53:06.265522128,P009,L,S09,Summer,Teen,East,51,No,2025,9
2025-09-24 15:04:30.922576880,P002,L,S12,Autumn,Senior,West,61,No,2025,9
2025-09-24 17:15:55.579631632,P029,M,S06,Winter,Adult,North,65,No,2025,9
2025-09-24 19:27:20.236686384,P022,L,S10,Winter,Young Adult,West,75,No,2025,9
2025-09-24 21:38:44.893741136,P009,XL,S06,Summer,Adult,North,56,No,2025,9
2025-09-24 23:50:09.550795888,P012,M,S10,Summer,Adult,West,65,No,2025,9
2025-09-25 02:01:34.207850656,P012,M,S06,Autumn,Young Adult,North,62,No,2025,9
2025-09-25 04:12:58.864905408,P015,S,S02,Spring,Teen,South,43,Yes,2025,9
2025-09-25 06:24:23.521960160,P002,L,S11,Summer,Teen,West,62,No,2025,9
2025-09-25 08:35:48.179014912,P018,S,S10,Spring,Senior,West,41,No,2025,9
2025-09-25 10:47:12.836069664,P013,L,S10,Spring,Teen,West,59,No,2025,9
2025-09-25 12:58:37.493124416,P014,XL,S08,Winter,Teen,East,43,No,2025,9
2025-09-25 15:10:02.150179184,P005,L,S06,Spring,Senior,North,47,No,2025,9
2025-09-25 17:21:26.807233936,P026,M,S03,Winter,Teen,South,57,No,2025,9
2025-09-25 19:32:51.464288688,P010,L,S10,Winter,Teen,West,66,No,2025,9
2025-09-25 21:44:16.121343440,P012,M,S09,Autumn,Senior,East,62,No,2025,9
2025-09-25 23:55:40.778398192,P010,L,S02,Spring,Adult,South,58,No,2025,9
2025-09-26 02:07:05.435452944,P024,L,S07,Summer,Adult,East,55,No,2025,9
2025-09-26 04:18:30.092507712,P011,M,S03,Summer,Young Adult,South,67,No,2025,9
2025-09-26 06:29:54.749562464,P025,XL,S12,Summer,Teen,West,43,No,2025,9
2025-09-26 08:41:19.406617216,P002,M,S06,Autumn,Senior,North,62,No,2025,9
2025-09-26 10:52:44.063671968,P005,XXL,S05,Winter,Senior,North,30,No,2025,9
2025-09-26 13:04:08.720726720,P030,S,S06,Winter,Teen,North,51,No,2025,9
2025-09-26 15:15:33.377781472,P007,M,S08,Summer,Teen,East,70,Yes,2025,9
2025-09-26 17:26:58.034836240,P006,M,S03,Winter,Senior,South,74,No,2025,9
2025-09-26 19:38:22.691890992,P022,S,S02,Winter,Senior,South,46,No,2025,9
2025-09-26 21:49:47.348945744,P023,L,S08,Autumn,Senior,East,42,No,2025,9
2025-09-27 00:01:12.006000496,P003,L,S01,Spring,Young Adult,South,68,No,2025,9
2025-09-27 02:12:36.663055248,P013,L,S02,Spring,Adult,South,57,No,2025,9
2025-09-27 04:24:01.320110000,P003,M,S10,Autumn,Senior,West,57,No,2025,9
2025-09-27 06:35:25.977164752,P026,M,S01,Autumn,Adult,South,58,No,2025,9
2025-09-27 08:46:50.634219520,P025,L,S05,Winter,Teen,North,54,No,2025,9
2025-09-27 10:58:15.291274272,P030,M,S08,Autumn,Adult,East,65,No,2025,9
2025-09-27 13:09:39.948329024,P024,L,S02,Winter,Adult,South,67,No,2025,9
2025-09-27 15:21:04.605383776,P021,L,S04,Spring,Adult,North,54,Yes,2025,9
2025-09-27 17:32:29.262438528,P006,S,S04,Autumn,Teen,North,45,No,2025,9
2025-09-27 19:43:53.919493280,P011,L,S11,Winter,Adult,West,63,No,2025,9
2025-09-27 21:55:18.576548048,P028,L,S11,Spring,Adult,West,56,No,2025,9
2025-09-28 00:06:43.233602800,P026,L,S07,Spring,Young Adult,East,57,No,2025,9
2025-09-28 02:18:07.890657552,P017,M,S01,Summer,Teen,South,70,No,2025,9
2025-09-28 04:29:32.547712304,P010,M,S09,Spring,Adult,East,60,No,2025,9
2025-09-28 06:40:57.204767056,P012,M,S03,Autumn,Teen,South,62,No,2025,9
2025-09-28 08:52:21.861821808,P017,M,S06,Autumn,Senior,North,56,No,2025,9
2025-09-28 11:03:46.518876576,P004,M,S10,Winter,Adult,West,74,No,2025,9
2025-09-28 13:15:11.175931328,P002,XL,S05,Autumn,Teen,North,45,No,2025,9
2025-09-28 15:26:35.832986080,P011,L,S04,Spring,Adult,North,57,No,2025,9
2025-09-28 17:38:00.490040832,P007,L,S09,Winter,Adult,East,64,No,2025,9
2025-09-28 19:49:25.147095584,P002,M,S11,Spring,Senior,West,58,Yes,2025,9
2025-09-28 22:00:49.804150336,P026,XL,S12,Summer,Young Adult,West,44,No,2025,9
2025-09-29 00:12:14.461205104,P018,M,S09,Winter,Teen,East,66,No,2025,9
2025-09-29 02:23:39.118259856,P021,L,S01,Summer,Adult,South,54,No,2025,9
2025-09-29 04:35:03.775314608,P004,XXL,S07,Winter,Senior,East,38,Yes,2025,9
2025-09-29 06:46:28.432369360,P008,L,S10,Autumn,Senior,West,53,No,2025,9
2025-09-29 08:57:53.089424112,P020,XXL,S09,Spring,Young Adult,East,40,No,2025,9
2025-09-29 11:09:17.746478864,P014,L,S05,Winter,Young Adult,North,69,No,2025,9
2025-09-29 13:20:42.403533616,P012,M,S01,Autumn,Senior,South,62,No,2025,9
2025-09-29 15:32:07.060588384,P022,M,S08,Autumn,Senior,East,64,No,2025,9
2025-09-29 17:43:31.717643136,P021,M,S05,Autumn,Teen,North,53,No,2025,9
2025-09-29 19:54:56.374697888,P027,S,S06,Summer,Teen,North,41,No,2025,9
2025-09-29 22:06:21.031752640,P030,L,S07,Autumn,Senior,East,46,No,2025,9
2025-09-30 00:17:45.688807392,P018,M,S10,Winter,Senior,West,72,No,2025,9
2025-09-30 02:29:10.345862144,P011,XL,S07,Summer,Young Adult,East,57,Yes,2025,9
2025-09-30 04:40:35.002916912,P029,M,S12,Spring,Teen,West,70,No,2025,9
2025-09-30 06:51:59.659971664,P028,M,S07,Autumn,Senior,East,64,No,2025,9
2025-09-30 09:03:24.317026416,P030,XXL,S01,Winter,Teen,South,43,No,2025,9
2025-09-30 11:14:48.974081168,P008,M,S07,Winter,Teen,East,61,No,2025,9
2025-09-30 13:26:13.631135920,P002,L,S11,Summer,Senior,West,63,No,2025,9
2025-09-30 15:37:38.288190672,P025,L,S03,Spring,Senior,South,54,No,2025,9
2025-09-30 17:49:02.945245440,P015,M,S05,Summer,Adult,North,57,No,2025,9
2025-09-30 20:00:27.602300192,P009,L,S10,Autumn,Teen,West,62,No,2025,9
2025-09-30 22:11:52.259354944,P019,M,S05,Spring,Teen,North,65,No,2025,9
2025-10-01 00:23:16.916409696,P020,L,S08,Spring,Young Adult,East,56,No,2025,10
2025-10-01 02:34:41.573464448,P008,L,S07,Spring,Young Adult,East,62,No,2025,10
2025-10-01 04:46:06.230519200,P025,M,S07,Summer,Young Adult,East,66,No,2025,10
2025-10-01 06:57:30.887573968,P019,L,S06,Winter,Teen,North,64,No,2025,10
2025-10-01 09:08:55.544628720,P005,M,S07,Summer,Senior,East,52,No,2025,10
2025-10-01 11:20:20.201683472,P011,L,S07,Winter,Senior,East,52,No,2025,10
2025-10-01 13:31:44.858738224,P015,XL,S05,Summer,Senior,North,39,No,2025,10
2025-10-01 15:43:09.515792976,P008,XL,S05,Winter,Teen,North,54,No,2025,10
2025-10-01 17:54:34.172847728,P019,L,S04,Winter,Senior,North,50,No,2025,10
2025-10-01 20:05:58.829902480,P023,M,S04,Spring,Young Adult,North,66,No,2025,10
2025-10-01 22:17:23.486957248,P027,XXL,S05,Winter,Senior,North,43,Yes,2025,10
2025-10-02 00:28:48.144012000,P008,M,S10,Autumn,Senior,West,60,No,2025,10
2025-10-02 02:40:12.801066752,P026,L,S09,Autumn,Young Adult,East,58,No,2025,10
2025-10-02 04:51:37.458121504,P027,M,S11,Winter,Adult,West,81,No,2025,10
2025-10-02 07:03:02.115176256,P030,XXL,S12,Winter,Adult,West,37,No,2025,10
2025-10-02 09:14:26.772231008,P019,L,S06,Winter,Adult,North,56,No,2025,10
2025-10-02 11:25:51.429285776,P018,L,S08,Winter,Teen,East,56,No,2025,10
2025-10-02 13:37:16.086340528,P010,S,S09,Spring,Teen,East,39,No,2025,10
2025-10-02 15:48:40.743395280,P029,L,S12,Autumn,Young Adult,West,65,No,2025,10
2025-10-02 18:00:05.400450032,P007,L,S04,Spring,Adult,North,58,No,2025,10
2025-10-02 20:11:30.057504784,P028,L,S12,Autumn,Teen,West,52,No,2025,10
2025-10-02 22:22:54.714559536,P009,M,S07,Winter,Senior,East,71,No,2025,10
2025-10-03 00:34:19.371614304,P001,M,S05,Autumn,Adult,North,66,No,2025,10
2025-10-03 02:45:44.028669056,P019,S,S04,Autumn,Adult,North,41,No,2025,10
2025-10-03 04:57:08.685723808,P005,M,S12,Summer,Teen,West,66,No,2025,10
2025-10-03 07:08:33.342778560,P019,M,S07,Summer,Adult,East,56,No,2025,10
2025-10-03 09:19:57.999833312,P001,M,S03,Winter,Young Adult,South,79,No,2025,10
2025-10-03 11:31:22.656888064,P015,M,S01,Spring,Young Adult,South,60,No,2025,10
2025-10-03 13:42:47.313942832,P016,M,S07,Summer,Teen,East,58,No,2025,10
2025-10-03 15:54:11.970997584,P023,S,S09,Winter,Adult,East,47,No,2025,10
2025-10-03 18:05:36.628052336,P007,XL,S02,Spring,Young Adult,South,53,No,2025,10
2025-10-03 20:17:01.285107088,P026,L,S07,Summer,Adult,East,57,No,2025,10
2025-10-03 22:28:25.942161840,P012,M,S10,Autumn,Young Adult,West,71,No,2025,10
2025-10-04 00:39:50.599216592,P008,L,S02,Summer,Young Adult,South,59,Yes,2025,10
2025-10-04 02:51:15.256271344,P005,L,S03,Winter,Adult,South,58,No,2025,10
2025-10-04 05:02:39.913326112,P010,XL,S10,Summer,Teen,West,59,No,2025,10
2025-10-04 07:14:04.570380864,P028,M,S12,Summer,Teen,West,67,No,2025,10
2025-10-04 09:25:29.227435616,P021,M,S10,Spring,Teen,West,55,No,2025,10
2025-10-04 11:36:53.884490368,P005,XXL,S03,Spring,Adult,South,38,No,2025,10
2025-10-04 13:48:18.541545120,P017,M,S12,Autumn,Adult,West,66,No,2025,10
2025-10-04 15:59:43.198599872,P026,S,S04,Winter,Adult,North,50,No,2025,10
2025-10-04 18:11:07.855654640,P005,S,S06,Autumn,Teen,North,41,No,2025,10
2025-10-04 20:22:32.512709392,P022,S,S03,Autumn,Adult,South,50,No,2025,10
2025-10-04 22:33:57.169764144,P015,XXL,S09,Summer,Teen,East,34,No,2025,10
2025-10-05 00:45:21.826818896,P013,M,S02,Autumn,Young Adult,South,68,No,2025,10
2025-10-05 02:56:46.483873648,P028,XL,S07,Spring,Teen,East,40,No,2025,10
2025-10-05 05:08:11.140928400,P001,XXL,S06,Autumn,Teen,North,39,No,2025,10
2025-10-05 07:19:35.797983168,P011,L,S02,Winter,Senior,South,56,No,2025,10
2025-10-05 09:31:00.455037920,P023,S,S11,Autumn,Senior,West,39,No,2025,10
2025-10-05 11:42:25.112092672,P001,S,S03,Winter,Teen,South,46,No,2025,10
2025-10-05 13:53:49.769147424,P011,M,S06,Winter,Senior,North,67,No,2025,10
2025-10-05 16:05:14.426202176,P018,M,S10,Autumn,Adult,West,67,No,2025,10
2025-10-05 18:16:39.083256928,P018,L,S04,Autumn,Senior,North,59,No,2025,10
2025-10-05 20:28:03.740311696,P021,M,S01,Autumn,Senior,South,57,No,2025,10
2025-10-05 22:39:28.397366448,P030,XL,S01,Winter,Senior,South,47,No,2025,10
2025-10-06 00:50:53.054421200,P026,L,S03,Spring,Teen,South,57,No,2025,10
2025-10-06 03:02:17.711475952,P016,L,S08,Summer,Young Adult,East,61,No,2025,10
2025-10-06 05:13:42.368530704,P013,XL,S11,Autumn,Young Adult,West,49,No,2025,10
2025-10-06 07:25:07.025585456,P007,S,S04,Summer,Young Adult,North,55,No,2025,10
2025-10-06 09:36:31.682640208,P001,M,S11,Autumn,Young Adult,West,75,Yes,2025,10
2025-10-06 11:47:56.339694976,P026,S,S01,Winter,Young Adult,South,47,No,2025,10
2025-10-06 13:59:20.996749728,P016,S,S08,Winter,Young Adult,East,56,Yes,2025,10
2025-10-06 16:10:45.653804480,P001,L,S10,Summer,Teen,West,62,No,2025,10
2025-10-06 18:22:10.310859232,P017,M,S06,Spring,Adult,North,71,No,2025,10
2025-10-06 20:33:34.967913984,P006,M,S01,Winter,Adult,South,66,No,2025,10
2025-10-06 22:44:59.624968736,P002,XXL,S12,Summer,Young Adult,West,47,Yes,2025,10
2025-10-07 00:56:24.282023504,P017,M,S10,Winter,Senior,West,66,No,2025,10
2025-10-07 03:07:48.939078256,P006,L,S10,Autumn,Senior,West,59,No,2025,10
2025-10-07 05:19:13.596133008,P014,S,S06,Summer,Teen,North,42,No,2025,10
2025-10-07 07:30:38.253187760,P018,M,S01,Summer,Young Adult,South,69,No,2025,10
2025-10-07 09:42:02.910242512,P006,L,S10,Autumn,Young Adult,West,67,No,2025,10
2025-10-07 11:53:27.567297264,P010,XL,S10,Summer,Senior,West,60,No,2025,10
2025-10-07 14:04:52.224352032,P024,M,S03,Autumn,Young Adult,South,72,No,2025,10
2025-10-07 16:16:16.881406784,P018,S,S02,Spring,Young Adult,South,41,No,2025,10
2025-10-07 18:27:41.538461536,P027,M,S04,Autumn,Senior,North,65,Yes,2025,10
2025-10-07 20:39:06.195516288,P009,S,S02,Spring,Adult,South,48,No,2025,10
2025-10-07 22:50:30.852571040,P008,M,S11,Summer,Adult,West,65,No,2025,10
2025-10-08 01:01:55.509625792,P028,L,S05,Autumn,Teen,North,56,No,2025,10
2025-10-08 03:13:20.166680560,P010,S,S04,Summer,Senior,North,51,No,2025,10
2025-10-08 05:24:44.823735312,P017,M,S06,Spring,Teen,North,58,No,2025,10
2025-10-08 07:36:09.480790064,P023,L,S07,Winter,Young Adult,East,57,No,2025,10
2025-10-08 09:47:34.137844816,P030,M,S12,Winter,Senior,West,66,No,2025,10
2025-10-08 11:58:58.794899568,P029,S,S02,Winter,Adult,South,52,Yes,2025,10
2025-10-08 14:10:23.451954320,P026,XXL,S02,Winter,Young Adult,South,46,No,2025,10
2025-10-08 16:21:48.109009072,P006,M,S08,Winter,Adult,East,64,No,2025,10
2025-10-08 18:33:12.766063840,P014,L,S09,Spring,Adult,East,57,No,2025,10
2025-10-08 20:44:37.423118592,P022,M,S05,Winter,Teen,North,63,No,2025,10
2025-10-08 22:56:02.080173344,P022,M,S07,Winter,Senior,East,61,No,2025,10
2025-10-09 01:07:26.737228096,P006,M,S12,Summer,Senior,West,57,Yes,2025,10
2025-10-09 03:18:51.394282848,P026,M,S09,Autumn,Senior,East,59,No,2025,10
2025-10-09 05:30:16.051337600,P007,S,S01,Autumn,Teen,South,46,No,2025,10
2025-10-09 07:41:40.708392368,P012,M,S08,Autumn,Adult,East,56,No,2025,10
2025-10-09 09:53:05.365447120,P003,XL,S10,Autumn,Teen,West,51,No,2025,10
2025-10-09 12:04:30.022501872,P014,L,S10,Spring,Senior,West,52,No,2025,10
2025-10-09 14:15:54.679556624,P022,S,S09,Autumn,Young Adult,East,45,No,2025,10
2025-10-09 16:27:19.336611376,P019,L,S09,Summer,Senior,East,55,No,2025,10
2025-10-09 18:38:43.993666128,P023,XL,S10,Spring,Senior,West,43,No,2025,10
2025-10-09 20:50:08.650720896,P016,L,S07,Winter,Adult,East,65,No,2025,10
2025-10-09 23:01:33.307775648,P007,S,S12,Summer,Senior,West,48,No,2025,10
2025-10-10 01:12:57.964830400,P008,XL,S12,Summer,Senior,West,47,No,2025,10
2025-10-10 03:24:22.621885152,P018,M,S12,Winter,Adult,West,76,No,2025,10
2025-10-10 05:35:47.278939904,P025,M,S12,Winter,Senior,West,66,No,2025,10
2025-10-10 07:47:11.935994656,P013,L,S10,Summer,Senior,West,56,No,2025,10
2025-10-10 09:58:36.593049424,P021,XL,S03,Spring,Adult,South,48,No,2025,10
2025-10-10 12:10:01.250104176,P009,XL,S05,Winter,Young Adult,North,48,No,2025,10
2025-10-10 14:21:25.907158928,P010,XL,S02,Autumn,Adult,South,47,No,2025,10
2025-10-10 16:32:50.564213680,P021,S,S11,Summer,Senior,West,46,No,2025,10
2025-10-10 18:44:15.221268432,P023,XL,S10,Summer,Teen,West,48,No,2025,10
2025-10-10 20:55:39.878323184,P027,S,S03,Winter,Young Adult,South,57,No,2025,10
2025-10-10 23:07:04.535377936,P009,M,S10,Winter,Adult,West,77,No,2025,10
2025-10-11 01:18:29.192432704,P015,L,S07,Autumn,Young Adult,East,54,No,2025,10
2025-10-11 03:29:53.849487456,P020,M,S01,Autumn,Young Adult,South,58,No,2025,10
2025-10-11 05:41:18.506542208,P002,L,S03,Autumn,Teen,South,61,No,2025,10
2025-10-11 07:52:43.163596960,P025,M,S05,Autumn,Teen,North,61,No,2025,10
2025-10-11 10:04:07.820651712,P013,XL,S11,Summer,Teen,West,47,No,2025,10
2025-10-11 12:15:32.477706464,P002,M,S04,Winter,Senior,North,75,No,2025,10
2025-10-11 14:26:57.134761232,P019,M,S03,Spring,Adult,South,65,No,2025,10
2025-10-11 16:38:21.791815984,P026,XL,S06,Winter,Senior,North,47,No,2025,10
2025-10-11 18:49:46.448870736,P002,S,S12,Winter,Adult,West,61,No,2025,10
2025-10-11 21:01:11.105925488,P003,L,S06,Autumn,Senior,North,44,No,2025,10
2025-10-11 23:12:35.762980240,P006,L,S04,Autumn,Senior,North,55,No,2025,10
2025-10-12 01:24:00.420034992,P003,L,S09,Summer,Teen,East,50,No,2025,10
2025-10-12 03:35:25.077089760,P010,L,S11,Autumn,Senior,West,61,No,2025,10
2025-10-12 05:46:49.734144512,P024,M,S06,Summer,Teen,North,57,No,2025,10
2025-10-12 07:58:14.391199264,P027,XL,S09,Winter,Adult,East,53,No,2025,10
2025-10-12 10:09:39.048254016,P006,S,S11,Winter,Teen,West,49,No,2025,10
2025-10-12 12:21:03.705308768,P023,M,S10,Winter,Young Adult,West,64,No,2025,10
2025-10-12 14:32:28.362363520,P016,S,S10,Summer,Young Adult,West,45,No,2025,10
2025-10-12 16:43:53.019418288,P017,L,S02,Summer,Senior,South,58,No,2025,10
2025-10-12 18:55:17.676473040,P019,L,S06,Summer,Young Adult,North,58,No,2025,10
2025-10-12 21:06:42.333527792,P003,XL,S04,Autumn,Adult,North,46,No,2025,10
2025-10-12 23:18:06.990582544,P018,L,S02,Spring,Senior,South,54,No,2025,10
2025-10-13 01:29:31.647637296,P007,L,S05,Autumn,Teen,North,53,No,2025,10
2025-10-13 03:40:56.304692048,P009,XL,S03,Spring,Senior,South,51,No,2025,10
2025-10-13 05:52:20.961746816,P020,M,S06,Autumn,Senior,North,62,No,2025,10
2025-10-13 08:03:45.618801568,P012,L,S11,Winter,Young Adult,West,68,No,2025,10
2025-10-13 10:15:10.275856320,P005,L,S08,Summer,Senior,East,45,No,2025,10
2025-10-13 12:26:34.932911072,P003,M,S04,Autumn,Adult,North,59,No,2025,10
2025-10-13 14:37:59.589965824,P011,XL,S12,Summer,Senior,West,48,No,2025,10
2025-10-13 16:49:24.247020576,P025,M,S04,Autumn,Teen,North,64,No,2025,10
2025-10-13 19:00:48.904075328,P030,L,S05,Winter,Teen,North,55,No,2025,10
2025-10-13 21:12:13.561130096,P004,L,S06,Summer,Young Adult,North,61,No,2025,10
2025-10-13 23:23:38.218184848,P005,XL,S11,Winter,Senior,West,45,No,2025,10
2025-10-14 01:35:02.875239600,P001,XL,S07,Spring,Teen,East,49,No,2025,10
2025-10-14 03:46:27.532294352,P027,L,S06,Summer,Senior,North,67,No,2025,10
2025-10-14 05:57:52.189349104,P028,L,S07,Autumn,Senior,East,48,No,2025,10
2025-10-14 08:09:16.846403856,P029,M,S09,Summer,Teen,East,69,No,2025,10
2025-10-14 10:20:41.503458624,P018,M,S04,Spring,Senior,North,64,No,2025,10
2025-10-14 12:32:06.160513376,P012,XL,S10,Spring,Young Adult,West,46,No,2025,10
2025-10-14 14:43:30.817568128,P013,XL,S01,Autumn,Young Adult,South,50,No,2025,10
2025-10-14 16:54:55.474622880,P009,XL,S09,Winter,Teen,East,50,No,2025,10
2025-10-14 19:06:20.131677632,P002,S,S07,Summer,Adult,East,52,No,2025,10
2025-10-14 21:17:44.788732384,P005,XL,S04,Winter,Adult,North,51,Yes,2025,10
2025-10-14 23:29:09.445787152,P013,XL,S10,Winter,Senior,West,43,No,2025,10
2025-10-15 01:40:34.102841904,P016,M,S08,Autumn,Young Adult,East,66,No,2025,10
2025-10-15 03:51:58.759896656,P016,L,S12,Summer,Teen,West,62,No,2025,10
2025-10-15 06:03:23.416951408,P024,L,S07,Spring,Young Adult,East,51,No,2025,10
2025-10-15 08:14:48.074006160,P003,L,S12,Autumn,Adult,West,53,No,2025,10
2025-10-15 10:26:12.731060912,P022,XXL,S02,Winter,Adult,South,51,No,2025,10
2025-10-15 12:37:37.388115680,P004,M,S01,Spring,Senior,South,58,No,2025,10
2025-10-15 14:49:02.045170432,P011,L,S09,Winter,Teen,East,52,No,2025,10
2025-10-15 17:00:26.702225184,P023,L,S07,Summer,Senior,East,48,No,2025,10
2025-10-15 19:11:51.359279936,P026,M,S10,Winter,Young Adult,West,67,No,2025,10
2025-10-15 21:23:16.016334688,P014,XL,S01,Spring,Young Adult,South,49,No,2025,10
2025-10-15 23:34:40.673389440,P029,L,S04,Summer,Adult,North,63,No,2025,10
2025-10-16 01:46:05.330444192,P003,M,S05,Autumn,Senior,North,54,No,2025,10
2025-10-16 03:57:29.987498960,P016,S,S05,Winter,Young Adult,North,53,No,2025,10
2025-10-16 06:08:54.644553712,P022,M,S05,Summer,Young Adult,North,74,No,2025,10
2025-10-16 08:20:19.301608464,P015,L,S11,Summer,Young Adult,West,62,No,2025,10
2025-10-16 10:31:43.958663216,P028,XL,S03,Autumn,Teen,South,45,No,2025,10
2025-10-16 12:43:08.615717968,P010,M,S05,Autumn,Adult,North,60,No,2025,10
2025-10-16 14:54:33.272772720,P009,M,S04,Spring,Senior,North,65,No,2025,10
2025-10-16 17:05:57.929827488,P011,M,S05,Summer,Young Adult,North,62,No,2025,10
2025-10-16 19:17:22.586882240,P016,L,S07,Summer,Teen,East,56,No,2025,10
2025-10-16 21:28:47.243936992,P010,XXL,S05,Spring,Young Adult,North,40,No,2025,10
2025-10-16 23:40:11.900991744,P017,L,S08,Winter,Young Adult,East,69,No,2025,10
2025-10-17 01:51:36.558046496,P019,L,S08,Summer,Adult,East,57,No,2025,10
2025-10-17 04:03:01.215101248,P002,L,S03,Summer,Teen,South,69,No,2025,10
2025-10-17 06:14:25.872156016,P024,S,S05,Winter,Young Adult,North,56,No,2025,10
2025-10-17 08:25:50.529210768,P023,L,S12,Autumn,Adult,West,52,No,2025,10
2025-10-17 10:37:15.186265520,P002,L,S04,Autumn,Teen,North,55,No,2025,10
2025-10-17 12:48:39.843320272,P006,L,S05,Autumn,Young Adult,North,59,No,2025,10
2025-10-17 15:00:04.500375024,P019,XL,S08,Spring,Senior,East,44,No,2025,10
2025-10-17 17:11:29.157429776,P008,L,S04,Winter,Adult,North,56,No,2025,10
2025-10-17 19:22:53.814484544,P026,L,S05,Autumn,Young Adult,North,55,No,2025,10
2025-10-17 21:34:18.471539296,P029,XL,S07,Spring,Young Adult,East,55,Yes,2025,10
2025-10-17 23:45:43.128594048,P003,XXL,S03,Winter,Teen,South,42,No,2025,10
2025-10-18 01:57:07.785648800,P026,L,S06,Autumn,Senior,North,48,No,2025,10
2025-10-18 04:08:32.442703552,P014,S,S09,Summer,Adult,East,42,No,2025,10
2025-10-18 06:19:57.099758304,P025,M,S11,Summer,Teen,West,68,No,2025,10
2025-10-18 08:31:21.756813056,P016,L,S04,Autumn,Young Adult,North,55,No,2025,10
2025-10-18 10:42:46.413867824,P001,S,S04,Autumn,Adult,North,46,No,2025,10
2025-10-18 12:54:11.070922576,P021,S,S06,Spring,Young Adult,North,36,No,2025,10
2025-10-18 15:05:35.727977328,P003,S,S06,Summer,Young Adult,North,52,No,2025,10
2025-10-18 17:17:00.385032080,P022,L,S03,Winter,Senior,South,59,No,2025,10
2025-10-18 19:28:25.042086832,P026,L,S01,Autumn,Young Adult,South,57,Yes,2025,10
2025-10-18 21:39:49.699141584,P018,M,S03,Winter,Adult,South,68,No,2025,10
2025-10-18 23:51:14.356196352,P009,S,S08,Autumn,Young Adult,East,48,No,2025,10
2025-10-19 02:02:39.013251104,P006,L,S08,Summer,Adult,East,56,No,2025,10
2025-10-19 04:14:03.670305856,P023,M,S06,Autumn,Senior,North,54,Yes,2025,10
2025-10-19 06:25:28.327360608,P021,M,S07,Winter,Young Adult,East,63,No,2025,10
2025-10-19 08:36:52.984415360,P025,L,S02,Summer,Teen,South,57,No,2025,10
2025-10-19 10:48:17.641470112,P001,L,S09,Autumn,Adult,East,53,No,2025,10
2025-10-19 12:59:42.298524880,P021,M,S03,Summer,Young Adult,South,64,No,2025,10
2025-10-19 15:11:06.955579632,P027,L,S02,Spring,Teen,South,61,No,2025,10
2025-10-19 17:22:31.612634384,P010,M,S05,Winter,Adult,North,79,No,2025,10
2025-10-19 19:33:56.269689136,P027,L,S01,Autumn,Teen,South,61,No,2025,10
2025-10-19 21:45:20.926743888,P006,M,S05,Autumn,Young Adult,North,62,No,2025,10
2025-10-19 23:56:45.583798640,P023,M,S10,Autumn,Senior,West,59,No,2025,10
2025-10-20 02:08:10.240853408,P012,L,S04,Winter,Senior,North,64,No,2025,10
2025-10-20 04:19:34.897908160,P004,L,S12,Spring,Teen,West,66,No,2025,10
2025-10-20 06:30:59.554962912,P028,M,S06,Winter,Young Adult,North,75,No,2025,10
2025-10-20 08:42:24.212017664,P013,S,S12,Autumn,Young Adult,West,47,No,2025,10
2025-10-20 10:53:48.869072416,P017,XL,S05,Winter,Adult,North,52,No,2025,10
2025-10-20 13:05:13.526127168,P027,L,S09,Autumn,Young Adult,East,61,No,2025,10
2025-10-20 15:16:38.183181920,P008,M,S05,Winter,Senior,North,67,No,2025,10
2025-10-20 17:28:02.840236688,P026,L,S08,Summer,Young Adult,East,54,No,2025,10
2025-10-20 19:39:27.497291440,P020,S,S12,Winter,Adult,West,41,No,2025,10
2025-10-20 21:50:52.154346192,P003,L,S02,Autumn,Adult,South,51,No,2025,10
2025-10-21 00:02:16.811400944,P012,S,S03,Autumn,Young Adult,South,51,No,2025,10
2025-10-21 02:13:41.468455696,P007,M,S03,Winter,Young Adult,South,77,No,2025,10
2025-10-21 04:25:06.125510448,P012,S,S03,Winter,Adult,South,46,No,2025,10
2025-10-21 06:36:30.782565216,P002,M,S06,Summer,Adult,North,73,No,2025,10
2025-10-21 08:47:55.439619968,P024,M,S07,Spring,Teen,East,54,No,2025,10
2025-10-21 10:59:20.096674720,P014,M,S07,Spring,Senior,East,61,No,2025,10
2025-10-21 13:10:44.753729472,P022,S,S12,Summer,Senior,West,40,No,2025,10
2025-10-21 15:22:09.410784224,P023,M,S07,Spring,Teen,East,55,No,2025,10
2025-10-21 17:33:34.067838976,P030,L,S12,Spring,Teen,West,61,No,2025,10
2025-10-21 19:44:58.724893744,P005,M,S03,Autumn,Senior,South,51,No,2025,10
2025-10-21 21:56:23.381948496,P009,L,S01,Autumn,Adult,South,60,No,2025,10
2025-10-22 00:07:48.039003248,P021,M,S06,Autumn,Senior,North,60,No,2025,10
2025-10-22 02:19:12.696058000,P011,M,S03,Winter,Adult,South,66,No,2025,10
2025-10-22 04:30:37.353112752,P005,L,S03,Winter,Senior,South,56,No,2025,10
2025-10-22 06:42:02.010167504,P003,XXL,S03,Spring,Adult,South,32,Yes,2025,10
2025-10-22 08:53:26.667222272,P027,S,S09,Winter,Senior,East,43,No,2025,10
2025-10-22 11:04:51.324277024,P017,S,S12,Autumn,Teen,West,50,No,2025,10
2025-10-22 13:16:15.981331776,P002,L,S04,Winter,Young Adult,North,75,No,2025,10
2025-10-22 15:27:40.638386528,P024,XL,S05,Spring,Young Adult,North,52,No,2025,10
2025-10-22 17:39:05.295441280,P001,XXL,S03,Autumn,Young Adult,South,37,No,2025,10
2025-10-22 19:50:29.952496032,P007,M,S10,Spring,Adult,West,73,No,2025,10
2025-10-22 22:01:54.609550784,P030,M,S12,Winter,Young Adult,West,75,No,2025,10
2025-10-23 00:13:19.266605552,P014,L,S01,Summer,Senior,South,54,No,2025,10
2025-10-23 02:24:43.923660304,P005,L,S12,Summer,Young Adult,West,65,No,2025,10
2025-10-23 04:36:08.580715056,P019,L,S04,Autumn,Adult,North,58,No,2025,10
2025-10-23 06:47:33.237769808,P028,XL,S01,Spring,Adult,South,53,No,2025,10
2025-10-23 08:58:57.894824560,P028,L,S11,Summer,Adult,West,64,No,2025,10
2025-10-23 11:10:22.551879312,P011,M,S11,Summer,Senior,West,72,No,2025,10
2025-10-23 13:21:47.208934080,P023,M,S07,Autumn,Adult,East,61,No,2025,10
2025-10-23 15:33:11.865988832,P025,L,S07,Autumn,Senior,East,54,No,2025,10
2025-10-23 17:44:36.523043584,P002,M,S04,Spring,Adult,North,67,No,2025,10
2025-10-23 19:56:01.180098336,P008,M,S05,Summer,Teen,North,61,No,2025,10
2025-10-23 22:07:25.837153088,P009,S,S10,Spring,Adult,West,40,No,2025,10
2025-10-24 00:18:50.494207840,P027,M,S07,Spring,Young Adult,East,64,No,2025,10
2025-10-24 02:30:15.151262608,P003,M,S06,Autumn,Young Adult,North,57,No,2025,10
2025-10-24 04:41:39.808317360,P002,XL,S04,Spring,Teen,North,53,No,2025,10
2025-10-24 06:53:04.465372112,P007,M,S04,Winter,Adult,North,79,No,2025,10
2025-10-24 09:04:29.122426864,P005,L,S02,Spring,Young Adult,South,58,No,2025,10
2025-10-24 11:15:53.779481616,P021,M,S10,Summer,Young Adult,West,65,No,2025,10
2025-10-24 13:27:18.436536368,P026,S,S02,Spring,Senior,South,37,No,2025,10
2025-10-24 15:38:43.093591136,P005,XXL,S12,Winter,Senior,West,36,Yes,2025,10
2025-10-24 17:50:07.750645888,P020,XL,S04,Winter,Adult,North,56,No,2025,10
2025-10-24 20:01:32.407700640,P013,S,S05,Summer,Teen,North,49,No,2025,10
2025-10-24 22:12:57.064755392,P021,L,S04,Summer,Adult,North,51,No,2025,10
2025-10-25 00:24:21.721810144,P029,M,S03,Spring,Senior,South,70,No,2025,10
2025-10-25 02:35:46.378864896,P020,XXL,S11,Winter,Senior,West,38,No,2025,10
2025-10-25 04:47:11.035919648,P029,M,S02,Winter,Adult,South,72,No,2025,10
2025-10-25 06:58:35.692974416,P006,M,S04,Spring,Adult,North,69,No,2025,10
2025-10-25 09:10:00.350029168,P020,L,S11,Summer,Adult,West,52,No,2025,10
2025-10-25 11:21:25.007083920,P018,XL,S05,Winter,Adult,North,54,No,2025,10
2025-10-25 13:32:49.664138672,P025,M,S01,Spring,Teen,South,66,No,2025,10
2025-10-25 15:44:14.321193424,P002,L,S01,Summer,Young Adult,South,75,No,2025,10
2025-10-25 17:55:38.978248176,P025,S,S06,Spring,Adult,North,39,No,2025,10
2025-10-25 20:07:03.635302944,P026,XL,S05,Summer,Young Adult,North,44,No,2025,10
2025-10-25 22:18:28.292357696,P006,S,S11,Summer,Senior,West,37,No,2025,10
2025-10-26 00:29:52.949412448,P009,XL,S04,Winter,Young Adult,North,59,Yes,2025,10
2025-10-26 02:41:17.606467200,P025,M,S01,Autumn,Adult,South,64,No,2025,10
2025-10-26 04:52:42.263521952,P003,M,S12,Winter,Young Adult,West,68,No,2025,10
2025-10-26 07:04:06.920576704,P001,XXL,S07,Spring,Adult,East,32,No,2025,10
2025-10-26 09:15:31.577631472,P001,XXL,S04,Summer,Adult,North,40,No,2025,10
2025-10-26 11:26:56.234686224,P019,L,S03,Winter,Senior,South,59,Yes,2025,10
2025-10-26 13:38:20.891740976,P005,S,S07,Summer,Adult,East,43,No,2025,10
2025-10-26 15:49:45.548795728,P013,L,S02,Winter,Senior,South,60,No,2025,10
2025-10-26 18:01:10.205850480,P019,L,S10,Spring,Teen,West,59,Yes,2025,10
2025-10-26 20:12:34.862905232,P012,L,S01,Spring,Adult,South,55,No,2025,10
2025-10-26 22:23:59.519960000,P016,L,S11,Spring,Senior,West,61,No,2025,10
2025-10-27 00:35:24.177014752,P025,S,S04,Winter,Senior,North,37,No,2025,10
2025-10-27 02:46:48.834069504,P025,L,S08,Autumn,Adult,East,49,No,2025,10
2025-10-27 04:58:13.491124256,P019,L,S06,Spring,Young Adult,North,55,No,2025,10
2025-10-27 07:09:38.148179008,P003,S,S09,Winter,Senior,East,47,No,2025,10
2025-10-27 09:21:02.805233760,P012,L,S01,Autumn,Teen,South,54,No,2025,10
2025-10-27 11:32:27.462288512,P030,L,S01,Winter,Young Adult,South,64,No,2025,10
2025-10-27 13:43:52.119343280,P005,L,S11,Winter,Young Adult,West,62,No,2025,10
2025-10-27 15:55:16.776398032,P002,S,S05,Spring,Adult,North,54,No,2025,10
2025-10-27 18:06:41.433452784,P022,L,S06,Autumn,Senior,North,52,No,2025,10
2025-10-27 20:18:06.090507536,P007,M,S08,Winter,Teen,East,64,No,2025,10
2025-10-27 22:29:30.747562288,P013,L,S03,Winter,Senior,South,65,No,2025,10
2025-10-28 00:40:55.404617040,P025,L,S06,Winter,Teen,North,62,No,2025,10
2025-10-28 02:52:20.061671808,P015,L,S03,Winter,Senior,South,59,No,2025,10
2025-10-28 05:03:44.718726560,P022,S,S08,Spring,Adult,East,49,No,2025,10
2025-10-28 07:15:09.375781312,P003,L,S12,Winter,Teen,West,53,Yes,2025,10
2025-10-28 09:26:34.032836064,P028,XXL,S11,Autumn,Adult,West,37,No,2025,10
2025-10-28 11:37:58.689890816,P021,M,S11,Summer,Senior,West,54,No,2025,10
2025-10-28 13:49:23.346945568,P020,XL,S04,Autumn,Teen,North,46,No,2025,10
2025-10-28 16:00:48.004000336,P005,L,S02,Winter,Teen,South,64,No,2025,10
2025-10-28 18:12:12.661055088,P024,L,S12,Winter,Senior,West,60,No,2025,10
2025-10-28 20:23:37.318109840,P008,M,S09,Autumn,Adult,East,60,No,2025,10
2025-10-28 22:35:01.975164592,P022,M,S10,Summer,Teen,West,70,No,2025,10
2025-10-29 00:46:26.632219344,P001,XL,S08,Spring,Teen,East,48,No,2025,10
2025-10-29 02:57:51.289274096,P008,M,S06,Summer,Teen,North,62,No,2025,10
2025-10-29 05:09:15.946328864,P024,S,S03,Summer,Senior,South,41,No,2025,10
2025-10-29 07:20:40.603383616,P018,L,S02,Summer,Young Adult,South,68,No,2025,10
2025-10-29 09:32:05.260438368,P020,S,S04,Autumn,Senior,North,29,No,2025,10
2025-10-29 11:43:29.917493120,P028,L,S04,Summer,Adult,North,55,No,2025,10
2025-10-29 13:54:54.574547872,P016,L,S01,Spring,Young Adult,South,68,No,2025,10
2025-10-29 16:06:19.231602624,P018,XL,S09,Winter,Teen,East,48,No,2025,10
2025-10-29 18:17:43.888657376,P020,L,S10,Autumn,Teen,West,49,No,2025,10
2025-10-29 20:29:08.545712144,P012,S,S08,Autumn,Young Adult,East,47,No,2025,10
2025-10-29 22:40:33.202766896,P013,M,S07,Summer,Teen,East,57,No,2025,10
2025-10-30 00:51:57.859821648,P013,L,S06,Winter,Teen,North,53,No,2025,10
2025-10-30 03:03:22.516876400,P010,M,S03,Winter,Senior,South,75,No,2025,10
2025-10-30 05:14:47.173931152,P007,XXL,S04,Winter,Senior,North,35,No,2025,10
2025-10-30 07:26:11.830985904,P025,L,S02,Autumn,Adult,South,61,No,2025,10
2025-10-30 09:37:36.488040672,P014,S,S07,Spring,Teen,East,48,No,2025,10
2025-10-30 11:49:01.145095424,P030,XL,S02,Winter,Adult,South,58,No,2025,10
2025-10-30 14:00:25.802150176,P024,S,S10,Autumn,Adult,West,43,No,2025,10
2025-10-30 16:11:50.459204928,P016,S,S01,Summer,Young Adult,South,55,No,2025,10
2025-10-30 18:23:15.116259680,P015,L,S06,Winter,Young Adult,North,68,No,2025,10
2025-10-30 20:34:39.773314432,P012,XL,S04,Summer,Teen,North,52,No,2025,10
2025-10-30 22:46:04.430369200,P009,L,S08,Winter,Young Adult,East,64,No,2025,10
2025-10-31 00:57:29.087423952,P008,M,S01,Summer,Adult,South,72,No,2025,10
2025-10-31 03:08:53.744478704,P018,M,S09,Autumn,Senior,East,54,No,2025,10
2025-10-31 05:20:18.401533456,P023,M,S06,Summer,Young Adult,North,64,No,2025,10
2025-10-31 07:31:43.058588208,P018,M,S02,Autumn,Adult,South,70,No,2025,10
2025-10-31 09:43:07.715642960,P013,M,S08,Summer,Young Adult,East,67,No,2025,10
2025-10-31 11:54:32.372697728,P028,L,S05,Summer,Teen,North,53,Yes,2025,10
2025-10-31 14:05:57.029752480,P027,XL,S05,Summer,Young Adult,North,50,No,2025,10
2025-10-31 16:17:21.686807232,P018,M,S05,Winter,Senior,North,61,No,2025,10
2025-10-31 18:28:46.343861984,P015,M,S07,Spring,Teen,East,51,No,2025,10
2025-10-31 20:40:11.000916736,P004,XL,S07,Spring,Young Adult,East,53,No,2025,10
2025-10-31 22:51:35.657971488,P017,L,S10,Winter,Senior,West,59,No,2025,10
2025-11-01 01:03:00.315026240,P005,XL,S11,Summer,Adult,West,46,No,2025,11
2025-11-01 03:14:24.972081008,P022,M,S07,Summer,Young Adult,East,72,No,2025,11
2025-11-01 05:25:49.629135760,P016,S,S12,Winter,Young Adult,West,56,No,2025,11
2025-11-01 07:37:14.286190512,P009,L,S10,Autumn,Adult,West,61,No,2025,11
2025-11-01 09:48:38.943245264,P010,L,S02,Autumn,Adult,South,57,No,2025,11
2025-11-01 12:00:03.600300016,P024,M,S08,Winter,Young Adult,East,63,No,2025,11
2025-11-01 14:11:28.257354768,P018,L,S01,Spring,Senior,South,53,No,2025,11
2025-11-01 16:22:52.914409536,P017,M,S02,Autumn,Adult,South,72,No,2025,11
2025-11-01 18:34:17.571464288,P018,M,S11,Winter,Adult,West,67,No,2025,11
2025-11-01 20:45:42.228519040,P007,L,S07,Autumn,Senior,East,57,No,2025,11
2025-11-01 22:57:06.885573792,P004,M,S04,Winter,Young Adult,North,77,No,2025,11
2025-11-02 01:08:31.542628544,P026,L,S11,Autumn,Teen,West,46,No,2025,11
2025-11-02 03:19:56.199683296,P005,M,S10,Autumn,Young Adult,West,59,No,2025,11
2025-11-02 05:31:20.856738064,P028,M,S10,Winter,Young Adult,West,73,No,2025,11
2025-11-02 07:42:45.513792816,P023,M,S09,Spring,Teen,East,49,No,2025,11
2025-11-02 09:54:10.170847568,P016,M,S11,Spring,Young Adult,West,73,No,2025,11
2025-11-02 12:05:34.827902320,P003,S,S09,Autumn,Young Adult,East,40,No,2025,11
2025-11-02 14:16:59.484957072,P026,L,S03,Autumn,Adult,South,62,No,2025,11
2025-11-02 16:28:24.142011824,P018,XL,S03,Spring,Senior,South,46,No,2025,11
2025-11-02 18:39:48.799066592,P029,M,S09,Winter,Young Adult,East,68,No,2025,11
2025-11-02 20:51:13.456121344,P023,S,S10,Summer,Teen,West,47,No,2025,11
2025-11-02 23:02:38.113176096,P021,XXL,S12,Autumn,Teen,West,23,No,2025,11
2025-11-03 01:14:02.770230848,P014,M,S08,Summer,Adult,East,70,No,2025,11
2025-11-03 03:25:27.427285600,P015,S,S01,Autumn,Young Adult,South,38,No,2025,11
2025-11-03 05:36:52.084340352,P017,M,S06,Spring,Young Adult,North,75,No,2025,11
2025-11-03 07:48:16.741395104,P001,L,S07,Winter,Young Adult,East,61,No,2025,11
2025-11-03 09:59:41.398449872,P025,M,S11,Autumn,Young Adult,West,69,No,2025,11
2025-11-03 12:11:06.055504624,P021,L,S08,Summer,Teen,East,48,No,2025,11
2025-11-03 14:22:30.712559376,P017,M,S12,Spring,Teen,West,71,No,2025,11
2025-11-03 16:33:55.369614128,P023,S,S12,Autumn,Adult,West,38,No,2025,11
2025-11-03 18:45:20.026668880,P025,M,S02,Winter,Young Adult,South,72,No,2025,11
2025-11-03 20:56:44.683723632,P011,L,S01,Autumn,Teen,South,62,No,2025,11
2025-11-03 23:08:09.340778400,P017,L,S04,Winter,Young Adult,North,69,No,2025,11
2025-11-04 01:19:33.997833152,P026,S,S01,Winter,Senior,South,43,No,2025,11
2025-11-04 03:30:58.654887904,P014,M,S02,Spring,Senior,South,66,No,2025,11
2025-11-04 05:42:23.311942656,P029,L,S03,Autumn,Teen,South,66,No,2025,11
2025-11-04 07:53:47.968997408,P020,XL,S04,Winter,Senior,North,38,No,2025,11
2025-11-04 10:05:12.626052160,P030,M,S12,Spring,Senior,West,66,No,2025,11
2025-11-04 12:16:37.283106928,P019,L,S12,Autumn,Teen,West,53,No,2025,11
2025-11-04 14:28:01.940161680,P021,M,S06,Winter,Adult,North,68,No,2025,11
2025-11-04 16:39:26.597216432,P007,M,S08,Spring,Senior,East,64,No,2025,11
2025-11-04 18:50:51.254271184,P024,S,S09,Autumn,Young Adult,East,36,No,2025,11
2025-11-04 21:02:15.911325936,P013,L,S04,Winter,Senior,North,52,No,2025,11
2025-11-04 23:13:40.568380688,P018,M,S01,Spring,Adult,South,72,No,2025,11
2025-11-05 01:25:05.225435456,P023,XL,S05,Spring,Adult,North,47,Yes,2025,11
2025-11-05 03:36:29.882490208,P030,L,S05,Autumn,Adult,North,54,No,2025,11
2025-11-05 05:47:54.539544960,P014,XL,S09,Spring,Adult,East,53,No,2025,11
2025-11-05 07:59:19.196599712,P001,M,S06,Autumn,Adult,North,70,No,2025,11
2025-11-05 10:10:43.853654464,P007,M,S05,Autumn,Senior,North,64,No,2025,11
2025-11-05 12:22:08.510709216,P008,XXL,S10,Winter,Senior,West,38,No,2025,11
2025-11-05 14:33:33.167763968,P018,L,S10,Autumn,Senior,West,60,No,2025,11
2025-11-05 16:44:57.824818736,P009,XL,S05,Spring,Senior,North,48,No,2025,11
2025-11-05 18:56:22.481873488,P001,S,S08,Autumn,Adult,East,46,No,2025,11
2025-11-05 21:07:47.138928240,P029,M,S11,Winter,Adult,West,74,No,2025,11
2025-11-05 23:19:11.795982992,P022,L,S01,Spring,Young Adult,South,63,No,2025,11
2025-11-06 01:30:36.453037744,P017,S,S05,Winter,Senior,North,45,No,2025,11
2025-11-06 03:42:01.110092496,P019,L,S01,Summer,Adult,South,57,Yes,2025,11
2025-11-06 05:53:25.767147264,P027,M,S07,Winter,Young Adult,East,73,No,2025,11
2025-11-06 08:04:50.424202016,P006,S,S07,Summer,Young Adult,East,50,No,2025,11
2025-11-06 10:16:15.081256768,P003,M,S10,Summer,Teen,West,59,No,2025,11
2025-11-06 12:27:39.738311520,P024,M,S08,Autumn,Senior,East,57,No,2025,11
2025-11-06 14:39:04.395366272,P005,S,S07,Spring,Adult,East,34,No,2025,11
2025-11-06 16:50:29.052421024,P002,L,S11,Autumn,Senior,West,60,No,2025,11
2025-11-06 19:01:53.709475792,P020,M,S09,Spring,Young Adult,East,62,No,2025,11
2025-11-06 21:13:18.366530544,P025,M,S08,Winter,Senior,East,67,No,2025,11
2025-11-06 23:24:43.023585296,P004,XL,S08,Summer,Teen,East,43,No,2025,11
2025-11-07 01:36:07.680640048,P010,M,S03,Summer,Teen,South,73,Yes,2025,11
2025-11-07 03:47:32.337694800,P010,M,S10,Summer,Adult,West,78,No,2025,11
2025-11-07 05:58:56.994749552,P024,L,S04,Winter,Adult,North,68,No,2025,11
2025-11-07 08:10:21.651804320,P021,XL,S04,Winter,Adult,North,41,No,2025,11
2025-11-07 10:21:46.308859072,P011,S,S01,Autumn,Adult,South,42,No,2025,11
2025-11-07 12:33:10.965913824,P027,M,S06,Autumn,Senior,North,69,No,2025,11
2025-11-07 14:44:35.622968576,P016,L,S02,Spring,Senior,South,58,No,2025,11
2025-11-07 16:56:00.280023328,P026,M,S09,Spring,Young Adult,East,64,No,2025,11
2025-11-07 19:07:24.937078080,P029,L,S01,Summer,Young Adult,South,68,No,2025,11
2025-11-07 21:18:49.594132848,P029,XXL,S01,Winter,Adult,South,53,No,2025,11
2025-11-07 23:30:14.251187600,P030,XL,S11,Winter,Senior,West,52,No,2025,11
2025-11-08 01:41:38.908242352,P017,M,S10,Autumn,Adult,West,70,No,2025,11
2025-11-08 03:53:03.565297104,P016,M,S11,Autumn,Young Adult,West,69,No,2025,11
2025-11-08 06:04:28.222351856,P007,XXL,S06,Spring,Senior,North,42,No,2025,11
2025-11-08 08:15:52.879406608,P016,M,S01,Spring,Adult,South,68,No,2025,11
2025-11-08 10:27:17.536461360,P003,M,S12,Autumn,Teen,West,61,No,2025,11
2025-11-08 12:38:42.193516128,P026,L,S03,Autumn,Young Adult,South,63,No,2025,11
2025-11-08 14:50:06.850570880,P016,M,S10,Winter,Teen,West,67,No,2025,11
2025-11-08 17:01:31.507625632,P008,M,S02,Spring,Teen,South,61,No,2025,11
2025-11-08 19:12:56.164680384,P030,XL,S11,Autumn,Senior,West,49,No,2025,11
2025-11-08 21:24:20.821735136,P012,M,S09,Autumn,Teen,East,53,Yes,2025,11
2025-11-08 23:35:45.478789888,P003,S,S05,Summer,Teen,North,43,No,2025,11
2025-11-09 01:47:10.135844656,P017,M,S06,Autumn,Adult,North,61,No,2025,11
2025-11-09 03:58:34.792899408,P021,L,S02,Autumn,Senior,South,51,No,2025,11
2025-11-09 06:09:59.449954160,P018,S,S08,Winter,Adult,East,41,No,2025,11
2025-11-09 08:21:24.107008912,P011,M,S06,Autumn,Adult,North,66,No,2025,11
2025-11-09 10:32:48.764063664,P004,L,S11,Spring,Adult,West,66,No,2025,11
2025-11-09 12:44:13.421118416,P016,XL,S12,Summer,Senior,West,49,No,2025,11
2025-11-09 14:55:38.078173184,P017,M,S08,Winter,Young Adult,East,69,No,2025,11
2025-11-09 17:07:02.735227936,P009,XL,S08,Spring,Senior,East,37,Yes,2025,11
2025-11-09 19:18:27.392282688,P006,M,S01,Summer,Adult,South,67,No,2025,11
2025-11-09 21:29:52.049337440,P024,L,S07,Summer,Young Adult,East,59,No,2025,11
2025-11-09 23:41:16.706392192,P027,M,S02,Autumn,Teen,South,59,No,2025,11
2025-11-10 01:52:41.363446944,P020,S,S11,Summer,Young Adult,West,46,No,2025,11
2025-11-10 04:04:06.020501712,P025,L,S08,Summer,Senior,East,59,No,2025,11
2025-11-10 06:15:30.677556464,P002,M,S12,Autumn,Adult,West,73,No,2025,11
2025-11-10 08:26:55.334611216,P009,M,S02,Winter,Teen,South,73,No,2025,11
2025-11-10 10:38:19.991665968,P028,M,S04,Autumn,Teen,North,62,No,2025,11
2025-11-10 12:49:44.648720720,P021,L,S02,Winter,Adult,South,68,No,2025,11
2025-11-10 15:01:09.305775472,P029,M,S07,Summer,Teen,East,70,No,2025,11
2025-11-10 17:12:33.962830224,P006,M,S05,Spring,Teen,North,53,No,2025,11
2025-11-10 19:23:58.619884992,P003,S,S11,Winter,Teen,West,42,No,2025,11
2025-11-10 21:35:23.276939744,P020,M,S11,Winter,Senior,West,68,No,2025,11
2025-11-10 23:46:47.933994496,P006,M,S09,Winter,Young Adult,East,67,No,2025,11
2025-11-11 01:58:12.591049248,P007,M,S05,Winter,Senior,North,75,No,2025,11
2025-11-11 04:09:37.248104000,P001,S,S11,Summer,Teen,West,50,Yes,2025,11
2025-11-11 06:21:01.905158752,P023,M,S08,Spring,Senior,East,57,No,2025,11
2025-11-11 08:32:26.562213520,P001,L,S02,Winter,Teen,South,70,No,2025,11
2025-11-11 10:43:51.219268272,P005,L,S03,Spring,Senior,South,52,No,2025,11
2025-11-11 12:55:15.876323024,P006,XL,S06,Summer,Young Adult,North,54,No,2025,11
2025-11-11 15:06:40.533377776,P013,S,S11,Winter,Adult,West,48,No,2025,11
2025-11-11 17:18:05.190432528,P002,XXL,S07,Spring,Young Adult,East,43,No,2025,11
2025-11-11 19:29:29.847487280,P015,M,S10,Winter,Senior,West,61,No,2025,11
2025-11-11 21:40:54.504542048,P015,XXL,S08,Winter,Senior,East,38,No,2025,11
2025-11-11 23:52:19.161596800,P013,M,S03,Summer,Young Adult,South,68,No,2025,11
2025-11-12 02:03:43.818651552,P026,M,S07,Winter,Senior,East,59,No,2025,11
2025-11-12 04:15:08.475706304,P025,M,S08,Spring,Adult,East,57,No,2025,11
2025-11-12 06:26:33.132761056,P014,M,S10,Spring,Adult,West,65,No,2025,11
2025-11-12 08:37:57.789815808,P026,XL,S06,Summer,Young Adult,North,44,No,2025,11
2025-11-12 10:49:22.446870576,P022,L,S04,Autumn,Teen,North,61,No,2025,11
2025-11-12 13:00:47.103925328,P007,XXL,S06,Autumn,Adult,North,33,No,2025,11
2025-11-12 15:12:11.760980080,P014,L,S09,Summer,Senior,East,52,Yes,2025,11
2025-11-12 17:23:36.418034832,P026,M,S03,Summer,Teen,South,58,No,2025,11
2025-11-12 19:35:01.075089584,P024,S,S02,Autumn,Adult,South,43,No,2025,11
2025-11-12 21:46:25.732144336,P027,XXL,S05,Autumn,Teen,North,42,No,2025,11
2025-11-12 23:57:50.389199088,P029,L,S07,Spring,Senior,East,59,No,2025,11
2025-11-13 02:09:15.046253856,P010,L,S03,Spring,Young Adult,South,60,No,2025,11
2025-11-13 04:20:39.703308608,P017,M,S05,Spring,Young Adult,North,64,No,2025,11
2025-11-13 06:32:04.360363360,P014,L,S04,Autumn,Senior,North,59,No,2025,11
2025-11-13 08:43:29.017418112,P008,XL,S11,Summer,Young Adult,West,48,No,2025,11
2025-11-13 10:54:53.674472864,P004,M,S07,Winter,Senior,East,70,No,2025,11
2025-11-13 13:06:18.331527616,P026,M,S02,Spring,Young Adult,South,66,No,2025,11
2025-11-13 15:17:42.988582384,P016,M,S12,Winter,Adult,West,72,No,2025,11
2025-11-13 17:29:07.645637136,P024,L,S11,Summer,Young Adult,West,64,No,2025,11
2025-11-13 19:40:32.302691888,P013,S,S07,Autumn,Teen,East,39,No,2025,11
2025-11-13 21:51:56.959746640,P022,S,S12,Spring,Young Adult,West,50,No,2025,11
2025-11-14 00:03:21.616801392,P027,M,S02,Autumn,Young Adult,South,74,No,2025,11
2025-11-14 02:14:46.273856144,P025,L,S03,Summer,Young Adult,South,64,No,2025,11
2025-11-14 04:26:10.930910912,P027,M,S05,Spring,Young Adult,North,75,No,2025,11
2025-11-14 06:37:35.587965664,P020,S,S07,Summer,Adult,East,46,No,2025,11
2025-11-14 08:49:00.245020416,P018,XXL,S06,Summer,Senior,North,32,No,2025,11
2025-11-14 11:00:24.902075168,P014,XXL,S12,Spring,Adult,West,45,No,2025,11
2025-11-14 13:11:49.559129920,P018,M,S07,Winter,Adult,East,73,Yes,2025,11
2025-11-14 15:23:14.216184672,P005,L,S11,Spring,Teen,West,51,No,2025,11
2025-11-14 17:34:38.873239440,P026,L,S06,Autumn,Senior,North,46,No,2025,11
2025-11-14 19:46:03.530294192,P009,M,S12,Winter,Senior,West,62,No,2025,11
2025-11-14 21:57:28.187348944,P028,M,S01,Spring,Teen,South,70,No,2025,11
2025-11-15 00:08:52.844403696,P003,M,S05,Spring,Senior,North,62,No,2025,11
2025-11-15 02:20:17.501458448,P008,M,S12,Spring,Young Adult,West,63,No,2025,11
2025-11-15 04:31:42.158513200,P020,M,S01,Spring,Senior,South,63,No,2025,11
2025-11-15 06:43:06.815567952,P022,XL,S07,Spring,Teen,East,45,No,2025,11
2025-11-15 08:54:31.472622720,P010,M,S04,Autumn,Teen,North,62,No,2025,11
2025-11-15 11:05:56.129677472,P022,L,S05,Summer,Teen,North,63,No,2025,11
2025-11-15 13:17:20.786732224,P019,M,S01,Autumn,Teen,South,54,No,2025,11
2025-11-15 15:28:45.443786976,P030,L,S08,Summer,Adult,East,58,No,2025,11
2025-11-15 17:40:10.100841728,P021,M,S04,Spring,Senior,North,60,No,2025,11
2025-11-15 19:51:34.757896480,P028,L,S03,Autumn,Adult,South,64,No,2025,11
2025-11-15 22:02:59.414951248,P003,L,S01,Summer,Teen,South,53,No,2025,11
2025-11-16 00:14:24.072006000,P011,L,S04,Summer,Teen,North,51,No,2025,11
2025-11-16 02:25:48.729060752,P011,M,S03,Spring,Adult,South,74,No,2025,11
2025-11-16 04:37:13.386115504,P017,L,S08,Spring,Young Adult,East,65,No,2025,11
2025-11-16 06:48:38.043170256,P016,XL,S09,Winter,Senior,East,50,No,2025,11
2025-11-16 09:00:02.700225008,P007,L,S12,Winter,Adult,West,70,No,2025,11
2025-11-16 11:11:27.357279776,P004,S,S05,Summer,Senior,North,42,No,2025,11
2025-11-16 13:22:52.014334528,P030,L,S09,Winter,Teen,East,55,No,2025,11
2025-11-16 15:34:16.671389280,P023,S,S01,Autumn,Teen,South,39,Yes,2025,11
2025-11-16 17:45:41.328444032,P019,XL,S07,Summer,Teen,East,51,No,2025,11
2025-11-16 19:57:05.985498784,P012,L,S11,Autumn,Senior,West,56,No,2025,11
2025-11-16 22:08:30.642553536,P015,M,S07,Winter,Senior,East,62,No,2025,11
2025-11-17 00:19:55.299608304,P011,S,S06,Autumn,Adult,North,38,No,2025,11
2025-11-17 02:31:19.956663056,P005,M,S04,Summer,Teen,North,65,No,2025,11
2025-11-17 04:42:44.613717808,P005,XL,S11,Autumn,Adult,West,46,No,2025,11
2025-11-17 06:54:09.270772560,P015,S,S09,Summer,Young Adult,East,49,No,2025,11
2025-11-17 09:05:33.927827312,P029,M,S03,Winter,Teen,South,76,No,2025,11
2025-11-17 11:16:58.584882064,P018,XL,S11,Summer,Teen,West,44,No,2025,11
2025-11-17 13:28:23.241936816,P011,M,S11,Winter,Young Adult,West,78,No,2025,11
2025-11-17 15:39:47.898991584,P026,M,S01,Spring,Adult,South,57,No,2025,11
2025-11-17 17:51:12.556046336,P012,L,S02,Winter,Senior,South,65,Yes,2025,11
2025-11-17 20:02:37.213101088,P002,M,S03,Summer,Teen,South,72,No,2025,11
2025-11-17 22:14:01.870155840,P020,M,S02,Summer,Senior,South,59,No,2025,11
2025-11-18 00:25:26.527210592,P015,S,S06,Spring,Teen,North,36,No,2025,11
2025-11-18 02:36:51.184265344,P020,L,S07,Spring,Teen,East,48,No,2025,11
2025-11-18 04:48:15.841320112,P004,XL,S05,Winter,Senior,North,46,No,2025,11
2025-11-18 06:59:40.498374864,P022,S,S05,Autumn,Teen,North,48,No,2025,11
2025-11-18 09:11:05.155429616,P018,M,S07,Autumn,Young Adult,East,67,No,2025,11
2025-11-18 11:22:29.812484368,P006,M,S06,Spring,Adult,North,57,No,2025,11
2025-11-18 13:33:54.469539120,P023,XL,S12,Winter,Young Adult,West,50,No,2025,11
2025-11-18 15:45:19.126593872,P027,M,S08,Spring,Adult,East,71,No,2025,11
2025-11-18 17:56:43.783648640,P026,XL,S09,Spring,Young Adult,East,40,No,2025,11
2025-11-18 20:08:08.440703392,P019,S,S02,Summer,Young Adult,South,50,No,2025,11
2025-11-18 22:19:33.097758144,P011,XL,S12,Summer,Adult,West,47,No,2025,11
2025-11-19 00:30:57.754812896,P028,L,S02,Summer,Teen,South,56,No,2025,11
2025-11-19 02:42:22.411867648,P024,L,S01,Spring,Senior,South,59,No,2025,11
2025-11-19 04:53:47.068922400,P002,M,S07,Winter,Senior,East,70,No,2025,11
2025-11-19 07:05:11.725977168,P027,L,S11,Autumn,Senior,West,52,No,2025,11
2025-11-19 09:16:36.383031920,P008,M,S04,Autumn,Teen,North,54,No,2025,11
2025-11-19 11:28:01.040086672,P029,S,S09,Summer,Young Adult,East,58,No,2025,11
2025-11-19 13:39:25.697141424,P011,M,S06,Winter,Young Adult,North,66,No,2025,11
2025-11-19 15:50:50.354196176,P005,XL,S12,Summer,Young Adult,West,46,No,2025,11
2025-11-19 18:02:15.011250928,P018,L,S07,Winter,Teen,East,59,Yes,2025,11
2025-11-19 20:13:39.668305680,P023,L,S07,Winter,Adult,East,62,No,2025,11
2025-11-19 22:25:04.325360448,P030,L,S08,Winter,Teen,East,66,No,2025,11
2025-11-20 00:36:28.982415200,P018,S,S04,Spring,Senior,North,41,No,2025,11
2025-11-20 02:47:53.639469952,P014,XL,S03,Winter,Young Adult,South,62,Yes,2025,11
2025-11-20 04:59:18.296524704,P022,L,S03,Spring,Teen,South,57,No,2025,11
2025-11-20 07:10:42.953579456,P010,L,S10,Autumn,Teen,West,61,No,2025,11
2025-11-20 09:22:07.610634208,P003,M,S08,Autumn,Teen,East,62,No,2025,11
2025-11-20 11:33:32.267688976,P009,XXL,S12,Spring,Adult,West,35,Yes,2025,11
2025-11-20 13:44:56.924743728,P003,XL,S03,Autumn,Young Adult,South,52,No,2025,11
2025-11-20 15:56:21.581798480,P011,L,S08,Autumn,Teen,East,60,No,2025,11
2025-11-20 18:07:46.238853232,P012,M,S02,Summer,Teen,South,68,No,2025,11
2025-11-20 20:19:10.895907984,P012,L,S05,Spring,Senior,North,54,Yes,2025,11
2025-11-20 22:30:35.552962736,P003,L,S05,Spring,Young Adult,North,51,No,2025,11
2025-11-21 00:42:00.210017504,P021,M,S07,Spring,Teen,East,60,No,2025,11
2025-11-21 02:53:24.867072256,P007,M,S05,Summer,Teen,North,62,No,2025,11
2025-11-21 05:04:49.524127008,P014,M,S09,Spring,Teen,East,58,No,2025,11
2025-11-21 07:16:14.181181760,P024,L,S03,Autumn,Teen,South,60,No,2025,11
2025-11-21 09:27:38.838236512,P028,M,S09,Winter,Young Adult,East,64,No,2025,11
2025-11-21 11:39:03.495291264,P011,M,S01,Summer,Teen,South,69,No,2025,11
2025-11-21 13:50:28.152346032,P007,L,S03,Summer,Adult,South,60,No,2025,11
2025-11-21 16:01:52.809400784,P025,L,S04,Spring,Teen,North,60,No,2025,11
2025-11-21 18:13:17.466455536,P021,S,S06,Winter,Adult,North,47,No,2025,11
2025-11-21 20:24:42.123510288,P010,M,S10,Winter,Young Adult,West,71,No,2025,11
2025-11-21 22:36:06.780565040,P011,XL,S08,Winter,Teen,East,54,No,2025,11
2025-11-22 00:47:31.437619792,P015,L,S07,Autumn,Senior,East,43,Yes,2025,11
2025-11-22 02:58:56.094674544,P019,M,S08,Winter,Adult,East,61,No,2025,11
2025-11-22 05:10:20.751729312,P016,XL,S06,Spring,Adult,North,46,No,2025,11
2025-11-22 07:21:45.408784064,P022,S,S06,Autumn,Teen,North,36,No,2025,11
2025-11-22 09:33:10.065838816,P021,XXL,S06,Winter,Senior,North,38,No,2025,11
2025-11-22 11:44:34.722893568,P028,M,S03,Spring,Senior,South,60,No,2025,11
2025-11-22 13:55:59.379948320,P020,S,S10,Autumn,Teen,West,41,No,2025,11
2025-11-22 16:07:24.037003072,P012,M,S04,Autumn,Young Adult,North,72,No,2025,11
2025-11-22 18:18:48.694057840,P018,M,S11,Winter,Young Adult,West,65,No,2025,11
2025-11-22 20:30:13.351112592,P023,L,S06,Autumn,Teen,North,49,No,2025,11
2025-11-22 22:41:38.008167344,P013,L,S07,Summer,Young Adult,East,55,No,2025,11
2025-11-23 00:53:02.665222096,P005,XL,S03,Spring,Senior,South,42,No,2025,11
2025-11-23 03:04:27.322276848,P004,M,S04,Winter,Young Adult,North,68,No,2025,11
2025-11-23 05:15:51.979331600,P028,M,S06,Spring,Young Adult,North,58,No,2025,11
2025-11-23 07:27:16.636386368,P014,S,S01,Spring,Young Adult,South,46,No,2025,11
2025-11-23 09:38:41.293441120,P008,S,S11,Summer,Teen,West,38,No,2025,11
2025-11-23 11:50:05.950495872,P009,L,S07,Autumn,Teen,East,53,Yes,2025,11
2025-11-23 14:01:30.607550624,P025,S,S11,Summer,Adult,West,41,No,2025,11
2025-11-23 16:12:55.264605376,P019,L,S01,Summer,Young Adult,South,64,No,2025,11
2025-11-23 18:24:19.921660128,P003,L,S11,Autumn,Teen,West,57,No,2025,11
2025-11-23 20:35:44.578714896,P005,M,S12,Winter,Senior,West,68,No,2025,11
2025-11-23 22:47:09.235769648,P021,L,S12,Spring,Adult,West,56,Yes,2025,11
2025-11-24 00:58:33.892824400,P026,M,S10,Winter,Senior,West,60,No,2025,11
2025-11-24 03:09:58.549879152,P018,M,S11,Winter,Young Adult,West,69,No,2025,11
2025-11-24 05:21:23.206933904,P001,L,S11,Summer,Senior,West,66,No,2025,11
2025-11-24 07:32:47.863988656,P008,M,S09,Autumn,Adult,East,65,No,2025,11
2025-11-24 09:44:12.521043408,P019,S,S10,Autumn,Young Adult,West,48,No,2025,11
2025-11-24 11:55:37.178098176,P017,L,S09,Spring,Teen,East,55,No,2025,11
2025-11-24 14:07:01.835152928,P017,M,S11,Autumn,Senior,West,72,No,2025,11
2025-11-24 16:18:26.492207680,P011,L,S09,Winter,Senior,East,62,Yes,2025,11
2025-11-24 18:29:51.149262432,P002,M,S04,Autumn,Adult,North,64,No,2025,11
2025-11-24 20:41:15.806317184,P006,M,S02,Autumn,Teen,South,61,No,2025,11
2025-11-24 22:52:40.463371936,P022,XL,S07,Winter,Young Adult,East,56,No,2025,11
2025-11-25 01:04:05.120426704,P014,L,S04,Spring,Young Adult,North,56,No,2025,11
2025-11-25 03:15:29.777481456,P003,S,S05,Spring,Young Adult,North,46,No,2025,11
2025-11-25 05:26:54.434536208,P012,M,S01,Winter,Adult,South,65,No,2025,11
2025-11-25 07:38:19.091590960,P004,XL,S11,Autumn,Senior,West,44,No,2025,11
2025-11-25 09:49:43.748645712,P012,S,S12,Autumn,Senior,West,44,No,2025,11
2025-11-25 12:01:08.405700464,P013,L,S10,Spring,Senior,West,47,No,2025,11
2025-11-25 14:12:33.062755232,P002,L,S06,Spring,Senior,North,63,No,2025,11
2025-11-25 16:23:57.719809984,P002,L,S12,Spring,Adult,West,57,No,2025,11
2025-11-25 18:35:22.376864736,P015,L,S07,Summer,Adult,East,61,No,2025,11
2025-11-25 20:46:47.033919488,P023,L,S03,Spring,Teen,South,53,No,2025,11
2025-11-25 22:58:11.690974240,P029,L,S10,Autumn,Adult,West,57,No,2025,11
2025-11-26 01:09:36.348028992,P017,XL,S02,Spring,Senior,South,54,No,2025,11
2025-11-26 03:21:01.005083760,P007,L,S12,Autumn,Young Adult,West,70,No,2025,11
2025-11-26 05:32:25.662138512,P030,M,S12,Autumn,Teen,West,64,No,2025,11
2025-11-26 07:43:50.319193264,P028,M,S10,Autumn,Young Adult,West,73,No,2025,11
2025-11-26 09:55:14.976248016,P014,L,S07,Spring,Young Adult,East,56,No,2025,11
2025-11-26 12:06:39.633302768,P012,XL,S01,Spring,Senior,South,50,No,2025,11
2025-11-26 14:18:04.290357520,P030,M,S02,Winter,Adult,South,70,No,2025,11
2025-11-26 16:29:28.947412272,P017,M,S03,Spring,Adult,South,71,No,2025,11
2025-11-26 18:40:53.604467040,P014,XL,S04,Spring,Adult,North,56,No,2025,11
2025-11-26 20:52:18.261521792,P006,L,S05,Spring,Senior,North,46,No,2025,11
2025-11-26 23:03:42.918576544,P019,M,S04,Summer,Senior,North,66,No,2025,11
2025-11-27 01:15:07.575631296,P024,L,S10,Spring,Young Adult,West,55,No,2025,11
2025-11-27 03:26:32.232686048,P006,XXL,S03,Summer,Teen,South,45,No,2025,11
2025-11-27 05:37:56.889740800,P027,XL,S01,Autumn,Adult,South,56,No,2025,11
2025-11-27 07:49:21.546795568,P018,L,S07,Autumn,Adult,East,53,No,2025,11
2025-11-27 10:00:46.203850320,P024,M,S12,Autumn,Teen,West,68,No,2025,11
2025-11-27 12:12:10.860905072,P005,XL,S10,Autumn,Young Adult,West,46,No,2025,11
2025-11-27 14:23:35.517959824,P024,L,S06,Summer,Young Adult,North,66,No,2025,11
2025-11-27 16:35:00.175014576,P024,XL,S02,Summer,Teen,South,50,No,2025,11
2025-11-27 18:46:24.832069328,P006,M,S02,Autumn,Adult,South,70,No,2025,11
2025-11-27 20:57:49.489124096,P002,S,S03,Spring,Senior,South,41,No,2025,11
2025-11-27 23:09:14.146178848,P008,M,S08,Autumn,Senior,East,51,No,2025,11
2025-11-28 01:20:38.803233600,P015,M,S08,Autumn,Teen,East,58,No,2025,11
2025-11-28 03:32:03.460288352,P015,L,S10,Summer,Adult,West,56,No,2025,11
2025-11-28 05:43:28.117343104,P011,XXL,S10,Autumn,Teen,West,30,No,2025,11
2025-11-28 07:54:52.774397856,P022,L,S10,Summer,Young Adult,West,74,No,2025,11
2025-11-28 10:06:17.431452624,P022,XL,S12,Winter,Young Adult,West,53,No,2025,11
2025-11-28 12:17:42.088507376,P024,M,S10,Summer,Senior,West,69,No,2025,11
2025-11-28 14:29:06.745562128,P001,L,S11,Autumn,Young Adult,West,63,No,2025,11
2025-11-28 16:40:31.402616880,P018,XL,S12,Spring,Young Adult,West,51,No,2025,11
2025-11-28 18:51:56.059671632,P012,L,S08,Summer,Teen,East,58,No,2025,11
2025-11-28 21:03:20.716726384,P012,L,S07,Summer,Teen,East,62,No,2025,11
2025-11-28 23:14:45.373781152,P025,L,S02,Summer,Adult,South,56,Yes,2025,11
2025-11-29 01:26:10.030835904,P011,L,S01,Autumn,Teen,South,50,No,2025,11
2025-11-29 03:37:34.687890656,P028,M,S06,Autumn,Adult,North,63,No,2025,11
2025-11-29 05:48:59.344945408,P008,XL,S11,Summer,Senior,West,49,No,2025,11
2025-11-29 08:00:24.002000160,P028,XXL,S08,Spring,Teen,East,36,No,2025,11
2025-11-29 10:11:48.659054912,P007,M,S01,Autumn,Teen,South,62,No,2025,11
2025-11-29 12:23:13.316109664,P023,L,S03,Spring,Teen,South,60,No,2025,11
2025-11-29 14:34:37.973164432,P021,L,S01,Winter,Senior,South,60,No,2025,11
2025-11-29 16:46:02.630219184,P002,L,S10,Spring,Teen,West,59,Yes,2025,11
2025-11-29 18:57:27.287273936,P011,L,S09,Autumn,Young Adult,East,52,No,2025,11
2025-11-29 21:08:51.944328688,P022,XL,S07,Summer,Teen,East,51,No,2025,11
2025-11-29 23:20:16.601383440,P010,M,S08,Winter,Adult,East,65,No,2025,11
2025-11-30 01:31:41.258438192,P003,S,S09,Spring,Young Adult,East,46,No,2025,11
2025-11-30 03:43:05.915492960,P020,XL,S03,Summer,Teen,South,53,No,2025,11
2025-11-30 05:54:30.572547712,P029,L,S10,Winter,Teen,West,64,No,2025,11
2025-11-30 08:05:55.229602464,P010,XL,S11,Spring,Senior,West,48,Yes,2025,11
2025-11-30 10:17:19.886657216,P028,S,S02,Summer,Adult,South,44,No,2025,11
2025-11-30 12:28:44.543711968,P027,S,S06,Winter,Young Adult,North,56,No,2025,11
2025-11-30 14:40:09.200766720,P018,XL,S05,Autumn,Young Adult,North,44,No,2025,11
2025-11-30 16:51:33.857821488,P014,S,S04,Spring,Senior,North,46,No,2025,11
2025-11-30 19:02:58.514876240,P018,XL,S06,Spring,Young Adult,North,54,No,2025,11
2025-11-30 21:14:23.171930992,P028,XL,S06,Winter,Young Adult,North,47,No,2025,11
2025-11-30 23:25:47.828985744,P024,L,S12,Spring,Adult,West,58,No,2025,11
2025-12-01 01:37:12.486040496,P008,S,S03,Summer,Teen,South,45,Yes,2025,12
2025-12-01 03:48:37.143095248,P010,L,S02,Spring,Teen,South,55,No,2025,12
2025-12-01 06:00:01.800150016,P022,XL,S09,Spring,Young Adult,East,45,No,2025,12
2025-12-01 08:11:26.457204768,P013,M,S08,Summer,Adult,East,58,No,2025,12
2025-12-01 10:22:51.114259520,P021,M,S04,Summer,Senior,North,56,No,2025,12
2025-12-01 12:34:15.771314272,P008,M,S06,Autumn,Teen,North,54,No,2025,12
2025-12-01 14:45:40.428369024,P004,S,S03,Summer,Young Adult,South,60,No,2025,12
2025-12-01 16:57:05.085423776,P027,XL,S11,Spring,Young Adult,West,53,No,2025,12
2025-12-01 19:08:29.742478528,P004,XL,S08,Winter,Adult,East,47,No,2025,12
2025-12-01 21:19:54.399533296,P005,XXL,S03,Spring,Adult,South,32,No,2025,12
2025-12-01 23:31:19.056588048,P001,L,S02,Autumn,Adult,South,67,No,2025,12
2025-12-02 01:42:43.713642800,P017,L,S07,Winter,Young Adult,East,66,Yes,2025,12
2025-12-02 03:54:08.370697552,P002,M,S03,Autumn,Adult,South,68,No,2025,12
2025-12-02 06:05:33.027752304,P030,L,S09,Spring,Young Adult,East,63,No,2025,12
2025-12-02 08:16:57.684807056,P008,L,S03,Summer,Teen,South,52,No,2025,12
2025-12-02 10:28:22.341861824,P007,XL,S08,Winter,Young Adult,East,55,No,2025,12
2025-12-02 12:39:46.998916576,P015,XL,S02,Spring,Young Adult,South,57,No,2025,12
2025-12-02 14:51:11.655971328,P026,XL,S09,Winter,Teen,East,45,No,2025,12
2025-12-02 17:02:36.313026080,P025,XL,S01,Autumn,Adult,South,56,Yes,2025,12
2025-12-02 19:14:00.970080832,P005,XL,S12,Spring,Adult,West,46,No,2025,12
2025-12-02 21:25:25.627135584,P002,S,S03,Winter,Young Adult,South,51,No,2025,12
2025-12-02 23:36:50.284190352,P007,XL,S11,Spring,Young Adult,West,52,No,2025,12
2025-12-03 01:48:14.941245104,P008,L,S02,Spring,Teen,South,60,No,2025,12
2025-12-03 03:59:39.598299856,P028,M,S12,Autumn,Adult,West,63,No,2025,12
2025-12-03 06:11:04.255354608,P007,S,S07,Autumn,Teen,East,39,No,2025,12
2025-12-03 08:22:28.912409360,P030,L,S05,Autumn,Young Adult,North,64,No,2025,12
2025-12-03 10:33:53.569464112,P007,M,S08,Summer,Young Adult,East,66,No,2025,12
2025-12-03 12:45:18.226518880,P028,M,S02,Winter,Teen,South,61,No,2025,12
2025-12-03 14:56:42.883573632,P014,L,S08,Autumn,Teen,East,59,Yes,2025,12
2025-12-03 17:08:07.540628384,P021,XL,S07,Summer,Senior,East,40,No,2025,12
2025-12-03 19:19:32.197683136,P018,XL,S12,Summer,Senior,West,55,No,2025,12
2025-12-03 21:30:56.854737888,P006,M,S11,Winter,Adult,West,77,No,2025,12
2025-12-03 23:42:21.511792640,P004,M,S05,Winter,Teen,North,73,No,2025,12
2025-12-04 01:53:46.168847392,P010,M,S02,Autumn,Adult,South,70,No,2025,12
2025-12-04 04:05:10.825902160,P018,M,S10,Summer,Senior,West,62,No,2025,12
2025-12-04 06:16:35.482956912,P012,S,S11,Winter,Adult,West,58,No,2025,12
2025-12-04 08:28:00.140011664,P016,XXL,S07,Winter,Senior,East,40,No,2025,12
2025-12-04 10:39:24.797066416,P025,L,S10,Winter,Teen,West,65,No,2025,12
2025-12-04 12:50:49.454121168,P007,S,S04,Winter,Teen,North,48,No,2025,12
2025-12-04 15:02:14.111175920,P006,M,S04,Summer,Adult,North,67,No,2025,12
2025-12-04 17:13:38.768230688,P028,L,S08,Spring,Teen,East,59,No,2025,12
2025-12-04 19:25:03.425285440,P005,L,S06,Winter,Adult,North,52,No,2025,12
2025-12-04 21:36:28.082340192,P003,S,S09,Summer,Adult,East,41,No,2025,12
2025-12-04 23:47:52.739394944,P012,XXL,S11,Winter,Senior,West,34,No,2025,12
2025-12-05 01:59:17.396449696,P015,M,S02,Summer,Young Adult,South,73,No,2025,12
2025-12-05 04:10:42.053504448,P010,S,S05,Autumn,Adult,North,52,Yes,2025,12
2025-12-05 06:22:06.710559216,P026,S,S06,Spring,Senior,North,29,No,2025,12
2025-12-05 08:33:31.367613968,P020,L,S08,Summer,Senior,East,47,No,2025,12
2025-12-05 10:44:56.024668720,P019,S,S04,Summer,Senior,North,36,No,2025,12
2025-12-05 12:56:20.681723472,P016,S,S11,Summer,Young Adult,West,57,No,2025,12
2025-12-05 15:07:45.338778224,P028,M,S07,Winter,Teen,East,58,No,2025,12
2025-12-05 17:19:09.995832976,P011,L,S11,Autumn,Adult,West,53,No,2025,12
2025-12-05 19:30:34.652887744,P008,S,S07,Winter,Adult,East,45,No,2025,12
2025-12-05 21:41:59.309942496,P003,M,S04,Autumn,Teen,North,64,No,2025,12
2025-12-05 23:53:23.966997248,P023,M,S01,Spring,Teen,South,54,No,2025,12
2025-12-06 02:04:48.624052000,P007,M,S03,Winter,Senior,South,66,No,2025,12
2025-12-06 04:16:13.281106752,P023,L,S02,Summer,Senior,South,51,No,2025,12
2025-12-06 06:27:37.938161504,P029,S,S12,Spring,Teen,West,49,No,2025,12
2025-12-06 08:39:02.595216256,P007,S,S03,Winter,Adult,South,52,No,2025,12
2025-12-06 10:50:27.252271024,P014,L,S05,Autumn,Teen,North,50,No,2025,12
2025-12-06 13:01:51.909325776,P002,M,S11,Winter,Teen,West,69,No,2025,12
2025-12-06 15:13:16.566380528,P010,S,S12,Winter,Young Adult,West,59,No,2025,12
2025-12-06 17:24:41.223435280,P019,M,S01,Summer,Young Adult,South,64,No,2025,12
2025-12-06 19:36:05.880490032,P026,XL,S05,Summer,Senior,North,49,Yes,2025,12
2025-12-06 21:47:30.537544784,P009,L,S02,Spring,Senior,South,57,No,2025,12
2025-12-06 23:58:55.194599552,P016,XL,S04,Summer,Adult,North,47,Yes,2025,12
2025-12-07 02:10:19.851654304,P019,XL,S06,Winter,Teen,North,44,No,2025,12
2025-12-07 04:21:44.508709056,P018,XXL,S09,Winter,Teen,East,31,No,2025,12
2025-12-07 06:33:09.165763808,P009,L,S10,Autumn,Young Adult,West,58,No,2025,12
2025-12-07 08:44:33.822818560,P016,L,S06,Winter,Adult,North,66,No,2025,12
2025-12-07 10:55:58.479873312,P013,M,S10,Spring,Teen,West,66,No,2025,12
2025-12-07 13:07:23.136928080,P010,M,S11,Spring,Adult,West,69,No,2025,12
2025-12-07 15:18:47.793982832,P025,L,S12,Summer,Young Adult,West,59,No,2025,12
2025-12-07 17:30:12.451037584,P020,XXL,S02,Autumn,Teen,South,26,Yes,2025,12
2025-12-07 19:41:37.108092336,P014,M,S08,Winter,Young Adult,East,64,No,2025,12
2025-12-07 21:53:01.765147088,P012,L,S05,Summer,Young Adult,North,57,No,2025,12
2025-12-08 00:04:26.422201840,P025,M,S09,Winter,Young Adult,East,65,No,2025,12
2025-12-08 02:15:51.079256608,P019,M,S10,Spring,Teen,West,64,No,2025,12
2025-12-08 04:27:15.736311360,P007,M,S09,Spring,Adult,East,67,No,2025,12
2025-12-08 06:38:40.393366112,P023,L,S04,Autumn,Teen,North,44,No,2025,12
2025-12-08 08:50:05.050420864,P015,M,S01,Winter,Young Adult,South,73,No,2025,12
2025-12-08 11:01:29.707475616,P016,L,S11,Winter,Senior,West,58,No,2025,12
2025-12-08 13:12:54.364530368,P027,XL,S09,Spring,Adult,East,51,No,2025,12
2025-12-08 15:24:19.021585120,P008,XL,S09,Autumn,Senior,East,35,No,2025,12
2025-12-08 17:35:43.678639888,P010,M,S08,Summer,Young Adult,East,68,No,2025,12
2025-12-08 19:47:08.335694640,P004,XL,S05,Autumn,Teen,North,44,No,2025,12
2025-12-08 21:58:32.992749392,P019,M,S05,Summer,Adult,North,63,No,2025,12
2025-12-09 00:09:57.649804144,P019,M,S10,Summer,Senior,West,68,No,2025,12
2025-12-09 02:21:22.306858896,P028,L,S06,Spring,Teen,North,58,No,2025,12
2025-12-09 04:32:46.963913648,P021,M,S01,Summer,Adult,South,68,No,2025,12
2025-12-09 06:44:11.620968416,P027,S,S09,Winter,Young Adult,East,51,No,2025,12
2025-12-09 08:55:36.278023168,P015,M,S05,Spring,Young Adult,North,68,No,2025,12
2025-12-09 11:07:00.935077920,P014,L,S07,Autumn,Young Adult,East,64,No,2025,12
2025-12-09 13:18:25.592132672,P001,M,S11,Autumn,Teen,West,71,No,2025,12
2025-12-09 15:29:50.249187424,P016,L,S08,Summer,Teen,East,60,No,2025,12
2025-12-09 17:41:14.906242176,P010,L,S05,Winter,Young Adult,North,76,No,2025,12
2025-12-09 19:52:39.563296944,P019,L,S03,Autumn,Young Adult,South,55,No,2025,12
2025-12-09 22:04:04.220351696,P030,XL,S06,Summer,Adult,North,57,No,2025,12
2025-12-10 00:15:28.877406448,P022,M,S07,Autumn,Senior,East,59,No,2025,12
2025-12-10 02:26:53.534461200,P003,M,S04,Winter,Adult,North,74,No,2025,12
2025-12-10 04:38:18.191515952,P005,M,S09,Summer,Senior,East,63,Yes,2025,12
2025-12-10 06:49:42.848570704,P009,M,S11,Winter,Teen,West,72,No,2025,12
2025-12-10 09:01:07.505625472,P018,L,S04,Summer,Adult,North,63,No,2025,12
2025-12-10 11:12:32.162680224,P011,S,S11,Winter,Teen,West,50,No,2025,12
2025-12-10 13:23:56.819734976,P016,M,S10,Autumn,Teen,West,57,No,2025,12
2025-12-10 15:35:21.476789728,P002,L,S02,Autumn,Senior,South,54,No,2025,12
2025-12-10 17:46:46.133844480,P012,L,S09,Winter,Senior,East,62,No,2025,12
2025-12-10 19:58:10.790899232,P022,L,S04,Autumn,Adult,North,64,No,2025,12
2025-12-10 22:09:35.447953984,P006,XL,S04,Autumn,Adult,North,45,No,2025,12
2025-12-11 00:21:00.105008752,P011,L,S10,Summer,Adult,West,67,No,2025,12
2025-12-11 02:32:24.762063504,P027,L,S01,Winter,Senior,South,63,No,2025,12
2025-12-11 04:43:49.419118256,P008,M,S02,Summer,Young Adult,South,63,No,2025,12
2025-12-11 06:55:14.076173008,P012,XXL,S12,Autumn,Young Adult,West,32,No,2025,12
2025-12-11 09:06:38.733227760,P029,L,S03,Autumn,Senior,South,57,No,2025,12
2025-12-11 11:18:03.390282512,P027,M,S07,Spring,Adult,East,67,No,2025,12
2025-12-11 13:29:28.047337280,P030,M,S12,Winter,Young Adult,West,68,No,2025,12
2025-12-11 15:40:52.704392032,P002,L,S09,Winter,Teen,East,63,No,2025,12
2025-12-11 17:52:17.361446784,P009,XL,S12,Summer,Young Adult,West,62,Yes,2025,12
2025-12-11 20:03:42.018501536,P015,M,S05,Winter,Young Adult,North,66,No,2025,12
2025-12-11 22:15:06.675556288,P002,S,S04,Summer,Senior,North,51,No,2025,12
2025-12-12 00:26:31.332611040,P029,XL,S02,Autumn,Senior,South,45,Yes,2025,12
2025-12-12 02:37:55.989665808,P001,XL,S12,Spring,Young Adult,West,58,No,2025,12
2025-12-12 04:49:20.646720560,P010,M,S07,Autumn,Teen,East,65,No,2025,12
2025-12-12 07:00:45.303775312,P002,M,S06,Summer,Teen,North,69,No,2025,12
2025-12-12 09:12:09.960830064,P012,L,S12,Summer,Adult,West,69,No,2025,12
2025-12-12 11:23:34.617884816,P023,M,S12,Spring,Young Adult,West,69,No,2025,12
2025-12-12 13:34:59.274939568,P008,XL,S07,Autumn,Young Adult,East,49,No,2025,12
2025-12-12 15:46:23.931994336,P005,S,S08,Winter,Teen,East,45,No,2025,12
2025-12-12 17:57:48.589049088,P022,S,S09,Spring,Senior,East,35,No,2025,12
2025-12-12 20:09:13.246103840,P028,M,S10,Winter,Young Adult,West,73,No,2025,12
2025-12-12 22:20:37.903158592,P001,M,S05,Autumn,Teen,North,69,No,2025,12
2025-12-13 00:32:02.560213344,P015,S,S11,Spring,Young Adult,West,42,No,2025,12
2025-12-13 02:43:27.217268096,P006,S,S05,Autumn,Senior,North,44,No,2025,12
2025-12-13 04:54:51.874322848,P012,L,S04,Autumn,Adult,North,63,No,2025,12
2025-12-13 07:06:16.531377616,P008,M,S11,Winter,Senior,West,61,No,2025,12
2025-12-13 09:17:41.188432368,P013,XL,S03,Winter,Senior,South,44,Yes,2025,12
2025-12-13 11:29:05.845487120,P019,M,S07,Winter,Teen,East,59,No,2025,12
2025-12-13 13:40:30.502541872,P027,L,S05,Autumn,Teen,North,55,No,2025,12
2025-12-13 15:51:55.159596624,P001,M,S07,Summer,Senior,East,60,No,2025,12
2025-12-13 18:03:19.816651376,P011,M,S02,Autumn,Teen,South,56,No,2025,12
2025-12-13 20:14:44.473706144,P020,L,S09,Summer,Senior,East,50,No,2025,12
2025-12-13 22:26:09.130760896,P001,L,S09,Spring,Senior,East,58,No,2025,12
2025-12-14 00:37:33.787815648,P030,L,S09,Winter,Young Adult,East,65,No,2025,12
2025-12-14 02:48:58.444870400,P008,L,S05,Winter,Senior,North,62,No,2025,12
2025-12-14 05:00:23.101925152,P005,L,S10,Autumn,Adult,West,60,No,2025,12
2025-12-14 07:11:47.758979904,P017,M,S12,Summer,Teen,West,71,No,2025,12
2025-12-14 09:23:12.416034672,P030,XL,S09,Spring,Adult,East,52,No,2025,12
2025-12-14 11:34:37.073089424,P008,L,S01,Autumn,Teen,South,51,No,2025,12
2025-12-14 13:46:01.730144176,P025,XXL,S02,Spring,Senior,South,41,No,2025,12
2025-12-14 15:57:26.387198928,P010,XL,S10,Summer,Adult,West,59,No,2025,12
2025-12-14 18:08:51.044253680,P002,S,S05,Winter,Young Adult,North,61,No,2025,12
2025-12-14 20:20:15.701308432,P009,M,S05,Winter,Senior,North,58,No,2025,12
2025-12-14 22:31:40.358363200,P024,L,S06,Summer,Senior,North,51,No,2025,12
2025-12-15 00:43:05.015417952,P023,L,S08,Winter,Senior,East,53,No,2025,12
2025-12-15 02:54:29.672472704,P003,L,S12,Autumn,Young Adult,West,60,No,2025,12
2025-12-15 05:05:54.329527456,P018,L,S01,Summer,Adult,South,59,No,2025,12
2025-12-15 07:17:18.986582208,P007,M,S10,Winter,Senior,West,73,No,2025,12
2025-12-15 09:28:43.643636960,P015,M,S12,Summer,Adult,West,70,No,2025,12
2025-12-15 11:40:08.300691712,P021,S,S09,Spring,Senior,East,29,No,2025,12
2025-12-15 13:51:32.957746480,P022,L,S04,Autumn,Senior,North,61,No,2025,12
2025-12-15 16:02:57.614801232,P020,L,S08,Autumn,Senior,East,42,No,2025,12
2025-12-15 18:14:22.271855984,P018,M,S12,Autumn,Young Adult,West,73,No,2025,12
2025-12-15 20:25:46.928910736,P025,L,S12,Winter,Senior,West,57,No,2025,12
2025-12-15 22:37:11.585965488,P003,S,S05,Spring,Adult,North,36,No,2025,12
2025-12-16 00:48:36.243020240,P028,S,S01,Winter,Senior,South,50,No,2025,12
2025-12-16 03:00:00.900075008,P030,L,S09,Winter,Adult,East,63,No,2025,12
2025-12-16 05:11:25.557129760,P023,M,S08,Summer,Adult,East,63,No,2025,12
2025-12-16 07:22:50.214184512,P014,L,S05,Autumn,Teen,North,58,Yes,2025,12
2025-12-16 09:34:14.871239264,P024,XL,S11,Winter,Adult,West,55,No,2025,12
2025-12-16 11:45:39.528294016,P002,XL,S04,Autumn,Teen,North,52,No,2025,12
2025-12-16 13:57:04.185348768,P014,M,S08,Spring,Young Adult,East,61,No,2025,12
2025-12-16 16:08:28.842403536,P022,M,S09,Spring,Senior,East,57,No,2025,12
2025-12-16 18:19:53.499458288,P011,L,S07,Autumn,Young Adult,East,62,No,2025,12
2025-12-16 20:31:18.156513040,P016,L,S04,Autumn,Young Adult,North,63,No,2025,12
2025-12-16 22:42:42.813567792,P008,L,S07,Spring,Adult,East,55,No,2025,12
2025-12-17 00:54:07.470622544,P007,M,S06,Spring,Senior,North,70,No,2025,12
2025-12-17 03:05:32.127677296,P011,M,S11,Winter,Senior,West,60,No,2025,12
2025-12-17 05:16:56.784732064,P003,L,S12,Spring,Young Adult,West,59,No,2025,12
2025-12-17 07:28:21.441786816,P017,L,S03,Winter,Teen,South,61,No,2025,12
2025-12-17 09:39:46.098841568,P014,M,S10,Spring,Teen,West,65,No,2025,12
2025-12-17 11:51:10.755896320,P006,S,S03,Winter,Adult,South,54,No,2025,12
2025-12-17 14:02:35.412951072,P008,L,S01,Summer,Teen,South,62,No,2025,12
2025-12-17 16:14:00.070005824,P022,M,S05,Summer,Teen,North,73,No,2025,12
2025-12-17 18:25:24.727060576,P005,M,S08,Winter,Young Adult,East,70,No,2025,12
2025-12-17 20:36:49.384115344,P027,S,S12,Autumn,Teen,West,51,No,2025,12
2025-12-17 22:48:14.041170096,P028,M,S06,Summer,Senior,North,66,No,2025,12
2025-12-18 00:59:38.698224848,P008,L,S08,Spring,Young Adult,East,51,No,2025,12
2025-12-18 03:11:03.355279600,P002,M,S07,Autumn,Young Adult,East,65,No,2025,12
2025-12-18 05:22:28.012334352,P015,S,S02,Spring,Teen,South,38,No,2025,12
2025-12-18 07:33:52.669389104,P012,S,S08,Summer,Senior,East,36,No,2025,12
2025-12-18 09:45:17.326443872,P017,M,S04,Spring,Senior,North,65,No,2025,12
2025-12-18 11:56:41.983498624,P001,L,S11,Winter,Teen,West,61,No,2025,12
2025-12-18 14:08:06.640553376,P015,S,S05,Autumn,Senior,North,34,No,2025,12
2025-12-18 16:19:31.297608128,P014,L,S11,Summer,Adult,West,65,No,2025,12
2025-12-18 18:30:55.954662880,P020,S,S08,Autumn,Adult,East,45,No,2025,12
2025-12-18 20:42:20.611717632,P022,M,S05,Winter,Teen,North,68,No,2025,12
2025-12-18 22:53:45.268772400,P016,M,S05,Summer,Young Adult,North,71,No,2025,12
2025-12-19 01:05:09.925827152,P029,S,S06,Spring,Young Adult,North,46,No,2025,12
2025-12-19 03:16:34.582881904,P009,L,S07,Autumn,Senior,East,50,No,2025,12
2025-12-19 05:27:59.239936656,P001,M,S09,Summer,Adult,East,65,No,2025,12
2025-12-19 07:39:23.896991408,P028,XL,S11,Summer,Young Adult,West,61,No,2025,12
2025-12-19 09:50:48.554046160,P017,S,S07,Winter,Senior,East,45,No,2025,12
2025-12-19 12:02:13.211100928,P029,S,S06,Summer,Adult,North,48,No,2025,12
2025-12-19 14:13:37.868155680,P013,M,S12,Summer,Young Adult,West,75,No,2025,12
2025-12-19 16:25:02.525210432,P021,L,S10,Winter,Senior,West,51,No,2025,12
2025-12-19 18:36:27.182265184,P026,M,S04,Spring,Teen,North,58,No,2025,12
2025-12-19 20:47:51.839319936,P021,M,S11,Spring,Teen,West,52,No,2025,12
2025-12-19 22:59:16.496374688,P005,M,S10,Summer,Young Adult,West,68,No,2025,12
2025-12-20 01:10:41.153429440,P010,S,S12,Spring,Senior,West,47,No,2025,12
2025-12-20 03:22:05.810484208,P006,XL,S02,Winter,Adult,South,54,No,2025,12
2025-12-20 05:33:30.467538960,P024,L,S11,Spring,Teen,West,52,No,2025,12
2025-12-20 07:44:55.124593712,P019,L,S11,Summer,Adult,West,65,No,2025,12
2025-12-20 09:56:19.781648464,P025,L,S09,Winter,Senior,East,52,No,2025,12
2025-12-20 12:07:44.438703216,P013,L,S10,Spring,Teen,West,60,No,2025,12
2025-12-20 14:19:09.095757968,P001,S,S11,Autumn,Young Adult,West,47,No,2025,12
2025-12-20 16:30:33.752812736,P020,L,S05,Autumn,Teen,North,51,No,2025,12
2025-12-20 18:41:58.409867488,P025,M,S05,Winter,Young Adult,North,71,No,2025,12
2025-12-20 20:53:23.066922240,P015,M,S11,Spring,Adult,West,67,No,2025,12
2025-12-20 23:04:47.723976992,P014,L,S12,Summer,Teen,West,59,No,2025,12
2025-12-21 01:16:12.381031744,P008,L,S03,Autumn,Senior,South,56,No,2025,12
2025-12-21 03:27:37.038086496,P010,L,S03,Spring,Adult,South,69,No,2025,12
2025-12-21 05:39:01.695141264,P009,L,S01,Spring,Adult,South,62,No,2025,12
2025-12-21 07:50:26.352196016,P017,S,S12,Summer,Young Adult,West,61,No,2025,12
2025-12-21 10:01:51.009250768,P009,M,S11,Summer,Senior,West,66,No,2025,12
2025-12-21 12:13:15.666305520,P003,S,S05,Spring,Adult,North,40,No,2025,12
2025-12-21 14:24:40.323360272,P011,L,S03,Summer,Teen,South,58,No,2025,12
2025-12-21 16:36:04.980415024,P012,XXL,S11,Winter,Young Adult,West,48,No,2025,12
2025-12-21 18:47:29.637469792,P010,M,S02,Autumn,Senior,South,61,No,2025,12
2025-12-21 20:58:54.294524544,P025,S,S11,Autumn,Young Adult,West,39,Yes,2025,12
2025-12-21 23:10:18.951579296,P017,M,S09,Spring,Young Adult,East,65,No,2025,12
2025-12-22 01:21:43.608634048,P017,XL,S10,Spring,Adult,West,47,No,2025,12
2025-12-22 03:33:08.265688800,P025,L,S06,Summer,Teen,North,62,No,2025,12
2025-12-22 05:44:32.922743552,P011,S,S03,Autumn,Teen,South,47,No,2025,12
2025-12-22 07:55:57.579798304,P030,XXL,S07,Summer,Senior,East,27,No,2025,12
2025-12-22 10:07:22.236853072,P022,XL,S12,Spring,Senior,West,54,No,2025,12
2025-12-22 12:18:46.893907824,P004,S,S09,Spring,Teen,East,49,No,2025,12
2025-12-22 14:30:11.550962576,P007,XL,S09,Spring,Young Adult,East,50,No,2025,12
2025-12-22 16:41:36.208017328,P021,M,S01,Spring,Young Adult,South,67,No,2025,12
2025-12-22 18:53:00.865072080,P026,M,S02,Spring,Teen,South,56,No,2025,12
2025-12-22 21:04:25.522126832,P014,M,S08,Spring,Adult,East,63,No,2025,12
2025-12-22 23:15:50.179181600,P007,XL,S11,Winter,Young Adult,West,53,No,2025,12
2025-12-23 01:27:14.836236352,P024,L,S01,Winter,Teen,South,55,No,2025,12
2025-12-23 03:38:39.493291104,P008,S,S11,Summer,Adult,West,46,No,2025,12
2025-12-23 05:50:04.150345856,P001,XXL,S12,Winter,Young Adult,West,47,No,2025,12
2025-12-23 08:01:28.807400608,P024,S,S11,Summer,Senior,West,44,No,2025,12
2025-12-23 10:12:53.464455360,P022,L,S03,Summer,Young Adult,South,75,No,2025,12
2025-12-23 12:24:18.121510128,P004,L,S11,Winter,Young Adult,West,75,No,2025,12
2025-12-23 14:35:42.778564880,P029,M,S07,Autumn,Teen,East,60,No,2025,12
2025-12-23 16:47:07.435619632,P030,M,S08,Summer,Young Adult,East,66,No,2025,12
2025-12-23 18:58:32.092674384,P012,XL,S05,Spring,Young Adult,North,52,No,2025,12
2025-12-23 21:09:56.749729136,P024,M,S02,Summer,Adult,South,76,No,2025,12
2025-12-23 23:21:21.406783888,P003,L,S03,Summer,Teen,South,58,No,2025,12
2025-12-24 01:32:46.063838656,P013,L,S09,Autumn,Adult,East,58,No,2025,12
2025-12-24 03:44:10.720893408,P020,L,S11,Spring,Senior,West,46,No,2025,12
2025-12-24 05:55:35.377948160,P006,M,S10,Autumn,Young Adult,West,61,No,2025,12
2025-12-24 08:07:00.035002912,P011,M,S07,Autumn,Teen,East,63,No,2025,12
2025-12-24 10:18:24.692057664,P023,M,S01,Autumn,Senior,South,62,No,2025,12
2025-12-24 12:29:49.349112416,P004,XL,S03,Summer,Teen,South,49,Yes,2025,12
2025-12-24 14:41:14.006167184,P020,M,S09,Spring,Young Adult,East,68,No,2025,12
2025-12-24 16:52:38.663221936,P016,M,S07,Spring,Teen,East,66,No,2025,12
2025-12-24 19:04:03.320276688,P007,XL,S12,Autumn,Teen,West,42,No,2025,12
2025-12-24 21:15:27.977331440,P022,L,S02,Winter,Adult,South,69,No,2025,12
2025-12-24 23:26:52.634386192,P029,S,S06,Spring,Teen,North,45,No,2025,12
2025-12-25 01:38:17.291440944,P011,XXL,S09,Spring,Teen,East,28,No,2025,12
2025-12-25 03:49:41.948495696,P024,L,S04,Autumn,Adult,North,49,No,2025,12
2025-12-25 06:01:06.605550464,P001,M,S10,Summer,Young Adult,West,68,No,2025,12
2025-12-25 08:12:31.262605216,P026,M,S02,Autumn,Senior,South,55,No,2025,12
2025-12-25 10:23:55.919659968,P029,L,S03,Winter,Adult,South,63,No,2025,12
2025-12-25 12:35:20.576714720,P027,L,S07,Winter,Young Adult,East,60,No,2025,12
2025-12-25 14:46:45.233769472,P007,M,S04,Autumn,Young Adult,North,70,Yes,2025,12
2025-12-25 16:58:09.890824224,P012,M,S07,Winter,Senior,East,67,No,2025,12
2025-12-25 19:09:34.547878992,P007,M,S05,Summer,Young Adult,North,76,No,2025,12
2025-12-25 21:20:59.204933744,P027,L,S08,Summer,Adult,East,57,No,2025,12
2025-12-25 23:32:23.861988496,P023,M,S08,Summer,Young Adult,East,62,No,2025,12
2025-12-26 01:43:48.519043248,P007,S,S05,Winter,Senior,North,54,No,2025,12
2025-12-26 03:55:13.176098000,P010,L,S07,Summer,Senior,East,56,No,2025,12
2025-12-26 06:06:37.833152752,P030,L,S11,Autumn,Adult,West,58,No,2025,12
2025-12-26 08:18:02.490207520,P016,L,S06,Summer,Adult,North,60,No,2025,12
2025-12-26 10:29:27.147262272,P026,M,S08,Winter,Young Adult,East,61,No,2025,12
2025-12-26 12:40:51.804317024,P008,M,S09,Spring,Senior,East,61,No,2025,12
2025-12-26 14:52:16.461371776,P009,M,S05,Winter,Senior,North,59,No,2025,12
2025-12-26 17:03:41.118426528,P009,XXL,S07,Autumn,Young Adult,East,37,No,2025,12
2025-12-26 19:15:05.775481280,P002,L,S01,Autumn,Senior,South,66,No,2025,12
2025-12-26 21:26:30.432536048,P013,M,S11,Winter,Adult,West,75,Yes,2025,12
2025-12-26 23:37:55.089590800,P013,M,S08,Summer,Adult,East,70,No,2025,12
2025-12-27 01:49:19.746645552,P023,L,S03,Summer,Young Adult,South,66,No,2025,12
2025-12-27 04:00:44.403700304,P023,L,S01,Spring,Young Adult,South,60,No,2025,12
2025-12-27 06:12:09.060755056,P004,M,S06,Summer,Young Adult,North,77,No,2025,12
2025-12-27 08:23:33.717809808,P025,XL,S08,Autumn,Adult,East,47,Yes,2025,12
2025-12-27 10:34:58.374864560,P024,L,S11,Summer,Adult,West,57,No,2025,12
2025-12-27 12:46:23.031919328,P012,L,S03,Winter,Senior,South,55,No,2025,12
2025-12-27 14:57:47.688974080,P017,XL,S01,Winter,Adult,South,63,Yes,2025,12
2025-12-27 17:09:12.346028832,P002,L,S03,Spring,Young Adult,South,66,No,2025,12
2025-12-27 19:20:37.003083584,P013,L,S05,Autumn,Teen,North,48,No,2025,12
2025-12-27 21:32:01.660138336,P029,XXL,S11,Winter,Teen,West,44,No,2025,12
2025-12-27 23:43:26.317193088,P018,M,S08,Autumn,Teen,East,58,No,2025,12
2025-12-28 01:54:50.974247856,P028,M,S09,Summer,Teen,East,65,No,2025,12
2025-12-28 04:06:15.631302608,P028,XL,S12,Spring,Teen,West,49,No,2025,12
2025-12-28 06:17:40.288357360,P027,L,S09,Spring,Adult,East,59,No,2025,12
2025-12-28 08:29:04.945412112,P015,XL,S04,Summer,Young Adult,North,57,Yes,2025,12
2025-12-28 10:40:29.602466864,P008,S,S08,Winter,Young Adult,East,48,No,2025,12
2025-12-28 12:51:54.259521616,P015,L,S11,Autumn,Senior,West,46,No,2025,12
2025-12-28 15:03:18.916576384,P001,S,S05,Autumn,Young Adult,North,45,No,2025,12
2025-12-28 17:14:43.573631136,P020,L,S03,Autumn,Senior,South,57,No,2025,12
2025-12-28 19:26:08.230685888,P010,M,S05,Winter,Young Adult,North,81,No,2025,12
2025-12-28 21:37:32.887740640,P012,S,S02,Summer,Senior,South,43,No,2025,12
2025-12-28 23:48:57.544795392,P005,S,S11,Autumn,Senior,West,33,No,2025,12
2025-12-29 02:00:22.201850144,P009,L,S11,Winter,Young Adult,West,71,No,2025,12
2025-12-29 04:11:46.858904912,P023,M,S11,Autumn,Teen,West,50,No,2025,12
2025-12-29 06:23:11.515959664,P008,S,S06,Winter,Young Adult,North,49,No,2025,12
2025-12-29 08:34:36.173014416,P016,M,S01,Summer,Young Adult,South,79,No,2025,12
2025-12-29 10:46:00.830069168,P014,M,S06,Autumn,Teen,North,62,No,2025,12
2025-12-29 12:57:25.487123920,P027,XL,S05,Summer,Young Adult,North,53,No,2025,12
2025-12-29 15:08:50.144178672,P025,M,S09,Spring,Senior,East,60,No,2025,12
2025-12-29 17:20:14.801233424,P013,M,S07,Winter,Teen,East,58,No,2025,12
2025-12-29 19:31:39.458288192,P023,XL,S06,Spring,Teen,North,40,No,2025,12
2025-12-29 21:43:04.115342944,P021,L,S11,Summer,Adult,West,57,No,2025,12
2025-12-29 23:54:28.772397696,P013,L,S12,Summer,Senior,West,54,No,2025,12
2025-12-30 02:05:53.429452448,P005,L,S07,Summer,Senior,East,55,Yes,2025,12
2025-12-30 04:17:18.086507200,P016,XL,S10,Autumn,Young Adult,West,44,No,2025,12
2025-12-30 06:28:42.743561952,P026,M,S05,Autumn,Young Adult,North,59,No,2025,12
2025-12-30 08:40:07.400616720,P011,XXL,S01,Summer,Senior,South,41,No,2025,12
2025-12-30 10:51:32.057671472,P022,XL,S09,Summer,Senior,East,41,No,2025,12
2025-12-30 13:02:56.714726224,P005,L,S05,Autumn,Senior,North,41,Yes,2025,12
2025-12-30 15:14:21.371780976,P013,L,S04,Autumn,Young Adult,North,58,No,2025,12
2025-12-30 17:25:46.028835728,P028,L,S06,Winter,Senior,North,56,No,2025,12
2025-12-30 19:37:10.685890480,P011,S,S05,Summer,Senior,North,42,No,2025,12
2025-12-30 21:48:35.342945248,P025,M,S01,Autumn,Teen,South,56,No,2025,12
2025-12-31 00:00:00.000000000,P019,XXL,S02,Autumn,Senior,South,38,No,2025,12
